-- phpMyAdmin SQL Dump
-- version 4.8.3
-- https://www.phpmyadmin.net/
--
-- Host: localhost
-- Generation Time: Feb 15, 2019 at 10:44 AM
-- Server version: 5.5.60-MariaDB
-- PHP Version: 7.1.20

SET SQL_MODE = "NO_AUTO_VALUE_ON_ZERO";
SET AUTOCOMMIT = 0;
START TRANSACTION;
SET time_zone = "+00:00";


/*!40101 SET @OLD_CHARACTER_SET_CLIENT=@@CHARACTER_SET_CLIENT */;
/*!40101 SET @OLD_CHARACTER_SET_RESULTS=@@CHARACTER_SET_RESULTS */;
/*!40101 SET @OLD_COLLATION_CONNECTION=@@COLLATION_CONNECTION */;
/*!40101 SET NAMES utf8mb4 */;

--
-- Database: `ncunion_db`
--

-- --------------------------------------------------------

--
-- Table structure for table `attribute`
--

DROP TABLE IF EXISTS `attribute`;
CREATE TABLE `attribute` (
  `id` int(11) NOT NULL,
  `title` varchar(255) NOT NULL,
  `type_id` int(11) NOT NULL
) ENGINE=InnoDB DEFAULT CHARSET=utf8;

--
-- Truncate table before insert `attribute`
--

TRUNCATE TABLE `attribute`;
--
-- Dumping data for table `attribute`
--

INSERT INTO `attribute` (`id`, `title`, `type_id`) VALUES
(7, 'Площадь земли', 2),
(8, 'Выделенная мощность КВ', 3);

-- --------------------------------------------------------

--
-- Table structure for table `attribute_checkbox`
--

DROP TABLE IF EXISTS `attribute_checkbox`;
CREATE TABLE `attribute_checkbox` (
  `id` int(11) NOT NULL,
  `title` varchar(255) NOT NULL,
  `type_id` int(11) NOT NULL
) ENGINE=InnoDB DEFAULT CHARSET=utf8;

--
-- Truncate table before insert `attribute_checkbox`
--

TRUNCATE TABLE `attribute_checkbox`;
--
-- Dumping data for table `attribute_checkbox`
--

INSERT INTO `attribute_checkbox` (`id`, `title`, `type_id`) VALUES
(2, 'Прописанные квартира', 1),
(3, 'Коммуникации дом', 2),
(4, 'Коммуникации коммерция', 3),
(5, 'Коммуникации квартира', 1),
(6, 'Прописанные дом', 2);

-- --------------------------------------------------------

--
-- Table structure for table `attribute_radio`
--

DROP TABLE IF EXISTS `attribute_radio`;
CREATE TABLE `attribute_radio` (
  `id` int(11) NOT NULL,
  `title` varchar(255) NOT NULL,
  `type_id` int(11) NOT NULL
) ENGINE=InnoDB DEFAULT CHARSET=utf8;

--
-- Truncate table before insert `attribute_radio`
--

TRUNCATE TABLE `attribute_radio`;
--
-- Dumping data for table `attribute_radio`
--

INSERT INTO `attribute_radio` (`id`, `title`, `type_id`) VALUES
(2, 'Юридический статус', 3);

-- --------------------------------------------------------

--
-- Table structure for table `auth_assignment`
--

DROP TABLE IF EXISTS `auth_assignment`;
CREATE TABLE `auth_assignment` (
  `item_name` varchar(64) COLLATE utf8_unicode_ci NOT NULL,
  `user_id` varchar(64) COLLATE utf8_unicode_ci NOT NULL,
  `created_at` int(11) DEFAULT NULL
) ENGINE=InnoDB DEFAULT CHARSET=utf8 COLLATE=utf8_unicode_ci;

--
-- Truncate table before insert `auth_assignment`
--

TRUNCATE TABLE `auth_assignment`;
--
-- Dumping data for table `auth_assignment`
--

INSERT INTO `auth_assignment` (`item_name`, `user_id`, `created_at`) VALUES
('admin', '1', 1521533053),
('admin', '262', 1537774045),
('admin', '263', 1537774129),
('admin', '264', 1537774167),
('admin', '265', 1537774201),
('admin', '90', 1530706040),
('ban', '287', 1541495034),
('broker', '283', 1541056853),
('broker', '284', 1541149292),
('broker', '285', 1541154014),
('broker', '286', 1541165965),
('broker', '288', 1541578158),
('broker', '290', 1541582824),
('broker', '291', 1541666281),
('broker', '294', 1541768220),
('broker', '295', 1542095118),
('broker', '296', 1542194680),
('broker', '297', 1542196098),
('broker', '298', 1542274673),
('broker', '299', 1542358375),
('broker', '301', 1542803546),
('broker', '303', 1543308004),
('broker', '304', 1543397423),
('broker', '309', 1543848245),
('broker', '311', 1543927176),
('broker', '317', 1544452587),
('broker', '321', 1545141625),
('broker', '325', 1547113230),
('broker', '333', 1548933902),
('broker', '338', 1550154238),
('investor', '292', 1541684429),
('investor', '308', 1543848175),
('investor', '334', 1548943109),
('investor', '335', 1549537584),
('investor', '337', 1549976965),
('investor', '6', 1521722367),
('no_pay', '12', 1522667860),
('no_pay', '15', 1522668890),
('no_pay', '16', 1522927316),
('unknown', '11', 1522663954),
('unknown', '13', 1522668089),
('unknown', '14', 1522668117),
('unknown', '17', 1526024723),
('unknown', '293', 1541756213),
('unknown', '300', 1542547299),
('unknown', '302', 1542973113),
('unknown', '305', 1543500522),
('unknown', '314', 1543995758),
('unknown', '316', 1544188286),
('unknown', '318', 1544632381),
('unknown', '319', 1544868493),
('unknown', '320', 1544939083),
('unknown', '322', 1545711488),
('unknown', '323', 1545733207),
('unknown', '324', 1545744672),
('unknown', '328', 1547971035),
('unknown', '331', 1548361496),
('unknown', '7', 1522656998),
('unknown', '8', 1522657462),
('unknown', '9', 1522659522);

-- --------------------------------------------------------

--
-- Table structure for table `auth_item`
--

DROP TABLE IF EXISTS `auth_item`;
CREATE TABLE `auth_item` (
  `name` varchar(64) COLLATE utf8_unicode_ci NOT NULL,
  `type` smallint(6) NOT NULL,
  `description` text COLLATE utf8_unicode_ci,
  `rule_name` varchar(64) COLLATE utf8_unicode_ci DEFAULT NULL,
  `data` blob,
  `created_at` int(11) DEFAULT NULL,
  `updated_at` int(11) DEFAULT NULL
) ENGINE=InnoDB DEFAULT CHARSET=utf8 COLLATE=utf8_unicode_ci;

--
-- Truncate table before insert `auth_item`
--

TRUNCATE TABLE `auth_item`;
--
-- Dumping data for table `auth_item`
--

INSERT INTO `auth_item` (`name`, `type`, `description`, `rule_name`, `data`, `created_at`, `updated_at`) VALUES
('access_menu_catalog', 2, 'Доступ к меню \"Каталог\"', NULL, NULL, 1547980342, 1547980342),
('access_menu_my_objects', 2, 'Доступ к меню \"Мои объекты\"', NULL, NULL, 1547748039, 1547748039),
('access_menu_object_additional_attributes', 2, 'Доступ к меню \"Дополнительные атрибуты(Объекты)\"', NULL, NULL, 1548262043, 1548262043),
('access_menu_object_common_settings', 2, 'Доступ к меню \"Общие настройки(Объект)\"', NULL, NULL, 1548262055, 1548262055),
('access_menu_object_moderation', 2, 'Доступ к меню \"Объекты на модерации\"', NULL, NULL, 1548262070, 1548262070),
('access_menu_passport', 2, 'Доступ к меню \"Паспорт\"', NULL, NULL, 1547980417, 1547980417),
('access_moderate_users_object', 2, 'Доступ к модерации объектов пользователей', NULL, NULL, 1548262092, 1548262092),
('access_tools_panel', 2, 'Доступ к \"Панели инструментов\"', NULL, NULL, 1548133033, 1548133033),
('admin', 1, 'Администратор', NULL, NULL, 1521528895, 1549292187),
('admin_menu_object_subscriptions', 2, 'Доступ к меню \"Отзывы на объекты\"', NULL, NULL, 1544029010, 1544029010),
('admin_menu_rbac_permission', 2, 'Доступ к меню \"Расшифровка доступов\"', NULL, NULL, 1521810221, 1521810221),
('admin_menu_rbac_roles', 2, 'Доступ к меню \"Роли пользователей\"', NULL, NULL, 1521808341, 1521808341),
('admin_menu_rbac_users', 2, 'Доступ к меню \"Пользователи\"', NULL, NULL, 1521808346, 1521808346),
('ban', 1, 'Бан', NULL, NULL, 1521528895, 1521712526),
('broker', 1, 'Брокер', NULL, NULL, 1541053174, 1548262272),
('btn_give_investor', 2, 'Кнопка \"Отдать инвестору\"', NULL, NULL, 1526901636, 1526901636),
('can_check_finish_object', 2, 'Доступ к меню \"Завершённые объекты\"', NULL, NULL, 1527605021, 1527605021),
('can_create_object', 2, 'Доступ к меню \"Объекты\"', NULL, NULL, 1524061669, 1524061669),
('can_edit_object', 2, 'Доступ к редактированию объекта', NULL, NULL, 1548262198, 1548262198),
('can_module_tariff', 2, 'Доступ к меню \"Тариф\"', NULL, NULL, 1524584173, 1524584173),
('can_some_tools', 2, 'Доступ Some tools', NULL, NULL, 1531318254, 1531318254),
('can_view_investor_info', 2, 'Доступ к просмотру информации об инвесторе', NULL, NULL, 1549292170, 1549292170),
('canAdmin', 2, 'Доступ в админку', NULL, NULL, 1521531130, 1521531130),
('create', 2, 'Доступ на создание', NULL, NULL, 1529941635, 1529941635),
('delete', 2, 'Доступ на удаление', NULL, NULL, 1529941655, 1529941655),
('info_site', 2, 'Доступ к меню \"Общая информация\"', NULL, NULL, 1523343776, 1523343776),
('investor', 1, 'Инвестор', NULL, NULL, 1547980280, 1547980501),
('manager', 1, 'Менеджер', NULL, NULL, 1521528895, 1523002987),
('no_pay', 1, 'Подписка закончилась', NULL, NULL, 1521528895, 1521712003),
('set_object_broker', 2, 'Назначить брокера для объекта', NULL, NULL, 1541054607, 1541054607),
('settings_add_email_push', 2, 'Доступ к меню \"Почтовые уведомления\"', NULL, NULL, 1524056731, 1524056731),
('unknown', 1, 'Неизвестный', NULL, NULL, 1521528895, 1522940652),
('update', 2, 'Доступ на изменение', NULL, NULL, 1529941648, 1529941648),
('user', 1, 'Пользователь', NULL, NULL, 1521528895, 1547980315),
('users_clients', 2, 'Доступ к меню \"Клиенты\"', NULL, NULL, 1523005679, 1523005679),
('users_moder', 2, 'Доступ к меню \"Ожидание модерации\"', NULL, NULL, 1523005729, 1523005729),
('widgetAdminPanel', 2, 'Виджет админ панели', NULL, NULL, 1521807709, 1521807709);

-- --------------------------------------------------------

--
-- Table structure for table `auth_item_child`
--

DROP TABLE IF EXISTS `auth_item_child`;
CREATE TABLE `auth_item_child` (
  `parent` varchar(64) COLLATE utf8_unicode_ci NOT NULL,
  `child` varchar(64) COLLATE utf8_unicode_ci NOT NULL
) ENGINE=InnoDB DEFAULT CHARSET=utf8 COLLATE=utf8_unicode_ci;

--
-- Truncate table before insert `auth_item_child`
--

TRUNCATE TABLE `auth_item_child`;
--
-- Dumping data for table `auth_item_child`
--

INSERT INTO `auth_item_child` (`parent`, `child`) VALUES
('admin', 'access_menu_catalog'),
('admin', 'access_menu_my_objects'),
('admin', 'access_menu_object_additional_attributes'),
('admin', 'access_menu_object_common_settings'),
('admin', 'access_menu_object_moderation'),
('admin', 'access_menu_passport'),
('admin', 'access_moderate_users_object'),
('admin', 'access_tools_panel'),
('admin', 'admin_menu_object_subscriptions'),
('admin', 'admin_menu_rbac_permission'),
('admin', 'admin_menu_rbac_roles'),
('admin', 'admin_menu_rbac_users'),
('admin', 'btn_give_investor'),
('admin', 'can_check_finish_object'),
('admin', 'can_create_object'),
('admin', 'can_edit_object'),
('admin', 'can_module_tariff'),
('admin', 'can_some_tools'),
('admin', 'can_view_investor_info'),
('admin', 'canAdmin'),
('admin', 'create'),
('admin', 'delete'),
('admin', 'info_site'),
('admin', 'set_object_broker'),
('admin', 'settings_add_email_push'),
('admin', 'update'),
('admin', 'users_clients'),
('admin', 'users_moder'),
('admin', 'widgetAdminPanel'),
('broker', 'access_menu_catalog'),
('broker', 'access_menu_object_moderation'),
('broker', 'access_tools_panel'),
('broker', 'admin_menu_object_subscriptions'),
('broker', 'can_create_object'),
('broker', 'can_edit_object'),
('broker', 'canAdmin'),
('investor', 'access_menu_catalog'),
('investor', 'access_menu_my_objects'),
('investor', 'access_menu_passport'),
('investor', 'can_create_object'),
('manager', 'admin_menu_rbac_permission'),
('manager', 'canAdmin'),
('manager', 'widgetAdminPanel');

-- --------------------------------------------------------

--
-- Table structure for table `auth_rule`
--

DROP TABLE IF EXISTS `auth_rule`;
CREATE TABLE `auth_rule` (
  `name` varchar(64) COLLATE utf8_unicode_ci NOT NULL,
  `data` blob,
  `created_at` int(11) DEFAULT NULL,
  `updated_at` int(11) DEFAULT NULL
) ENGINE=InnoDB DEFAULT CHARSET=utf8 COLLATE=utf8_unicode_ci;

--
-- Truncate table before insert `auth_rule`
--

TRUNCATE TABLE `auth_rule`;
-- --------------------------------------------------------

--
-- Table structure for table `city`
--

DROP TABLE IF EXISTS `city`;
CREATE TABLE `city` (
  `id` int(11) NOT NULL,
  `name` char(50) NOT NULL,
  `region_id` char(50) DEFAULT NULL,
  `mkad` tinyint(1) DEFAULT '0'
) ENGINE=InnoDB DEFAULT CHARSET=utf8mb4;

--
-- Truncate table before insert `city`
--

TRUNCATE TABLE `city`;
--
-- Dumping data for table `city`
--

INSERT INTO `city` (`id`, `name`, `region_id`, `mkad`) VALUES
(1, 'Москва', '1', 0),
(2, 'Абрамцево', '1', 1),
(3, 'Алабино', '1', 1),
(4, 'Апрелевка', '1', 1),
(5, 'Архангельское', '1', 1),
(6, 'Ашитково', '1', 1),
(7, 'Байконур', '1', 1),
(8, 'Бакшеево', '1', 1),
(9, 'Балашиха', '1', 1),
(10, 'Барыбино', '1', 1),
(11, 'Белозёрский', '1', 1),
(12, 'Белоомут', '1', 1),
(13, 'Белые Столбы', '1', 1),
(14, 'Бородино', '1', 1),
(15, 'Бронницы', '1', 1),
(16, 'Быково', '1', 1),
(17, 'Валуево', '1', 1),
(18, 'Вербилки', '1', 1),
(19, 'Верея', '1', 1),
(20, 'Видное', '1', 1),
(21, 'Внуково', '1', 1),
(22, 'Вождь Пролетариата', '1', 1),
(23, 'Волоколамск', '1', 1),
(24, 'Вороново', '1', 1),
(25, 'Воскресенск', '1', 1),
(26, 'Восточный', '1', 1),
(27, 'Востряково', '1', 1),
(28, 'Высоковск', '1', 1),
(29, 'Голицыно', '1', 1),
(30, 'Деденево', '1', 1),
(31, 'Дедовск', '1', 1),
(32, 'Дзержинский', '1', 1),
(33, 'Дмитров', '1', 1),
(34, 'Долгопрудный', '1', 1),
(35, 'Домодедово', '1', 1),
(36, 'Дорохово', '1', 1),
(37, 'Дрезна', '1', 1),
(38, 'Дубки', '1', 1),
(39, 'Дубна', '1', 1),
(40, 'Егорьевск', '1', 1),
(41, 'Железнодорожный', '1', 1),
(42, 'Жилево', '1', 1),
(43, 'Жуковка', '1', 1),
(44, 'Жуковский', '1', 1),
(45, 'Загорск', '1', 1),
(46, 'Загорянский', '1', 1),
(47, 'Запрудная', '1', 1),
(48, 'Зарайск', '1', 1),
(49, 'Звенигород', '1', 1),
(50, 'Зеленоград', '1', 1),
(51, 'Ивантеевка', '1', 1),
(52, 'Икша', '1', 1),
(53, 'Ильинский', '1', 1),
(54, 'Истра', '1', 1),
(55, 'Калининец', '1', 1),
(56, 'Кашира', '1', 1),
(57, 'Керва', '1', 1),
(58, 'Климовск', '1', 1),
(59, 'Клин', '1', 1),
(60, 'Клязьма', '1', 1),
(61, 'Кожино', '1', 1),
(62, 'Кокошкино', '1', 1),
(63, 'Коломна', '1', 1),
(64, 'Колюбакино', '1', 1),
(65, 'Королев', '1', 1),
(66, 'Косино', '1', 1),
(67, 'Котельники', '1', 1),
(68, 'Красково', '1', 1),
(69, 'Красноармейск', '1', 1),
(70, 'Красногорск', '1', 1),
(71, 'Краснозаводск', '1', 1),
(72, 'Краснознаменск', '1', 1),
(73, 'Красный Ткач', '1', 1),
(74, 'Крюково', '1', 1),
(75, 'Кубинка', '1', 1),
(76, 'Купавна', '1', 1),
(77, 'Куровское', '1', 1),
(78, 'Лесной Городок', '1', 1),
(79, 'Ликино-Дулево', '1', 1),
(80, 'Лобня', '1', 1),
(81, 'Лопатинский', '1', 1),
(82, 'Лосино-Петровский', '1', 1),
(83, 'Лотошино', '1', 1),
(84, 'Лукино', '1', 1),
(85, 'Луховицы', '1', 1),
(86, 'Лыткарино', '1', 1),
(87, 'Львовский', '1', 1),
(88, 'Люберцы', '1', 1),
(89, 'Малаховка', '1', 1),
(90, 'Михайловское', '1', 1),
(91, 'Михнево', '1', 1),
(92, 'Можайск', '1', 1),
(93, 'Монино', '1', 1),
(94, 'Московский', '1', 1),
(95, 'Муханово', '1', 1),
(96, 'Мытищи', '1', 1),
(97, 'Нарофоминск', '1', 1),
(98, 'Нахабино', '1', 1),
(99, 'Некрасовка', '1', 1),
(100, 'Немчиновка', '1', 1),
(101, 'Новобратцевский', '1', 1),
(102, 'Новоподрезково', '1', 1),
(103, 'Ногинск', '1', 1),
(104, 'Обухово', '1', 1),
(105, 'Одинцово', '1', 1),
(106, 'Ожерелье', '1', 1),
(107, 'Озеры', '1', 1),
(108, 'Октябрьский', '1', 1),
(109, 'Опалиха', '1', 1),
(110, 'Орехово-Зуево', '1', 1),
(111, 'Павловский Посад', '1', 1),
(112, 'Первомайский', '1', 1),
(113, 'Пески', '1', 1),
(114, 'Пироговский', '1', 1),
(115, 'Подольск', '1', 1),
(116, 'Полушкино', '1', 1),
(117, 'Правдинский', '1', 1),
(118, 'Привокзальный', '1', 1),
(119, 'Пролетарский', '1', 1),
(120, 'Протвино', '1', 1),
(121, 'Пушкино', '1', 1),
(122, 'Пущино', '1', 1),
(123, 'Раменское', '1', 1),
(124, 'Реутов', '1', 1),
(125, 'Решетниково', '1', 1),
(126, 'Родники', '1', 1),
(127, 'Рошаль', '1', 1),
(128, 'Рублево', '1', 1),
(129, 'Руза', '1', 1),
(130, 'Салтыковка', '1', 1),
(131, 'Северный', '1', 1),
(132, 'Сергиев Посад', '1', 1),
(133, 'Серебряные Пруды', '1', 1),
(134, 'Серпухов', '1', 1),
(135, 'Солнечногорск', '1', 1),
(136, 'Солнцево', '1', 1),
(137, 'Софрино', '1', 1),
(138, 'Старая Купавна', '1', 1),
(139, 'Старбеево', '1', 1),
(140, 'Ступино', '1', 1),
(141, 'Сходня', '1', 1),
(142, 'Талдом', '1', 1),
(143, 'Текстильщик', '1', 1),
(144, 'Темпы', '1', 1),
(145, 'Томилино', '1', 1),
(146, 'Троицк', '1', 1),
(147, 'Туголесский Бор', '1', 1),
(148, 'Тучково', '1', 1),
(149, 'Уваровка', '1', 1),
(150, 'Удельная', '1', 1),
(151, 'Успенское', '1', 1),
(152, 'Фирсановка', '1', 1),
(153, 'Фрязино', '1', 1),
(154, 'Фряново', '1', 1),
(155, 'Химки', '1', 1),
(156, 'Хотьково', '1', 1),
(157, 'Черкизово', '1', 1),
(158, 'Черноголовка', '1', 1),
(159, 'Черусти', '1', 1),
(160, 'Чехов', '1', 1),
(161, 'Шарапово', '1', 1),
(162, 'Шатура', '1', 1),
(163, 'Шатурторф', '1', 1),
(164, 'Шаховская', '1', 1),
(165, 'Шереметьевский', '1', 1),
(166, 'Щелково', '1', 1),
(167, 'Щербинка', '1', 1),
(168, 'Электрогорск', '1', 1),
(169, 'Электросталь', '1', 1),
(170, 'Электроугли', '1', 1),
(171, 'Юбилейный', '1', 1),
(172, 'Яхрома', '1', 1),
(173, 'Санкт-Петербург', '2', 0),
(174, 'Александровская', '2', 0),
(175, 'Бокситогорск', '2', 0),
(176, 'Большая Ижора', '2', 0),
(177, 'Будогощь', '2', 0),
(178, 'Вознесенье', '2', 0),
(179, 'Волосово', '2', 0),
(180, 'Волхов', '2', 0),
(181, 'Всеволожск', '2', 0),
(182, 'Выборг', '2', 0),
(183, 'Вырица', '2', 0),
(184, 'Высоцк', '2', 0),
(185, 'Гатчина', '2', 0),
(186, 'Дружная Горка', '2', 0),
(187, 'Дубровка', '2', 0),
(188, 'Ефимовский', '2', 0),
(189, 'Зеленогорск', '2', 0),
(190, 'Ивангород', '2', 0),
(191, 'Каменногорск', '2', 0),
(192, 'Кикерино', '2', 0),
(193, 'Кингисепп', '2', 0),
(194, 'Кириши', '2', 0),
(195, 'Кировск', '2', 0),
(196, 'Кобринское', '2', 0),
(197, 'Колпино', '2', 0),
(198, 'Коммунар', '2', 0),
(199, 'Кронштадт', '2', 0),
(200, 'Лисий Нос', '2', 0),
(201, 'Лодейное Поле', '2', 0),
(202, 'Ломоносов', '2', 0),
(203, 'Луга', '2', 0),
(204, 'Павловск', '2', 0),
(205, 'Парголово', '2', 0),
(206, 'Петродворец', '2', 0),
(207, 'Пикалёво', '2', 0),
(208, 'Подпорожье', '2', 0),
(209, 'Приозерск', '2', 0),
(210, 'Пушкин', '2', 0),
(211, 'Светогорск', '2', 0),
(212, 'Сертолово', '2', 0),
(213, 'Сестрорецк', '2', 0),
(214, 'Сланцы', '2', 0),
(215, 'Сосновый Бор', '2', 0),
(216, 'Тихвин', '2', 0),
(217, 'Тосно', '2', 0),
(218, 'Шлиссельбург', '2', 0),
(219, 'Адыгейск', '3', 0),
(220, 'Майкоп', '3', 0),
(221, 'Акташ', '4', 0),
(222, 'Акутиха', '4', 0),
(223, 'Алейск', '4', 0),
(224, 'Алтайский', '4', 0),
(225, 'Баево', '4', 0),
(226, 'Барнаул', '4', 0),
(227, 'Белово', '4', 0),
(228, 'Белокуриха', '4', 0),
(229, 'Белоярск', '4', 0),
(230, 'Бийск', '4', 0),
(231, 'Благовещенск', '4', 0),
(232, 'Боровлянка', '4', 0),
(233, 'Бурла', '4', 0),
(234, 'Бурсоль', '4', 0),
(235, 'Быстрый Исток', '4', 0),
(236, 'Волчиха', '4', 0),
(237, 'Горно-Алтайск', '4', 0),
(238, 'Горняк', '4', 0),
(239, 'Ельцовка', '4', 0),
(240, 'Залесово', '4', 0),
(241, 'Заринск', '4', 0),
(242, 'Заток', '4', 0),
(243, 'Змеиногорск', '4', 0),
(244, 'Камень-на-Оби', '4', 0),
(245, 'Ключи', '4', 0),
(246, 'Кош-Агач', '4', 0),
(247, 'Красногорское', '4', 0),
(248, 'Краснощеково', '4', 0),
(249, 'Кулунда', '4', 0),
(250, 'Кытманово', '4', 0),
(251, 'Мамонтово', '4', 0),
(252, 'Новичиха', '4', 0),
(253, 'Новоалтайск', '4', 0),
(254, 'Онгудай', '4', 0),
(255, 'Петропавловское', '4', 0),
(256, 'Поспелиха', '4', 0),
(257, 'Ребриха', '4', 0),
(258, 'Родино', '4', 0),
(259, 'Рубцовск', '4', 0),
(260, 'Славгород', '4', 0),
(261, 'Смоленское', '4', 0),
(262, 'Солонешное', '4', 0),
(263, 'Солтон', '4', 0),
(264, 'Староаллейское', '4', 0),
(265, 'Табуны', '4', 0),
(266, 'Тальменка', '4', 0),
(267, 'Тогул', '4', 0),
(268, 'Топчиха', '4', 0),
(269, 'Троицкое', '4', 0),
(270, 'Турочак', '4', 0),
(271, 'Тюменцево', '4', 0),
(272, 'Угловское', '4', 0),
(273, 'Усть-Калманка', '4', 0),
(274, 'Усть-Кан', '4', 0),
(275, 'Усть-Кокса', '4', 0),
(276, 'Усть-Улаган', '4', 0),
(277, 'Усть-Чарышская Пристань', '4', 0),
(278, 'Хабары', '4', 0),
(279, 'Целинное', '4', 0),
(280, 'Чарышское', '4', 0),
(281, 'Шебалино', '4', 0),
(282, 'Шелаболиха', '4', 0),
(283, 'Шипуново', '4', 0),
(284, 'Айгунь', '5', 0),
(285, 'Архара', '5', 0),
(286, 'Белогорск', '5', 0),
(287, 'Бурея', '5', 0),
(288, 'Возжаевка', '5', 0),
(289, 'Екатеринославка', '5', 0),
(290, 'Ерофей Павлович', '5', 0),
(291, 'Завитинск', '5', 0),
(292, 'Зея', '5', 0),
(293, 'Златоустовск', '5', 0),
(294, 'Ивановка', '5', 0),
(295, 'Коболдо', '5', 0),
(296, 'Магдагачи', '5', 0),
(297, 'Новобурейский', '5', 0),
(298, 'Поярково', '5', 0),
(299, 'Райчихинск', '5', 0),
(300, 'Ромны', '5', 0),
(301, 'Свободный', '5', 0),
(302, 'Серышево', '5', 0),
(303, 'Сковородино', '5', 0),
(304, 'Стойба', '5', 0),
(305, 'Тамбовка', '5', 0),
(306, 'Тында', '5', 0),
(307, 'Февральск', '5', 0),
(308, 'Шимановск', '5', 0),
(309, 'Экимчан', '5', 0),
(310, 'Ядрино', '5', 0),
(311, 'Амдерма', '6', 0),
(312, 'Архангельск', '6', 0),
(313, 'Березник', '6', 0),
(314, 'Вельск', '6', 0),
(315, 'Верхняя Тойма', '6', 0),
(316, 'Волошка', '6', 0),
(317, 'Вычегодский', '6', 0),
(318, 'Емца', '6', 0),
(319, 'Илеза', '6', 0),
(320, 'Ильинско-Подомское', '6', 0),
(321, 'Каргополь', '6', 0),
(322, 'Карпогоры', '6', 0),
(323, 'Кодино', '6', 0),
(324, 'Коноша', '6', 0),
(325, 'Коряжма', '6', 0),
(326, 'Котлас', '6', 0),
(327, 'Красноборск', '6', 0),
(328, 'Лешуконское', '6', 0),
(329, 'Мезень', '6', 0),
(330, 'Мирный', '6', 0),
(331, 'Нарьян-Мар', '6', 0),
(332, 'Новодвинск', '6', 0),
(333, 'Няндома', '6', 0),
(334, 'Онега', '6', 0),
(335, 'Пинега', '6', 0),
(336, 'Плесецк', '6', 0),
(337, 'Савинск', '6', 0),
(338, 'Северодвинск', '6', 0),
(339, 'Сольвычегодск', '6', 0),
(340, 'Холмогоры', '6', 0),
(341, 'Шенкурск', '6', 0),
(342, 'Яренск', '6', 0),
(343, 'Астрахань', '7', 0),
(344, 'Ахтубинск', '7', 0),
(345, 'Верхний Баскунчак', '7', 0),
(346, 'Володарский', '7', 0),
(347, 'Енотаевка', '7', 0),
(348, 'Икряное', '7', 0),
(349, 'Камызяк', '7', 0),
(350, 'Капустин Яр', '7', 0),
(351, 'Красный Яр', '7', 0),
(352, 'Лиман', '7', 0),
(353, 'Началово', '7', 0),
(354, 'Харабали', '7', 0),
(355, 'Черный Яр', '7', 0),
(356, 'Агидель', '8', 0),
(357, 'Аксаково', '8', 0),
(358, 'Амзя', '8', 0),
(359, 'Архангелькое', '8', 0),
(360, 'Аскарово', '8', 0),
(361, 'Аскино', '8', 0),
(362, 'Баймак', '8', 0),
(363, 'Бакалы', '8', 0),
(364, 'Белебей', '8', 0),
(365, 'Белорецк', '8', 0),
(366, 'Бижбуляк', '8', 0),
(367, 'Бирск', '8', 0),
(368, 'Большеустьикинское', '8', 0),
(369, 'Бураево', '8', 0),
(370, 'Верхнеяркеево', '8', 0),
(371, 'Верхние Киги', '8', 0),
(372, 'Верхние Татышлы', '8', 0),
(373, 'Верхний Авзян', '8', 0),
(374, 'Давлеканово', '8', 0),
(375, 'Дуван', '8', 0),
(376, 'Дюртюли', '8', 0),
(377, 'Ермекеево', '8', 0),
(378, 'Ермолаево', '8', 0),
(379, 'Зилаир', '8', 0),
(380, 'Зирган', '8', 0),
(381, 'Иглино', '8', 0),
(382, 'Инзер', '8', 0),
(383, 'Исянгулово', '8', 0),
(384, 'Ишимбай', '8', 0),
(385, 'Калтасы', '8', 0),
(386, 'Кананикольское', '8', 0),
(387, 'Кандры', '8', 0),
(388, 'Караидель', '8', 0),
(389, 'Караидельский', '8', 0),
(390, 'Киргиз-Мияки', '8', 0),
(391, 'Красноусольский', '8', 0),
(392, 'Кумертау', '8', 0),
(393, 'Кушнаренково', '8', 0),
(394, 'Малояз', '8', 0),
(395, 'Межгорье', '8', 0),
(396, 'Мелеуз', '8', 0),
(397, 'Месягутово', '8', 0),
(398, 'Мраково', '8', 0),
(399, 'Нефтекамск', '8', 0),
(400, 'Приютово', '8', 0),
(401, 'Раевский', '8', 0),
(402, 'Салават', '8', 0),
(403, 'Сибай', '8', 0),
(404, 'Старобалтачево', '8', 0),
(405, 'Старосубхангулово', '8', 0),
(406, 'Стерлибашево', '8', 0),
(407, 'Стерлитамак', '8', 0),
(408, 'Туймазы', '8', 0),
(409, 'Уфа', '8', 0),
(410, 'Учалы', '8', 0),
(411, 'Федоровка', '8', 0),
(412, 'Чекмагуш', '8', 0),
(413, 'Чишмы', '8', 0),
(414, 'Шаран', '8', 0),
(415, 'Янаул', '8', 0),
(416, 'Алексеевка', '9', 0),
(417, 'Белгород', '9', 0),
(418, 'Борисовка', '9', 0),
(419, 'Валуйки', '9', 0),
(420, 'Вейделевка', '9', 0),
(421, 'Волоконовка', '9', 0),
(422, 'Грайворон', '9', 0),
(423, 'Губкин', '9', 0),
(424, 'Ивня', '9', 0),
(425, 'Короча', '9', 0),
(426, 'Красногвардейское', '9', 0),
(427, 'Новый Оскол', '9', 0),
(428, 'Ракитное', '9', 0),
(429, 'Ровеньки', '9', 0),
(430, 'Старый Оскол', '9', 0),
(431, 'Строитель', '9', 0),
(432, 'Чернянка', '9', 0),
(433, 'Шебекино', '9', 0),
(434, 'Алтухово', '10', 0),
(435, 'Белая Березка', '10', 0),
(436, 'Белые Берега', '10', 0),
(437, 'Большое Полпино', '10', 0),
(438, 'Брянск', '10', 0),
(439, 'Бытошь', '10', 0),
(440, 'Выгоничи', '10', 0),
(441, 'Вышков', '10', 0),
(442, 'Гордеевка', '10', 0),
(443, 'Дятьково', '10', 0),
(444, 'Жирятино', '10', 0),
(445, 'Злынка', '10', 0),
(446, 'Ивот', '10', 0),
(447, 'Карачев', '10', 0),
(448, 'Клетня', '10', 0),
(449, 'Климово', '10', 0),
(450, 'Клинцы', '10', 0),
(451, 'Кокаревка', '10', 0),
(452, 'Комаричи', '10', 0),
(453, 'Красная Гора', '10', 0),
(454, 'Локоть', '10', 0),
(455, 'Мглин', '10', 0),
(456, 'Навля', '10', 0),
(457, 'Новозыбков', '10', 0),
(458, 'Погар', '10', 0),
(459, 'Почеп', '10', 0),
(460, 'Ржаница', '10', 0),
(461, 'Рогнедино', '10', 0),
(462, 'Севск', '10', 0),
(463, 'Стародуб', '10', 0),
(464, 'Суземка', '10', 0),
(465, 'Сураж', '10', 0),
(466, 'Трубчевск', '10', 0),
(467, 'Унеча', '10', 0),
(468, 'Бабушкин', '11', 0),
(469, 'Багдарин', '11', 0),
(470, 'Баргузин', '11', 0),
(471, 'Баянгол', '11', 0),
(472, 'Бичура', '11', 0),
(473, 'Выдрино', '11', 0),
(474, 'Гусиное Озеро', '11', 0),
(475, 'Гусиноозерск', '11', 0),
(476, 'Заиграево', '11', 0),
(477, 'Закаменск', '11', 0),
(478, 'Иволгинск', '11', 0),
(479, 'Илька', '11', 0),
(480, 'Кабанск', '11', 0),
(481, 'Каменск', '11', 0),
(482, 'Кижинга', '11', 0),
(483, 'Курумкан', '11', 0),
(484, 'Кырен', '11', 0),
(485, 'Кяхта', '11', 0),
(486, 'Монды', '11', 0),
(487, 'Мухоршибирь', '11', 0),
(488, 'Нижнеангарск', '11', 0),
(489, 'Орлик', '11', 0),
(490, 'Петропавловка', '11', 0),
(491, 'Романовка', '11', 0),
(492, 'Северобайкальск', '11', 0),
(493, 'Селенгинск', '11', 0),
(494, 'Сосново-Озерское', '11', 0),
(495, 'Таксимо', '11', 0),
(496, 'Турунтаево', '11', 0),
(497, 'Улан-Удэ', '11', 0),
(498, 'Хоринск', '11', 0),
(499, 'Александров', '12', 0),
(500, 'Андреево', '12', 0),
(501, 'Анопино', '12', 0),
(502, 'Бавлены', '12', 0),
(503, 'Балакирево', '12', 0),
(504, 'Боголюбово', '12', 0),
(505, 'Великодворский', '12', 0),
(506, 'Вербовский', '12', 0),
(507, 'Владимир', '12', 0),
(508, 'Вязники', '12', 0),
(509, 'Городищи', '12', 0),
(510, 'Гороховец', '12', 0),
(511, 'Гусевский', '12', 0),
(512, 'Гусь Хрустальный', '12', 0),
(513, 'Гусь-Хрустальный', '12', 0),
(514, 'Золотково', '12', 0),
(515, 'Иванищи', '12', 0),
(516, 'Камешково', '12', 0),
(517, 'Карабаново', '12', 0),
(518, 'Киржач', '12', 0),
(519, 'Ковров', '12', 0),
(520, 'Кольчугино', '12', 0),
(521, 'Красная Горбатка', '12', 0),
(522, 'Лакинск', '12', 0),
(523, 'Меленки', '12', 0),
(524, 'Муром', '12', 0),
(525, 'Петушки', '12', 0),
(526, 'Покров', '12', 0),
(527, 'Радужный', '12', 0),
(528, 'Собинка', '12', 0),
(529, 'Судогда', '12', 0),
(530, 'Суздаль', '12', 0),
(531, 'Юрьев-Польский', '12', 0),
(532, 'Азовское', '13', 0),
(533, 'Алупка', '13', 0),
(534, 'Алушта', '13', 0),
(535, 'Армянск', '13', 0),
(536, 'Багерово', '13', 0),
(537, 'Балаклава', '13', 0),
(538, 'Бахчисарай', '13', 0),
(539, 'Гаспра', '13', 0),
(540, 'Гвардейское', '13', 0),
(541, 'Гурзуф', '13', 0),
(542, 'Джанкой', '13', 0),
(543, 'Евпатория', '13', 0),
(544, 'Зуя', '13', 0),
(545, 'Керчь', '13', 0),
(546, 'Кировское', '13', 0),
(547, 'Коктебель', '13', 0),
(548, 'Красноперекопск', '13', 0),
(549, 'Ленино', '13', 0),
(550, 'Массандра', '13', 0),
(551, 'Нижнегорский', '13', 0),
(552, 'Первомайское', '13', 0),
(553, 'Раздольное', '13', 0),
(554, 'Саки', '13', 0),
(555, 'Севастополь', '13', 0),
(556, 'Симеиз', '13', 0),
(557, 'Симферополь', '13', 0),
(558, 'Советский', '13', 0),
(559, 'Судак', '13', 0),
(560, 'Феодосия', '13', 0),
(561, 'Форос', '13', 0),
(562, 'Черноморское', '13', 0),
(563, 'Щёлкино', '13', 0),
(564, 'Ялта', '13', 0),
(565, 'Алексеевская', '14', 0),
(566, 'Алущевск', '14', 0),
(567, 'Волгоград', '14', 0),
(568, 'Волжский', '14', 0),
(569, 'Городище', '14', 0),
(570, 'Дубовка', '14', 0),
(571, 'Елань', '14', 0),
(572, 'Жирновск', '14', 0),
(573, 'Иловля', '14', 0),
(574, 'Калач-на-Дону', '14', 0),
(575, 'Камышин', '14', 0),
(576, 'Кириллов', '14', 0),
(577, 'Клетский', '14', 0),
(578, 'Котельниково', '14', 0),
(579, 'Котово', '14', 0),
(580, 'Кумылженская', '14', 0),
(581, 'Ленинск', '14', 0),
(582, 'Михайловка', '14', 0),
(583, 'Нехаевский', '14', 0),
(584, 'Николаевск', '14', 0),
(585, 'Новоаннинский', '14', 0),
(586, 'Новониколаевский', '14', 0),
(587, 'Ольховка', '14', 0),
(588, 'Палласовка', '14', 0),
(589, 'Рудня', '14', 0),
(590, 'Светлый Яр', '14', 0),
(591, 'Серафимович', '14', 0),
(592, 'Средняя Ахтуба', '14', 0),
(593, 'Сталинград', '14', 0),
(594, 'Старая Полтавка', '14', 0),
(595, 'Суровикино', '14', 0),
(596, 'Урюпинск', '14', 0),
(597, 'Фролово', '14', 0),
(598, 'Чернышковский', '14', 0),
(599, 'Бабаево', '15', 0),
(600, 'Белозерск', '15', 0),
(601, 'Великий Устюг', '15', 0),
(602, 'Верховажье', '15', 0),
(603, 'Вожега', '15', 0),
(604, 'Вологда', '15', 0),
(605, 'Вохтога', '15', 0),
(606, 'Вытегра', '15', 0),
(607, 'Грязовец', '15', 0),
(608, 'Кадников', '15', 0),
(609, 'Кадуй', '15', 0),
(610, 'Кичменгский Городок', '15', 0),
(611, 'Липин Бор', '15', 0),
(612, 'Никольск', '15', 0),
(613, 'Нюксеница', '15', 0),
(614, 'Сокол', '15', 0),
(615, 'Сямжа', '15', 0),
(616, 'Тарногский Городок', '15', 0),
(617, 'Тотьма', '15', 0),
(618, 'Устюжна', '15', 0),
(619, 'Харовск', '15', 0),
(620, 'Чагода', '15', 0),
(621, 'Череповец', '15', 0),
(622, 'Шексна', '15', 0),
(623, 'Шуйское', '15', 0),
(624, 'Калач', '16', 0),
(625, 'Анна', '16', 0),
(626, 'Бобров', '16', 0),
(627, 'Богучар', '16', 0),
(628, 'Борисоглебск', '16', 0),
(629, 'Бутурлиновка', '16', 0),
(630, 'Верхний Мамон', '16', 0),
(631, 'Верхняя Хава', '16', 0),
(632, 'Воробьевка', '16', 0),
(633, 'Воронеж', '16', 0),
(634, 'Грибановский', '16', 0),
(635, 'Давыдовка', '16', 0),
(636, 'Елань-Коленовский', '16', 0),
(637, 'Кантемировка', '16', 0),
(638, 'Лиски', '16', 0),
(639, 'Нижнедевицк', '16', 0),
(640, 'Новая Усмань', '16', 0),
(641, 'Нововоронеж', '16', 0),
(642, 'Новохоперск', '16', 0),
(643, 'Ольховатка', '16', 0),
(644, 'Острогожск', '16', 0),
(645, 'Панино', '16', 0),
(646, 'Поворино', '16', 0),
(647, 'Подгоренский', '16', 0),
(648, 'Рамонь', '16', 0),
(649, 'Репьевка', '16', 0),
(650, 'Россошь', '16', 0),
(651, 'Семилуки', '16', 0),
(652, 'Таловая', '16', 0),
(653, 'Терновка', '16', 0),
(654, 'Хохольский', '16', 0),
(655, 'Эртиль', '16', 0),
(656, 'Агвали', '17', 0),
(657, 'Акуша', '17', 0),
(658, 'Ахты', '17', 0),
(659, 'Ачису', '17', 0),
(660, 'Бабаюрт', '17', 0),
(661, 'Бежта', '17', 0),
(662, 'Ботлих', '17', 0),
(663, 'Буйнакск', '17', 0),
(664, 'Вачи', '17', 0),
(665, 'Гергебиль', '17', 0),
(666, 'Гуниб', '17', 0),
(667, 'Дагестанские Огни', '17', 0),
(668, 'Дербент', '17', 0),
(669, 'Дылым', '17', 0),
(670, 'Ершовка', '17', 0),
(671, 'Избербаш', '17', 0),
(672, 'Карабудахкент', '17', 0),
(673, 'Карата', '17', 0),
(674, 'Каспийск', '17', 0),
(675, 'Касумкент', '17', 0),
(676, 'Кизилюрт', '17', 0),
(677, 'Кизляр', '17', 0),
(678, 'Кочубей', '17', 0),
(679, 'Кумух', '17', 0),
(680, 'Курах', '17', 0),
(681, 'Магарамкент', '17', 0),
(682, 'Маджалис', '17', 0),
(683, 'Махачкала', '17', 0),
(684, 'Мехельта', '17', 0),
(685, 'Новолакское', '17', 0),
(686, 'Рутул', '17', 0),
(687, 'Советское', '17', 0),
(688, 'Тарумовка', '17', 0),
(689, 'Терекли-Мектеб', '17', 0),
(690, 'Тлярата', '17', 0),
(691, 'Тпиг', '17', 0),
(692, 'Унцукуль', '17', 0),
(693, 'Уркарах', '17', 0),
(694, 'Хасавюрт', '17', 0),
(695, 'Хив', '17', 0),
(696, 'Хунзах', '17', 0),
(697, 'Цуриб', '17', 0),
(698, 'Южно-Сухокумск', '17', 0),
(699, 'Биробиджан', '18', 0),
(700, 'Архиповка', '19', 0),
(701, 'Верхний Ландех', '19', 0),
(702, 'Вичуга', '19', 0),
(703, 'Гаврилов Посад', '19', 0),
(704, 'Долматовский', '19', 0),
(705, 'Дуляпино', '19', 0),
(706, 'Заволжск', '19', 0),
(707, 'Заречный', '19', 0),
(708, 'Иваново', '19', 0),
(709, 'Иваньковский', '19', 0),
(710, 'Ильинское-Хованское', '19', 0),
(711, 'Каминский', '19', 0),
(712, 'Кинешма', '19', 0),
(713, 'Комсомольск', '19', 0),
(714, 'Кохма', '19', 0),
(715, 'Лух', '19', 0),
(716, 'Палех', '19', 0),
(717, 'Пестяки', '19', 0),
(718, 'Приволжск', '19', 0),
(719, 'Пучеж', '19', 0),
(720, 'Савино', '19', 0),
(721, 'Сокольское', '19', 0),
(722, 'Тейково', '19', 0),
(723, 'Фурманов', '19', 0),
(724, 'Шуя', '19', 0),
(725, 'Южа', '19', 0),
(726, 'Юрьевец', '19', 0),
(727, 'Алексеевск', '20', 0),
(728, 'Алзамай', '20', 0),
(729, 'Алыгжер', '20', 0),
(730, 'Ангарск', '20', 0),
(731, 'Артемовский', '20', 0),
(732, 'Байкал', '20', 0),
(733, 'Байкальск', '20', 0),
(734, 'Балаганск', '20', 0),
(735, 'Баяндай', '20', 0),
(736, 'Бирюсинск', '20', 0),
(737, 'Бодайбо', '20', 0),
(738, 'Большая Речка', '20', 0),
(739, 'Большой Луг', '20', 0),
(740, 'Бохан', '20', 0),
(741, 'Братск', '20', 0),
(742, 'Видим', '20', 0),
(743, 'Витимский', '20', 0),
(744, 'Вихоревка', '20', 0),
(745, 'Еланцы', '20', 0),
(746, 'Ербогачен', '20', 0),
(747, 'Железногорск-Илимский', '20', 0),
(748, 'Жигалово', '20', 0),
(749, 'Забитуй', '20', 0),
(750, 'Залари', '20', 0),
(751, 'Звездный', '20', 0),
(752, 'Зима', '20', 0),
(753, 'Иркутск', '20', 0),
(754, 'Казачинское', '20', 0),
(755, 'Качуг', '20', 0),
(756, 'Квиток', '20', 0),
(757, 'Киренск', '20', 0),
(758, 'Куйтун', '20', 0),
(759, 'Култук', '20', 0),
(760, 'Кутулик', '20', 0),
(761, 'Мама', '20', 0),
(762, 'Нижнеудинск', '20', 0),
(763, 'Оса', '20', 0),
(764, 'Саянск', '20', 0),
(765, 'Слюдянка', '20', 0),
(766, 'Тайшет', '20', 0),
(767, 'Тулун', '20', 0),
(768, 'Усолье-Сибирское', '20', 0),
(769, 'Усть-Илимск', '20', 0),
(770, 'Усть-Кут', '20', 0),
(771, 'Усть-Ордынский', '20', 0),
(772, 'Усть-Уда', '20', 0),
(773, 'Черемхово', '20', 0),
(774, 'Чунский', '20', 0),
(775, 'Шелехов', '20', 0),
(776, 'Баксан', '21', 0),
(777, 'Майский', '21', 0),
(778, 'Нальчик', '21', 0),
(779, 'Нарткала', '21', 0),
(780, 'Прохладный', '21', 0),
(781, 'Терек', '21', 0),
(782, 'Тырныауз', '21', 0),
(783, 'Чегем-Первый', '21', 0),
(784, 'Багратионовск', '22', 0),
(785, 'Балтийск', '22', 0),
(786, 'Гвардейск', '22', 0),
(787, 'Гурьевск', '22', 0),
(788, 'Гусев', '22', 0),
(789, 'Зеленоградск', '22', 0),
(790, 'Знаменск', '22', 0),
(791, 'Калининград', '22', 0),
(792, 'Ладушкин', '22', 0),
(793, 'Мамоново', '22', 0),
(794, 'Неман', '22', 0),
(795, 'Нестеров', '22', 0),
(796, 'Озерск', '22', 0),
(797, 'Пионерск', '22', 0),
(798, 'Полесск', '22', 0),
(799, 'Правдинск', '22', 0),
(800, 'Светлогорск', '22', 0),
(801, 'Светлый', '22', 0),
(802, 'Славск', '22', 0),
(803, 'Советск', '22', 0),
(804, 'Черняховск', '22', 0),
(805, 'Аршань', '23', 0),
(806, 'Городовиковск', '23', 0),
(807, 'Каспийский', '23', 0),
(808, 'Комсомольский', '23', 0),
(809, 'Малые Дербеты', '23', 0),
(810, 'Приютное', '23', 0),
(811, 'Утта', '23', 0),
(812, 'Цаган-Аман', '23', 0),
(813, 'Элиста', '23', 0),
(814, 'Юста', '23', 0),
(815, 'Яшалта', '23', 0),
(816, 'Яшкуль', '23', 0),
(817, 'Бабынино', '24', 0),
(818, 'Балабаново', '24', 0),
(819, 'Барятино', '24', 0),
(820, 'Белоусово', '24', 0),
(821, 'Бетлица', '24', 0),
(822, 'Боровск', '24', 0),
(823, 'Дудоровский', '24', 0),
(824, 'Думиничи', '24', 0),
(825, 'Еленский', '24', 0),
(826, 'Жиздра', '24', 0),
(827, 'Жуков', '24', 0),
(828, 'Износки', '24', 0),
(829, 'Калуга', '24', 0),
(830, 'Киров', '24', 0),
(831, 'Козельск', '24', 0),
(832, 'Кондрово', '24', 0),
(833, 'Кремёнки', '24', 0),
(834, 'Людиново', '24', 0),
(835, 'Малоярославец', '24', 0),
(836, 'Медынь', '24', 0),
(837, 'Мещовск', '24', 0),
(838, 'Мосальск', '24', 0),
(839, 'Обнинск', '24', 0),
(840, 'Перемышль', '24', 0),
(841, 'Спас-Деменск', '24', 0),
(842, 'Сухиничи', '24', 0),
(843, 'Таруса', '24', 0),
(844, 'Ульяново', '24', 0),
(845, 'Ферзиково', '24', 0),
(846, 'Хвастовичи', '24', 0),
(847, 'Юхнов', '24', 0),
(848, 'Атласово', '25', 0),
(849, 'Аянка', '25', 0),
(850, 'Большерецк', '25', 0),
(851, 'Вилючинск', '25', 0),
(852, 'Елизово', '25', 0),
(853, 'Ильпырский', '25', 0),
(854, 'Каменское', '25', 0),
(855, 'Кировский', '25', 0),
(856, 'Крапивная', '25', 0),
(857, 'Мильково', '25', 0),
(858, 'Никольское', '25', 0),
(859, 'Озерновский', '25', 0),
(860, 'Оссора', '25', 0),
(861, 'Палана', '25', 0),
(862, 'Парень', '25', 0),
(863, 'Пахачи', '25', 0),
(864, 'Петропавловск-Камчатский', '25', 0),
(865, 'Тигиль', '25', 0),
(866, 'Тиличики', '25', 0),
(867, 'Усть-Большерецк', '25', 0),
(868, 'Усть-Камчатск', '25', 0),
(869, 'Амбарный', '26', 0),
(870, 'Беломорск', '26', 0),
(871, 'Валаам', '26', 0),
(872, 'Вирандозеро', '26', 0),
(873, 'Гирвас', '26', 0),
(874, 'Деревянка', '26', 0),
(875, 'Идель', '26', 0),
(876, 'Калевала', '26', 0),
(877, 'Кемь', '26', 0),
(878, 'Кестеньга', '26', 0),
(879, 'Кондопога', '26', 0),
(880, 'Костомукша', '26', 0),
(881, 'Лахденпохья', '26', 0),
(882, 'Лоухи', '26', 0),
(883, 'Медвежьегорск', '26', 0),
(884, 'Муезерский', '26', 0),
(885, 'Олонец', '26', 0),
(886, 'Петрозаводск', '26', 0),
(887, 'Питкяранта', '26', 0),
(888, 'Повенец', '26', 0),
(889, 'Пряжа', '26', 0),
(890, 'Пудож', '26', 0),
(891, 'Сегежа', '26', 0),
(892, 'Сортавала', '26', 0),
(893, 'Суоярви', '26', 0),
(894, 'Хийденсельга', '26', 0),
(895, 'Анжеро-Судженск', '27', 0),
(896, 'Барзас', '27', 0),
(897, 'Березовский', '27', 0),
(898, 'Грамотеино', '27', 0),
(899, 'Ижморский', '27', 0),
(900, 'Итатский', '27', 0),
(901, 'Калтан', '27', 0),
(902, 'Кедровка', '27', 0),
(903, 'Кемерово', '27', 0),
(904, 'Киселевск', '27', 0),
(905, 'Крапивинский', '27', 0),
(906, 'Ленинск-Кузнецкий', '27', 0),
(907, 'Мариинск', '27', 0),
(908, 'Междуреченск', '27', 0),
(909, 'Мыски', '27', 0),
(910, 'Новокузнецк', '27', 0),
(911, 'Осинники', '27', 0),
(912, 'Полысаево', '27', 0),
(913, 'Прокопьевск', '27', 0),
(914, 'Промышленная', '27', 0),
(915, 'Тайга', '27', 0),
(916, 'Таштагол', '27', 0),
(917, 'Тисуль', '27', 0),
(918, 'Топки', '27', 0),
(919, 'Тяжинский', '27', 0),
(920, 'Юрга', '27', 0),
(921, 'Яшкино', '27', 0),
(922, 'Яя', '27', 0),
(923, 'Кикнур', '28', 0),
(924, 'Кильмезь', '28', 0),
(925, 'Арбаж', '28', 0),
(926, 'Аркуль', '28', 0),
(927, 'Белая Холуница', '28', 0),
(928, 'Богородское', '28', 0),
(929, 'Боровой', '28', 0),
(930, 'Верхошижемье', '28', 0),
(931, 'Вятские Поляны', '28', 0),
(932, 'Зуевка', '28', 0),
(933, 'Каринторф', '28', 0),
(934, 'Кирово-Чепецк', '28', 0),
(935, 'Кирс', '28', 0),
(936, 'Кобра', '28', 0),
(937, 'Котельнич', '28', 0),
(938, 'Кумены', '28', 0),
(939, 'Ленинское', '28', 0),
(940, 'Луза', '28', 0),
(941, 'Малмыж', '28', 0),
(942, 'Мураши', '28', 0),
(943, 'Нагорск', '28', 0),
(944, 'Нема', '28', 0),
(945, 'Нововятск', '28', 0),
(946, 'Нолинск', '28', 0),
(947, 'Омутнинск', '28', 0),
(948, 'Опарино', '28', 0),
(949, 'Оричи', '28', 0),
(950, 'Пижанка', '28', 0),
(951, 'Подосиновец', '28', 0),
(952, 'Санчурск', '28', 0),
(953, 'Свеча', '28', 0),
(954, 'Слободской', '28', 0),
(955, 'Суна', '28', 0),
(956, 'Тужа', '28', 0),
(957, 'Уни', '28', 0),
(958, 'Уржум', '28', 0),
(959, 'Фаленки', '28', 0),
(960, 'Халтурин', '28', 0),
(961, 'Юрья', '28', 0),
(962, 'Яранск', '28', 0),
(963, 'Абезь', '29', 0),
(964, 'Адзьвавом', '29', 0),
(965, 'Айкино', '29', 0),
(966, 'Верхняя Инта', '29', 0),
(967, 'Визинга', '29', 0),
(968, 'Водный', '29', 0),
(969, 'Воркута', '29', 0),
(970, 'Вуктыл', '29', 0),
(971, 'Елецкий', '29', 0),
(972, 'Емва', '29', 0),
(973, 'Жешарт', '29', 0),
(974, 'Заполярный', '29', 0),
(975, 'Ижма', '29', 0),
(976, 'Инта', '29', 0),
(977, 'Ираель', '29', 0),
(978, 'Каджером', '29', 0),
(979, 'Кажым', '29', 0),
(980, 'Кожым', '29', 0),
(981, 'Койгородок', '29', 0),
(982, 'Корткерос', '29', 0),
(983, 'Кослан', '29', 0),
(984, 'Микунь', '29', 0),
(985, 'Нижний Одес', '29', 0),
(986, 'Объячево', '29', 0),
(987, 'Печора', '29', 0),
(988, 'Сосногорск', '29', 0),
(989, 'Сыктывкар', '29', 0),
(990, 'Троицко-Печерск', '29', 0),
(991, 'Усинск', '29', 0),
(992, 'Усогорск', '29', 0),
(993, 'Усть-Кулом', '29', 0),
(994, 'Усть-Цильма', '29', 0),
(995, 'Ухта', '29', 0),
(996, 'Антропово', '30', 0),
(997, 'Боговарово', '30', 0),
(998, 'Буй', '30', 0),
(999, 'Волгореченск', '30', 0),
(1000, 'Галич', '30', 0),
(1001, 'Горчуха', '30', 0),
(1002, 'Зебляки', '30', 0),
(1003, 'Кадый', '30', 0),
(1004, 'Кологрив', '30', 0),
(1005, 'Кострома', '30', 0),
(1006, 'Красное-на-Волге', '30', 0),
(1007, 'Макарьев', '30', 0),
(1008, 'Мантурово', '30', 0),
(1009, 'Нерехта', '30', 0),
(1010, 'Нея', '30', 0),
(1011, 'Островское', '30', 0),
(1012, 'Павино', '30', 0),
(1013, 'Парфентьево', '30', 0),
(1014, 'Поназырево', '30', 0),
(1015, 'Солигалич', '30', 0),
(1016, 'Судиславль', '30', 0),
(1017, 'Сусанино', '30', 0),
(1018, 'Чухлома', '30', 0),
(1019, 'Шарья', '30', 0),
(1020, 'Шемятино', '30', 0),
(1021, 'Абинск', '31', 0),
(1022, 'Абрау-Дюрсо', '31', 0),
(1023, 'Адлер', '31', 0),
(1024, 'Анапа', '31', 0),
(1025, 'Апшеронск', '31', 0),
(1026, 'Армавир', '31', 0),
(1027, 'Архипо-Осиповка', '31', 0),
(1028, 'Афипский', '31', 0),
(1029, 'Ахтырский', '31', 0),
(1030, 'Ачуево', '31', 0),
(1031, 'Белая Глина', '31', 0),
(1032, 'Белореченск', '31', 0),
(1033, 'Верхнебаканский', '31', 0),
(1034, 'Выселки', '31', 0),
(1035, 'Геленджик', '31', 0),
(1036, 'Гиагинская', '31', 0),
(1037, 'Горячий Ключ', '31', 0),
(1038, 'Гулькевичи', '31', 0),
(1039, 'Джубга', '31', 0),
(1040, 'Динская', '31', 0),
(1041, 'Ейск', '31', 0),
(1042, 'Ильский', '31', 0),
(1043, 'Кабардинка', '31', 0),
(1044, 'Калинино', '31', 0),
(1045, 'Калининская', '31', 0),
(1046, 'Каменномостский', '31', 0),
(1047, 'Каневская', '31', 0),
(1048, 'Кореновск', '31', 0),
(1049, 'Красноармейская', '31', 0),
(1050, 'Краснодар', '31', 0),
(1051, 'Кропоткин', '31', 0),
(1052, 'Крыловская', '31', 0),
(1053, 'Крымск', '31', 0),
(1054, 'Курганинск', '31', 0),
(1055, 'Кущевская', '31', 0),
(1056, 'Лабинск', '31', 0),
(1057, 'Лазаревское', '31', 0),
(1058, 'Ленинградская', '31', 0),
(1059, 'Мостовской', '31', 0),
(1060, 'Новокубанск', '31', 0),
(1061, 'Новороссийск', '31', 0),
(1062, 'Отрадная', '31', 0),
(1063, 'Павловская', '31', 0),
(1064, 'Приморско-Ахтарск', '31', 0),
(1065, 'Северская', '31', 0),
(1066, 'Славянск-на-Кубани', '31', 0),
(1067, 'Сочи', '31', 0),
(1068, 'Староминская', '31', 0),
(1069, 'Старощербиновская', '31', 0),
(1070, 'Тбилисская', '31', 0),
(1071, 'Темрюк', '31', 0),
(1072, 'Тимашевск', '31', 0),
(1073, 'Тихорецк', '31', 0),
(1074, 'Туапсе', '31', 0),
(1075, 'Тульский', '31', 0),
(1076, 'Усть-Лабинск', '31', 0),
(1077, 'Хадыженск', '31', 0),
(1078, 'Хоста', '31', 0),
(1079, 'Шовгеновский', '31', 0),
(1080, 'Абаза', '32', 0),
(1081, 'Абакан', '32', 0),
(1082, 'Агинское', '32', 0),
(1083, 'Артемовск', '32', 0),
(1084, 'Аскиз', '32', 0),
(1085, 'Ачинск', '32', 0),
(1086, 'Байкит', '32', 0),
(1087, 'Балахта', '32', 0),
(1088, 'Балыкса', '32', 0),
(1089, 'Белый Яр', '32', 0),
(1090, 'Бея', '32', 0),
(1091, 'Бискамжа', '32', 0),
(1092, 'Боготол', '32', 0),
(1093, 'Боград', '32', 0),
(1094, 'Богучаны', '32', 0),
(1095, 'Большая Мурта', '32', 0),
(1096, 'Большой Улуй', '32', 0),
(1097, 'Ванавара', '32', 0),
(1098, 'Верхнеимбатск', '32', 0),
(1099, 'Горячегорск', '32', 0),
(1100, 'Дзержинское', '32', 0),
(1101, 'Дивногорск', '32', 0),
(1102, 'Диксон', '32', 0),
(1103, 'Дудинка', '32', 0),
(1104, 'Емельяново', '32', 0),
(1105, 'Енисейск', '32', 0),
(1106, 'Ермаковское', '32', 0),
(1107, 'Железногорск', '32', 0),
(1108, 'Заозерный', '32', 0),
(1109, 'Игарка', '32', 0),
(1110, 'Идринское', '32', 0),
(1111, 'Иланский', '32', 0),
(1112, 'Ирбейское', '32', 0),
(1113, 'Канск', '32', 0),
(1114, 'Каратузское', '32', 0),
(1115, 'Караул', '32', 0),
(1116, 'Кодинск', '32', 0),
(1117, 'Козулька', '32', 0),
(1118, 'Копьево', '32', 0),
(1119, 'Краснотуранск', '32', 0),
(1120, 'Красноярск', '32', 0),
(1121, 'Курагино', '32', 0),
(1122, 'Лесосибирск', '32', 0),
(1123, 'Минусинск', '32', 0),
(1124, 'Мотыгино', '32', 0),
(1125, 'Назарово', '32', 0),
(1126, 'Нижний Ингаш', '32', 0),
(1127, 'Новоселово', '32', 0),
(1128, 'Норильск', '32', 0),
(1129, 'Партизанское', '32', 0),
(1130, 'Пировское', '32', 0),
(1131, 'Северо-Енисейский', '32', 0),
(1132, 'Сосновоборск', '32', 0),
(1133, 'Тасеево', '32', 0),
(1134, 'Таштып', '32', 0),
(1135, 'Тура', '32', 0),
(1136, 'Туруханск', '32', 0),
(1137, 'Тюхтет', '32', 0),
(1138, 'Ужур', '32', 0),
(1139, 'Уяр', '32', 0),
(1140, 'Хатанга', '32', 0),
(1141, 'Черемушки', '32', 0),
(1142, 'Черногорск', '32', 0),
(1143, 'Шалинское', '32', 0),
(1144, 'Шарыпово', '32', 0),
(1145, 'Шира', '32', 0),
(1146, 'Шушенское', '32', 0),
(1147, 'Варгаши', '33', 0),
(1148, 'Глядянское', '33', 0),
(1149, 'Далматово', '33', 0),
(1150, 'Каргаполье', '33', 0),
(1151, 'Катайск', '33', 0),
(1152, 'Кетово', '33', 0),
(1153, 'Курган', '33', 0),
(1154, 'Куртамыш', '33', 0),
(1155, 'Лебяжье', '33', 0),
(1156, 'Макушино', '33', 0),
(1157, 'Мишкино', '33', 0),
(1158, 'Мокроусово', '33', 0),
(1159, 'Петухово', '33', 0),
(1160, 'Половинное', '33', 0),
(1161, 'Сафакулево', '33', 0),
(1162, 'Шадринск', '33', 0),
(1163, 'Шатрово', '33', 0),
(1164, 'Шумиха', '33', 0),
(1165, 'Щучье', '33', 0),
(1166, 'Юргамыш', '33', 0),
(1167, 'Альменево', '34', 0),
(1168, 'Белая', '34', 0),
(1169, 'Большое Солдатское', '34', 0),
(1170, 'Глушково', '34', 0),
(1171, 'Горшечное', '34', 0),
(1172, 'Дмитриев-Льговский', '34', 0),
(1173, 'Золотухино', '34', 0),
(1174, 'Касторное', '34', 0),
(1175, 'Конышевка', '34', 0),
(1176, 'Коренево', '34', 0),
(1177, 'Курск', '34', 0),
(1178, 'Курчатов', '34', 0),
(1179, 'Кшенский', '34', 0),
(1180, 'Льгов', '34', 0),
(1181, 'Медвенка', '34', 0),
(1182, 'Обоянь', '34', 0),
(1183, 'Поныри', '34', 0),
(1184, 'Пристень', '34', 0),
(1185, 'Прямицыно', '34', 0),
(1186, 'Рыльск', '34', 0),
(1187, 'Суджа', '34', 0),
(1188, 'Тим', '34', 0),
(1189, 'Фатеж', '34', 0),
(1190, 'Хомутовка', '34', 0),
(1191, 'Черемисиново', '34', 0),
(1192, 'Щигры', '34', 0),
(1193, 'Грязи', '35', 0),
(1194, 'Данков', '35', 0),
(1195, 'Доброе', '35', 0),
(1196, 'Долгоруково', '35', 0),
(1197, 'Елец', '35', 0),
(1198, 'Задонск', '35', 0),
(1199, 'Измалково', '35', 0),
(1200, 'Казинка', '35', 0),
(1201, 'Лебедянь', '35', 0),
(1202, 'Лев Толстой', '35', 0),
(1203, 'Липецк', '35', 0),
(1204, 'Тербуны', '35', 0),
(1205, 'Усмань', '35', 0),
(1206, 'Хлевное', '35', 0),
(1207, 'Чаплыгин', '35', 0),
(1208, 'Анадырь', '36', 0),
(1209, 'Атка', '36', 0),
(1210, 'Беринговский', '36', 0),
(1211, 'Билибино', '36', 0),
(1212, 'Большевик', '36', 0),
(1213, 'Ванкарем', '36', 0),
(1214, 'Кадыкчан', '36', 0),
(1215, 'Лаврентия', '36', 0),
(1216, 'Магадан', '36', 0),
(1217, 'Мыс Шмидта', '36', 0),
(1218, 'Ола', '36', 0),
(1219, 'Омсукчан', '36', 0),
(1220, 'Палатка', '36', 0),
(1221, 'Певек', '36', 0),
(1222, 'Провидения', '36', 0),
(1223, 'Сеймчан', '36', 0),
(1224, 'Синегорье', '36', 0),
(1225, 'Сусуман', '36', 0),
(1226, 'Усть-Омчуг', '36', 0),
(1227, 'Эвенск', '36', 0),
(1228, 'Эгвекинот', '36', 0),
(1229, 'Ягодное', '36', 0),
(1230, 'Волжск', '37', 0),
(1231, 'Дубовский', '37', 0),
(1232, 'Звенигово', '37', 0),
(1233, 'Йошкар-Ола', '37', 0),
(1234, 'Килемары', '37', 0),
(1235, 'Козьмодемьянск', '37', 0),
(1236, 'Куженер', '37', 0),
(1237, 'Мари-Турек', '37', 0),
(1238, 'Медведево', '37', 0),
(1239, 'Морки', '37', 0),
(1240, 'Новый Торьял', '37', 0),
(1241, 'Оршанка', '37', 0),
(1242, 'Параньга', '37', 0),
(1243, 'Сернур', '37', 0),
(1244, 'Юрино', '37', 0),
(1245, 'Ардатов', '38', 0),
(1246, 'Атюрьево', '38', 0),
(1247, 'Атяшево', '38', 0),
(1248, 'Большие Березники', '38', 0),
(1249, 'Большое Игнатово', '38', 0),
(1250, 'Выша', '38', 0),
(1251, 'Ельники', '38', 0),
(1252, 'Зубова Поляна', '38', 0),
(1253, 'Инсар', '38', 0),
(1254, 'Кадошкино', '38', 0),
(1255, 'Кемля', '38', 0),
(1256, 'Ковылкино', '38', 0),
(1257, 'Кочкурово', '38', 0),
(1258, 'Краснослободск', '38', 0),
(1259, 'Лямбирь', '38', 0),
(1260, 'Ромоданово', '38', 0),
(1261, 'Рузаевка', '38', 0),
(1262, 'Саранск', '38', 0),
(1263, 'Старое Шайгово', '38', 0),
(1264, 'Темников', '38', 0),
(1265, 'Теньгушево', '38', 0),
(1266, 'Торбеево', '38', 0),
(1267, 'Чамзинка', '38', 0),
(1268, 'Апатиты', '39', 0),
(1269, 'Африканда', '39', 0),
(1270, 'Верхнетуломский', '39', 0),
(1271, 'Видяево', '39', 0),
(1272, 'Гаджиево', '39', 0),
(1273, 'Заозерск', '39', 0),
(1274, 'Зареченск', '39', 0),
(1275, 'Зашеек', '39', 0),
(1276, 'Зеленоборский', '39', 0),
(1277, 'Кандалакша', '39', 0),
(1278, 'Кильдинстрой', '39', 0),
(1279, 'Ковдор', '39', 0),
(1280, 'Кола', '39', 0),
(1281, 'Конда', '39', 0),
(1282, 'Ловозеро', '39', 0),
(1283, 'Мончегорск', '39', 0),
(1284, 'Мурманск', '39', 0),
(1285, 'Мурмаши', '39', 0),
(1286, 'Никель', '39', 0),
(1287, 'Оленегорск', '39', 0),
(1288, 'Полярные Зори', '39', 0),
(1289, 'Полярный', '39', 0),
(1290, 'Ревда', '39', 0),
(1291, 'Североморск', '39', 0),
(1292, 'Снежногорск', '39', 0),
(1293, 'Умба', '39', 0),
(1294, 'Арзамас', '40', 0),
(1295, 'Арья', '40', 0),
(1296, 'Балахна', '40', 0),
(1297, 'Богородск', '40', 0),
(1298, 'Большереченск', '40', 0),
(1299, 'Большое Болдино', '40', 0),
(1300, 'Большое Козино', '40', 0),
(1301, 'Большое Мурашкино', '40', 0),
(1302, 'Большое Пикино', '40', 0),
(1303, 'Бор', '40', 0),
(1304, 'Бутурлино', '40', 0),
(1305, 'Вад', '40', 0),
(1306, 'Варнавино', '40', 0),
(1307, 'Васильсурск', '40', 0),
(1308, 'Вахтан', '40', 0),
(1309, 'Вача', '40', 0),
(1310, 'Ветлуга', '40', 0),
(1311, 'Виля', '40', 0),
(1312, 'Вознесенское', '40', 0),
(1313, 'Володарск', '40', 0),
(1314, 'Воротынец', '40', 0),
(1315, 'Ворсма', '40', 0),
(1316, 'Воскресенское', '40', 0),
(1317, 'Выездное', '40', 0),
(1318, 'Выкса', '40', 0),
(1319, 'Гагино', '40', 0),
(1320, 'Гидроторф', '40', 0),
(1321, 'Горбатов', '40', 0),
(1322, 'Горбатовка', '40', 0),
(1323, 'Городец', '40', 0),
(1324, 'Дальнее Константиново', '40', 0),
(1325, 'Дзержинск', '40', 0),
(1326, 'Дивеево', '40', 0),
(1327, 'Досчатое', '40', 0),
(1328, 'Заволжье', '40', 0),
(1329, 'Керженец', '40', 0),
(1330, 'Княгинино', '40', 0),
(1331, 'Ковернино', '40', 0),
(1332, 'Красные Баки', '40', 0),
(1333, 'Кстово', '40', 0),
(1334, 'Кулебаки', '40', 0),
(1335, 'Лукоянов', '40', 0),
(1336, 'Лысково', '40', 0),
(1337, 'Навашино', '40', 0),
(1338, 'Нижний Новгород', '40', 0),
(1339, 'Новосмолинский', '40', 0),
(1340, 'Павлово', '40', 0),
(1341, 'Первомайск', '40', 0),
(1342, 'Перевоз', '40', 0),
(1343, 'Пильна', '40', 0),
(1344, 'Починки', '40', 0),
(1345, 'Саров', '40', 0),
(1346, 'Семенов', '40', 0),
(1347, 'Сергач', '40', 0),
(1348, 'Сеченово', '40', 0),
(1349, 'Сосновское', '40', 0),
(1350, 'Спасское', '40', 0),
(1351, 'Тонкино', '40', 0),
(1352, 'Тоншаево', '40', 0),
(1353, 'Уразовка', '40', 0),
(1354, 'Урень', '40', 0),
(1355, 'Чкаловск', '40', 0),
(1356, 'Шаранга', '40', 0),
(1357, 'Шатки', '40', 0),
(1358, 'Шахунья', '40', 0),
(1359, 'Анциферово', '41', 0),
(1360, 'Батецкий', '41', 0),
(1361, 'Большая Вишера', '41', 0),
(1362, 'Боровичи', '41', 0),
(1363, 'Валдай', '41', 0),
(1364, 'Великий Новгород', '41', 0),
(1365, 'Волот', '41', 0),
(1366, 'Деманск', '41', 0),
(1367, 'Зарубино', '41', 0),
(1368, 'Крестцы', '41', 0),
(1369, 'Любытино', '41', 0),
(1370, 'Малая Вишера', '41', 0),
(1371, 'Марево', '41', 0),
(1372, 'Мошенское', '41', 0),
(1373, 'Окуловка', '41', 0),
(1374, 'Парфино', '41', 0),
(1375, 'Пестово', '41', 0),
(1376, 'Поддорье', '41', 0),
(1377, 'Сольцы', '41', 0),
(1378, 'Старая Русса', '41', 0),
(1379, 'Хвойная', '41', 0),
(1380, 'Холм', '41', 0),
(1381, 'Чудово', '41', 0),
(1382, 'Шимск', '41', 0),
(1383, 'Баган', '42', 0),
(1384, 'Барабинск', '42', 0),
(1385, 'Бердск', '42', 0),
(1386, 'Биаза', '42', 0),
(1387, 'Болотное', '42', 0),
(1388, 'Венгерово', '42', 0),
(1389, 'Довольное', '42', 0),
(1390, 'Завьялово', '42', 0),
(1391, 'Искитим', '42', 0),
(1392, 'Карасук', '42', 0),
(1393, 'Каргат', '42', 0),
(1394, 'Колывань', '42', 0),
(1395, 'Краснозерское', '42', 0),
(1396, 'Крутиха', '42', 0),
(1397, 'Куйбышев', '42', 0),
(1398, 'Купино', '42', 0),
(1399, 'Кыштовка', '42', 0),
(1400, 'Маслянино', '42', 0),
(1401, 'Мошково', '42', 0),
(1402, 'Новосибирск', '42', 0),
(1403, 'Обь', '42', 0),
(1404, 'Ордынское', '42', 0),
(1405, 'Северное', '42', 0),
(1406, 'Сузун', '42', 0),
(1407, 'Татарск', '42', 0),
(1408, 'Тогучин', '42', 0),
(1409, 'Убинское', '42', 0),
(1410, 'Усть-Тарка', '42', 0),
(1411, 'Чаны', '42', 0),
(1412, 'Черепаново', '42', 0),
(1413, 'Чистоозерное', '42', 0),
(1414, 'Чулым', '42', 0),
(1415, 'Береговой', '43', 0),
(1416, 'Большеречье', '43', 0),
(1417, 'Большие Уки', '43', 0),
(1418, 'Горьковское', '43', 0),
(1419, 'Знаменское', '43', 0),
(1420, 'Исилькуль', '43', 0),
(1421, 'Калачинск', '43', 0),
(1422, 'Колосовка', '43', 0),
(1423, 'Кормиловка', '43', 0),
(1424, 'Крутинка', '43', 0),
(1425, 'Любинский', '43', 0),
(1426, 'Марьяновка', '43', 0),
(1427, 'Муромцево', '43', 0),
(1428, 'Называевск', '43', 0),
(1429, 'Нижняя Омка', '43', 0),
(1430, 'Нововаршавка', '43', 0),
(1431, 'Одесское', '43', 0),
(1432, 'Оконешниково', '43', 0),
(1433, 'Омск', '43', 0),
(1434, 'Павлоградка', '43', 0),
(1435, 'Полтавка', '43', 0),
(1436, 'Русская Поляна', '43', 0),
(1437, 'Саргатское', '43', 0),
(1438, 'Седельниково', '43', 0),
(1439, 'Таврическое', '43', 0),
(1440, 'Тара', '43', 0),
(1441, 'Тевриз', '43', 0),
(1442, 'Тюкалинск', '43', 0),
(1443, 'Усть-Ишим', '43', 0),
(1444, 'Черлак', '43', 0),
(1445, 'Шербакуль', '43', 0),
(1446, 'Абдулино', '44', 0),
(1447, 'Адамовка', '44', 0),
(1448, 'Айдырлинский', '44', 0),
(1449, 'Акбулак', '44', 0),
(1450, 'Аккермановка', '44', 0),
(1451, 'Асекеево', '44', 0),
(1452, 'Беляевка', '44', 0),
(1453, 'Бугуруслан', '44', 0),
(1454, 'Бузулук', '44', 0),
(1455, 'Гай', '44', 0),
(1456, 'Грачевка', '44', 0),
(1457, 'Домбаровский', '44', 0),
(1458, 'Дубенский', '44', 0),
(1459, 'Илек', '44', 0),
(1460, 'Ириклинский', '44', 0),
(1461, 'Кувандык', '44', 0),
(1462, 'Курманаевка', '44', 0),
(1463, 'Матвеевка', '44', 0),
(1464, 'Медногорск', '44', 0),
(1465, 'Новоорск', '44', 0),
(1466, 'Новосергиевка', '44', 0),
(1467, 'Новотроицк', '44', 0),
(1468, 'Октябрьское', '44', 0),
(1469, 'Оренбург', '44', 0),
(1470, 'Орск', '44', 0),
(1471, 'Переволоцкий', '44', 0),
(1472, 'Пономаревка', '44', 0),
(1473, 'Саракташ', '44', 0),
(1474, 'Соль-Илецк', '44', 0),
(1475, 'Сорочинск', '44', 0),
(1476, 'Ташла', '44', 0),
(1477, 'Тоцкое', '44', 0),
(1478, 'Тюльган', '44', 0),
(1479, 'Шарлык', '44', 0),
(1480, 'Энергетик', '44', 0),
(1481, 'Ясный', '44', 0),
(1482, 'Болхов', '45', 0),
(1483, 'Верховье', '45', 0),
(1484, 'Глазуновка', '45', 0),
(1485, 'Дмитровск-Орловский', '45', 0),
(1486, 'Долгое', '45', 0),
(1487, 'Залегощь', '45', 0),
(1488, 'Змиевка', '45', 0),
(1489, 'Колпны', '45', 0),
(1490, 'Красная Заря', '45', 0),
(1491, 'Кромы', '45', 0),
(1492, 'Ливны', '45', 0),
(1493, 'Малоархангельск', '45', 0),
(1494, 'Мценск', '45', 0),
(1495, 'Нарышкино', '45', 0),
(1496, 'Новосиль', '45', 0),
(1497, 'Орел', '45', 0),
(1498, 'Покровское', '45', 0),
(1499, 'Сосково', '45', 0),
(1500, 'Тросна', '45', 0),
(1501, 'Хомутово', '45', 0),
(1502, 'Хотынец', '45', 0),
(1503, 'Шаблыкино', '45', 0),
(1504, 'Башмаково', '46', 0),
(1505, 'Беднодемьяновск', '46', 0),
(1506, 'Беково', '46', 0),
(1507, 'Белинский', '46', 0),
(1508, 'Бессоновка', '46', 0),
(1509, 'Вадинск', '46', 0),
(1510, 'Верхозим', '46', 0),
(1511, 'Евлашево', '46', 0),
(1512, 'Земетчино', '46', 0),
(1513, 'Золотаревка', '46', 0),
(1514, 'Исса', '46', 0),
(1515, 'Каменка', '46', 0),
(1516, 'Колышлей', '46', 0),
(1517, 'Кондоль', '46', 0),
(1518, 'Кузнецк', '46', 0),
(1519, 'Лопатино', '46', 0),
(1520, 'Малая Сердоба', '46', 0),
(1521, 'Мокшан', '46', 0),
(1522, 'Наровчат', '46', 0),
(1523, 'Неверкино', '46', 0),
(1524, 'Нижний Ломов', '46', 0),
(1525, 'Пачелма', '46', 0),
(1526, 'Пенза', '46', 0),
(1527, 'Русский Камешкир', '46', 0),
(1528, 'Сердобск', '46', 0),
(1529, 'Сура', '46', 0),
(1530, 'Тамала', '46', 0),
(1531, 'Шемышейка', '46', 0),
(1532, 'Александровск', '47', 0),
(1533, 'Барда', '47', 0),
(1534, 'Березники', '47', 0),
(1535, 'Большая Соснова', '47', 0),
(1536, 'Верещагино', '47', 0),
(1537, 'Гайны', '47', 0),
(1538, 'Горнозаводск', '47', 0),
(1539, 'Гремячинск', '47', 0),
(1540, 'Губаха', '47', 0),
(1541, 'Добрянка', '47', 0),
(1542, 'Елово', '47', 0),
(1543, 'Зюкайка', '47', 0),
(1544, 'Карагай', '47', 0),
(1545, 'Керчевский', '47', 0),
(1546, 'Кизел', '47', 0),
(1547, 'Коса', '47', 0),
(1548, 'Кочево', '47', 0),
(1549, 'Красновишерск', '47', 0),
(1550, 'Краснокамск', '47', 0),
(1551, 'Кудымкар', '47', 0),
(1552, 'Куеда', '47', 0),
(1553, 'Кунгур', '47', 0),
(1554, 'Лысьва', '47', 0),
(1555, 'Ныроб', '47', 0),
(1556, 'Нытва', '47', 0),
(1557, 'Орда', '47', 0),
(1558, 'Оханск', '47', 0),
(1559, 'Очер', '47', 0),
(1560, 'Пермь', '47', 0),
(1561, 'Соликамск', '47', 0),
(1562, 'Суксун', '47', 0),
(1563, 'Уинское', '47', 0),
(1564, 'Усолье', '47', 0),
(1565, 'Усть-Кишерть', '47', 0),
(1566, 'Чайковский', '47', 0),
(1567, 'Частые', '47', 0),
(1568, 'Чердынь', '47', 0),
(1569, 'Чернореченский', '47', 0),
(1570, 'Чернушка', '47', 0),
(1571, 'Чусовой', '47', 0),
(1572, 'Юрла', '47', 0),
(1573, 'Юсьва', '47', 0),
(1574, 'Анучино', '48', 0),
(1575, 'Арсеньев', '48', 0),
(1576, 'Артем', '48', 0),
(1577, 'Большой Камень', '48', 0),
(1578, 'Валентин', '48', 0),
(1579, 'Владивосток', '48', 0),
(1580, 'Высокогорск', '48', 0),
(1581, 'Горные Ключи', '48', 0),
(1582, 'Горный', '48', 0),
(1583, 'Дальнегорск', '48', 0),
(1584, 'Дальнереченск', '48', 0),
(1585, 'Кавалерово', '48', 0),
(1586, 'Камень-Рыболов', '48', 0),
(1587, 'Лазо', '48', 0),
(1588, 'Лесозаводск', '48', 0),
(1589, 'Лучегорск', '48', 0),
(1590, 'Находка', '48', 0),
(1591, 'Новопокровка', '48', 0),
(1592, 'Ольга', '48', 0),
(1593, 'Партизанск', '48', 0),
(1594, 'Пластун', '48', 0),
(1595, 'Пограничный', '48', 0),
(1596, 'Покровка', '48', 0),
(1597, 'Посьет', '48', 0),
(1598, 'Русский', '48', 0),
(1599, 'Славянка', '48', 0),
(1600, 'Спасск-Дальний', '48', 0),
(1601, 'Терней', '48', 0),
(1602, 'Уссурийск', '48', 0),
(1603, 'Фокино', '48', 0),
(1604, 'Хасан', '48', 0),
(1605, 'Хороль', '48', 0),
(1606, 'Черниговка', '48', 0),
(1607, 'Чугуевка', '48', 0),
(1608, 'Яковлевка', '48', 0),
(1609, 'Ярославский', '48', 0),
(1610, 'Бежаницы', '49', 0),
(1611, 'Великие Луки', '49', 0),
(1612, 'Гдов', '49', 0),
(1613, 'Дедовичи', '49', 0),
(1614, 'Дно', '49', 0),
(1615, 'Заплюсье', '49', 0),
(1616, 'Идрица', '49', 0),
(1617, 'Красногородское', '49', 0),
(1618, 'Кунья', '49', 0),
(1619, 'Локня', '49', 0),
(1620, 'Невель', '49', 0),
(1621, 'Новоржев', '49', 0),
(1622, 'Новосокольники', '49', 0),
(1623, 'Опочка', '49', 0),
(1624, 'Остров', '49', 0),
(1625, 'Палкино', '49', 0),
(1626, 'Печоры', '49', 0),
(1627, 'Плюсса', '49', 0),
(1628, 'Порхов', '49', 0),
(1629, 'Псков', '49', 0),
(1630, 'Пустошка', '49', 0),
(1631, 'Пушкинские Горы', '49', 0),
(1632, 'Пыталово', '49', 0),
(1633, 'Себеж', '49', 0),
(1634, 'Струги-Красные', '49', 0),
(1635, 'Усвяты', '49', 0),
(1636, 'Азов', '50', 0),
(1637, 'Аксай', '50', 0),
(1638, 'Алмазный', '50', 0),
(1639, 'Аютинск', '50', 0),
(1640, 'Багаевский', '50', 0),
(1641, 'Батайск', '50', 0),
(1642, 'Белая Калитва', '50', 0),
(1643, 'Боковская', '50', 0),
(1644, 'Большая Мартыновка', '50', 0),
(1645, 'Вешенская', '50', 0),
(1646, 'Волгодонск', '50', 0),
(1647, 'Восход', '50', 0),
(1648, 'Гигант', '50', 0),
(1649, 'Горняцкий', '50', 0),
(1650, 'Гуково', '50', 0),
(1651, 'Донецк', '50', 0),
(1652, 'Донской', '50', 0),
(1653, 'Дубовское', '50', 0),
(1654, 'Егорлыкская', '50', 0),
(1655, 'Жирнов', '50', 0),
(1656, 'Заветное', '50', 0),
(1657, 'Заводской', '50', 0),
(1658, 'Зверево', '50', 0),
(1659, 'Зерноград', '50', 0),
(1660, 'Зимовники', '50', 0),
(1661, 'Кагальницкая', '50', 0),
(1662, 'Казанская', '50', 0),
(1663, 'Каменоломни', '50', 0),
(1664, 'Каменск-Шахтинский', '50', 0),
(1665, 'Кашары', '50', 0),
(1666, 'Коксовый', '50', 0),
(1667, 'Константиновск', '50', 0),
(1668, 'Красный Сулин', '50', 0),
(1669, 'Куйбышево', '50', 0),
(1670, 'Матвеев Курган', '50', 0),
(1671, 'Мигулинская', '50', 0),
(1672, 'Миллерово', '50', 0),
(1673, 'Милютинская', '50', 0),
(1674, 'Морозовск', '50', 0),
(1675, 'Новочеркасск', '50', 0),
(1676, 'Новошахтинск', '50', 0),
(1677, 'Обливская', '50', 0),
(1678, 'Орловский', '50', 0),
(1679, 'Песчанокопское', '50', 0),
(1680, 'Пролетарск', '50', 0),
(1681, 'Ремонтное', '50', 0),
(1682, 'Родионово-Несветайская', '50', 0),
(1683, 'Ростов-на-Дону', '50', 0),
(1684, 'Сальск', '50', 0),
(1685, 'Семикаракорск', '50', 0),
(1686, 'Таганрог', '50', 0),
(1687, 'Тарасовский', '50', 0),
(1688, 'Тацинский', '50', 0),
(1689, 'Усть-Донецкий', '50', 0),
(1690, 'Целина', '50', 0),
(1691, 'Цимлянск', '50', 0),
(1692, 'Чалтырь', '50', 0),
(1693, 'Чертково', '50', 0),
(1694, 'Шахты', '50', 0),
(1695, 'Шолоховский', '50', 0),
(1696, 'Александро-Невский', '51', 0),
(1697, 'Гусь Железный', '51', 0),
(1698, 'Елатьма', '51', 0),
(1699, 'Ермишь', '51', 0),
(1700, 'Захарово', '51', 0),
(1701, 'Кадом', '51', 0),
(1702, 'Касимов', '51', 0),
(1703, 'Кораблино', '51', 0),
(1704, 'Милославское', '51', 0),
(1705, 'Михайлов', '51', 0),
(1706, 'Новомичуринск', '51', 0),
(1707, 'Пителино', '51', 0),
(1708, 'Пронск', '51', 0),
(1709, 'Путятино', '51', 0),
(1710, 'Рыбное', '51', 0),
(1711, 'Ряжск', '51', 0),
(1712, 'Рязань', '51', 0),
(1713, 'Сапожок', '51', 0),
(1714, 'Сараи', '51', 0),
(1715, 'Сасово', '51', 0),
(1716, 'Скопин', '51', 0),
(1717, 'Спас-Клепики', '51', 0),
(1718, 'Спасск-Рязанский', '51', 0),
(1719, 'Старожилово', '51', 0),
(1720, 'Ухолово', '51', 0),
(1721, 'Чучково', '51', 0),
(1722, 'Шацк', '51', 0),
(1723, 'Шилово', '51', 0),
(1724, 'Безенчук', '52', 0),
(1725, 'Богатое', '52', 0),
(1726, 'Богатырь', '52', 0),
(1727, 'Большая Глушица', '52', 0),
(1728, 'Большая Глущица', '52', 0),
(1729, 'Большая Черниговка', '52', 0),
(1730, 'Борское', '52', 0),
(1731, 'Жигулевск', '52', 0),
(1732, 'Зольное', '52', 0),
(1733, 'Исаклы', '52', 0),
(1734, 'Камышла', '52', 0),
(1735, 'Кинель', '52', 0),
(1736, 'Кинель-Черкасы', '52', 0),
(1737, 'Клявлино', '52', 0),
(1738, 'Кошки', '52', 0),
(1739, 'Красноармейское', '52', 0),
(1740, 'Нефтегорск', '52', 0),
(1741, 'Новокуйбышевск', '52', 0),
(1742, 'Октябрьск', '52', 0),
(1743, 'Отрадный', '52', 0),
(1744, 'Пестравка', '52', 0),
(1745, 'Похвистнево', '52', 0),
(1746, 'Приволжье', '52', 0),
(1747, 'Самара', '52', 0),
(1748, 'Сергиевск', '52', 0),
(1749, 'Сургут', '52', 0),
(1750, 'Сызрань', '52', 0),
(1751, 'Тольятти', '52', 0),
(1752, 'Хворостянка', '52', 0),
(1753, 'Чапаевск', '52', 0),
(1754, 'Челно-Вершины', '52', 0),
(1755, 'Шентала', '52', 0),
(1756, 'Шигоны', '52', 0),
(1757, 'Александров Гай', '53', 0),
(1758, 'Аркадак', '53', 0),
(1759, 'Аткарск', '53', 0),
(1760, 'Базарный Карабулак', '53', 0),
(1761, 'Балаково', '53', 0),
(1762, 'Балашов', '53', 0),
(1763, 'Балтай', '53', 0),
(1764, 'Возрождение', '53', 0),
(1765, 'Вольск', '53', 0),
(1766, 'Дергачи', '53', 0),
(1767, 'Духовницкое', '53', 0),
(1768, 'Екатериновка', '53', 0),
(1769, 'Ершов', '53', 0),
(1770, 'Калининск', '53', 0),
(1771, 'Каменский', '53', 0),
(1772, 'Красный Кут', '53', 0),
(1773, 'Лысые Горы', '53', 0),
(1774, 'Маркс', '53', 0),
(1775, 'Мокроус', '53', 0),
(1776, 'Новоузенск', '53', 0),
(1777, 'Новые Бурасы', '53', 0),
(1778, 'Озинки', '53', 0),
(1779, 'Перелюб', '53', 0),
(1780, 'Петровск', '53', 0),
(1781, 'Питерка', '53', 0),
(1782, 'Пугачев', '53', 0),
(1783, 'Ровное', '53', 0),
(1784, 'Ртищево', '53', 0),
(1785, 'Самойловка', '53', 0),
(1786, 'Саратов', '53', 0),
(1787, 'Степное', '53', 0),
(1788, 'Татищево', '53', 0),
(1789, 'Турки', '53', 0),
(1790, 'Хвалынск', '53', 0),
(1791, 'Энгельс', '53', 0),
(1792, 'Абый', '54', 0),
(1793, 'Айхал', '54', 0),
(1794, 'Алдан', '54', 0),
(1795, 'Амга', '54', 0),
(1796, 'Батагай', '54', 0),
(1797, 'Бердигестях', '54', 0),
(1798, 'Беркакит', '54', 0),
(1799, 'Бестях', '54', 0),
(1800, 'Борогонцы', '54', 0),
(1801, 'Верхневилюйск', '54', 0),
(1802, 'Верхоянск', '54', 0),
(1803, 'Вилюйск', '54', 0),
(1804, 'Витим', '54', 0),
(1805, 'Власово', '54', 0),
(1806, 'Депутатский', '54', 0),
(1807, 'Жиганск', '54', 0),
(1808, 'Зырянка', '54', 0),
(1809, 'Кангалассы', '54', 0),
(1810, 'Ленск', '54', 0),
(1811, 'Майя', '54', 0),
(1812, 'Нерюнгри', '54', 0),
(1813, 'Нижний Куранах', '54', 0),
(1814, 'Нюрба', '54', 0),
(1815, 'Олекминск', '54', 0),
(1816, 'Покровск', '54', 0),
(1817, 'Сангар', '54', 0),
(1818, 'Саскылах', '54', 0),
(1819, 'Солнечный', '54', 0),
(1820, 'Среднеколымск', '54', 0),
(1821, 'Сунтар', '54', 0),
(1822, 'Тикси', '54', 0),
(1823, 'Удачный', '54', 0),
(1824, 'Усть-Мая', '54', 0),
(1825, 'Усть-Нера', '54', 0),
(1826, 'Хандыга', '54', 0),
(1827, 'Хонуу', '54', 0),
(1828, 'Чернышевский', '54', 0),
(1829, 'Черский', '54', 0),
(1830, 'Чокурдах', '54', 0),
(1831, 'Чульман', '54', 0),
(1832, 'Чурапча', '54', 0),
(1833, 'Якутск', '54', 0),
(1834, 'Александровск-Сахалинский', '55', 0),
(1835, 'Анбэцу', '55', 0),
(1836, 'Анива', '55', 0),
(1837, 'Бошняково', '55', 0),
(1838, 'Быков', '55', 0),
(1839, 'Вахрушев', '55', 0),
(1840, 'Взморье', '55', 0),
(1841, 'Гастелло', '55', 0),
(1842, 'Долинск', '55', 0),
(1843, 'Катангли', '55', 0),
(1844, 'Корсаков', '55', 0),
(1845, 'Курильск', '55', 0),
(1846, 'Макаров', '55', 0),
(1847, 'Невельск', '55', 0),
(1848, 'Ноглики', '55', 0),
(1849, 'Оха', '55', 0),
(1850, 'Поронайск', '55', 0),
(1851, 'Северо-Курильск', '55', 0),
(1852, 'Смирных', '55', 0),
(1853, 'Томари', '55', 0),
(1854, 'Тымовское', '55', 0),
(1855, 'Углегорск', '55', 0),
(1856, 'Холмск', '55', 0),
(1857, 'Шахтерск', '55', 0),
(1858, 'Южно-Курильск', '55', 0),
(1859, 'Южно-Сахалинск', '55', 0),
(1860, 'Алапаевск', '56', 0),
(1861, 'Алтынай', '56', 0),
(1862, 'Арамиль', '56', 0),
(1863, 'Арти', '56', 0),
(1864, 'Асбест', '56', 0),
(1865, 'Ачит', '56', 0),
(1866, 'Байкалово', '56', 0),
(1867, 'Басьяновский', '56', 0),
(1868, 'Белоярский', '56', 0),
(1869, 'Бисерть', '56', 0),
(1870, 'Богданович', '56', 0),
(1871, 'Буланаш', '56', 0),
(1872, 'Верхний Тагил', '56', 0),
(1873, 'Верхняя Пышма', '56', 0),
(1874, 'Верхняя Салда', '56', 0);
INSERT INTO `city` (`id`, `name`, `region_id`, `mkad`) VALUES
(1875, 'Верхняя Синячиха', '56', 0),
(1876, 'Верхняя Сысерть', '56', 0),
(1877, 'Верхняя Тура', '56', 0),
(1878, 'Верхотурье', '56', 0),
(1879, 'Висим', '56', 0),
(1880, 'Волчанск', '56', 0),
(1881, 'Гари', '56', 0),
(1882, 'Дегтярск', '56', 0),
(1883, 'Екатеринбург', '56', 0),
(1884, 'Ертарский', '56', 0),
(1885, 'Заводоуспенское', '56', 0),
(1886, 'Ивдель', '56', 0),
(1887, 'Изумруд', '56', 0),
(1888, 'Ирбит', '56', 0),
(1889, 'Ис', '56', 0),
(1890, 'Каменск-Уральский', '56', 0),
(1891, 'Камышлов', '56', 0),
(1892, 'Карпинск', '56', 0),
(1893, 'Качканар', '56', 0),
(1894, 'Кировград', '56', 0),
(1895, 'Краснотурьинск', '56', 0),
(1896, 'Красноуральск', '56', 0),
(1897, 'Красноуфимск', '56', 0),
(1898, 'Кушва', '56', 0),
(1899, 'Лесной', '56', 0),
(1900, 'Михайловск', '56', 0),
(1901, 'Невьянск', '56', 0),
(1902, 'Нижние Серги', '56', 0),
(1903, 'Нижний Тагил', '56', 0),
(1904, 'Нижняя Салда', '56', 0),
(1905, 'Нижняя Тура', '56', 0),
(1906, 'Новая Ляля', '56', 0),
(1907, 'Новоуральск', '56', 0),
(1908, 'Оус', '56', 0),
(1909, 'Первоуральск', '56', 0),
(1910, 'Полевской', '56', 0),
(1911, 'Пышма', '56', 0),
(1912, 'Реж', '56', 0),
(1913, 'Рефтинск', '56', 0),
(1914, 'Свердловск', '56', 0),
(1915, 'Североуральск', '56', 0),
(1916, 'Серов', '56', 0),
(1917, 'Сосьва', '56', 0),
(1918, 'Среднеуральск', '56', 0),
(1919, 'Сухой Лог', '56', 0),
(1920, 'Сысерть', '56', 0),
(1921, 'Таборы', '56', 0),
(1922, 'Тавда', '56', 0),
(1923, 'Талица', '56', 0),
(1924, 'Тугулым', '56', 0),
(1925, 'Туринск', '56', 0),
(1926, 'Туринская Слобода', '56', 0),
(1927, 'Алагир', '57', 0),
(1928, 'Ардон', '57', 0),
(1929, 'Беслан', '57', 0),
(1930, 'Бурон', '57', 0),
(1931, 'Владикавказ', '57', 0),
(1932, 'Дигора', '57', 0),
(1933, 'Моздок', '57', 0),
(1934, 'Орджоникидзе', '57', 0),
(1935, 'Чикола', '57', 0),
(1936, 'Велиж', '58', 0),
(1937, 'Верхнеднепровский', '58', 0),
(1938, 'Ворга', '58', 0),
(1939, 'Вязьма', '58', 0),
(1940, 'Гагарин', '58', 0),
(1941, 'Глинка', '58', 0),
(1942, 'Голынки', '58', 0),
(1943, 'Демидов', '58', 0),
(1944, 'Десногорск', '58', 0),
(1945, 'Дорогобуж', '58', 0),
(1946, 'Духовщина', '58', 0),
(1947, 'Ельня', '58', 0),
(1948, 'Ершичи', '58', 0),
(1949, 'Издешково', '58', 0),
(1950, 'Кардымово', '58', 0),
(1951, 'Красный', '58', 0),
(1952, 'Монастырщина', '58', 0),
(1953, 'Новодугино', '58', 0),
(1954, 'Починок', '58', 0),
(1955, 'Рославль', '58', 0),
(1956, 'Сафоново', '58', 0),
(1957, 'Смоленск', '58', 0),
(1958, 'Сычевка', '58', 0),
(1959, 'Угра', '58', 0),
(1960, 'Хиславичи', '58', 0),
(1961, 'Холм-Жирковский', '58', 0),
(1962, 'Шумячи', '58', 0),
(1963, 'Ярцево', '58', 0),
(1964, 'Александровское', '59', 0),
(1965, 'Арзгир', '59', 0),
(1966, 'Благодарный', '59', 0),
(1967, 'Буденновск', '59', 0),
(1968, 'Георгиевск', '59', 0),
(1969, 'Дивное', '59', 0),
(1970, 'Домбай', '59', 0),
(1971, 'Донское', '59', 0),
(1972, 'Ессентуки', '59', 0),
(1973, 'Железноводск', '59', 0),
(1974, 'Зеленокумск', '59', 0),
(1975, 'Изобильный', '59', 0),
(1976, 'Иноземцево', '59', 0),
(1977, 'Ипатово', '59', 0),
(1978, 'Карачаевск', '59', 0),
(1979, 'Кисловодск', '59', 0),
(1980, 'Кочубеевское', '59', 0),
(1981, 'Курсавка', '59', 0),
(1982, 'Левокумское', '59', 0),
(1983, 'Лермонтов', '59', 0),
(1984, 'Минеральные Воды', '59', 0),
(1985, 'Невинномысск', '59', 0),
(1986, 'Нефтекумск', '59', 0),
(1987, 'Новоалександровск', '59', 0),
(1988, 'Новоалександровская', '59', 0),
(1989, 'Новопавловск', '59', 0),
(1990, 'Новоселицкое', '59', 0),
(1991, 'Преградная', '59', 0),
(1992, 'Пятигорск', '59', 0),
(1993, 'Светлоград', '59', 0),
(1994, 'Солнечнодольск', '59', 0),
(1995, 'Ставрополь', '59', 0),
(1996, 'Теберда', '59', 0),
(1997, 'Усть-Джегута', '59', 0),
(1998, 'Хабез', '59', 0),
(1999, 'Черкесск', '59', 0),
(2000, 'Бондари', '60', 0),
(2001, 'Гавриловка Вторая', '60', 0),
(2002, 'Жердевка', '60', 0),
(2003, 'Знаменка', '60', 0),
(2004, 'Инжавино', '60', 0),
(2005, 'Кирсанов', '60', 0),
(2006, 'Котовск', '60', 0),
(2007, 'Мичуринск', '60', 0),
(2008, 'Мордово', '60', 0),
(2009, 'Моршанск', '60', 0),
(2010, 'Мучкапский', '60', 0),
(2011, 'Петровское', '60', 0),
(2012, 'Пичаево', '60', 0),
(2013, 'Рассказово', '60', 0),
(2014, 'Ржакса', '60', 0),
(2015, 'Сосновка', '60', 0),
(2016, 'Староюрьево', '60', 0),
(2017, 'Тамбов', '60', 0),
(2018, 'Токаревка', '60', 0),
(2019, 'Уварово', '60', 0),
(2020, 'Умет', '60', 0),
(2021, 'Агрыз', '61', 0),
(2022, 'Азнакаево', '61', 0),
(2023, 'Аксубаево', '61', 0),
(2024, 'Актаныш', '61', 0),
(2025, 'Актюбинский', '61', 0),
(2026, 'Алексеевское', '61', 0),
(2027, 'Альметьевск', '61', 0),
(2028, 'Апастово', '61', 0),
(2029, 'Арск', '61', 0),
(2030, 'Бавлы', '61', 0),
(2031, 'Базарные Матаки', '61', 0),
(2032, 'Балтаси', '61', 0),
(2033, 'Богатые Сабы', '61', 0),
(2034, 'Брежнев', '61', 0),
(2035, 'Бугульма', '61', 0),
(2036, 'Буинск', '61', 0),
(2037, 'Васильево', '61', 0),
(2038, 'Верхний Услон', '61', 0),
(2039, 'Высокая Гора', '61', 0),
(2040, 'Дербешкинский', '61', 0),
(2041, 'Елабуга', '61', 0),
(2042, 'Заинск', '61', 0),
(2043, 'Зеленодольск', '61', 0),
(2044, 'Казань', '61', 0),
(2045, 'Камское Устье', '61', 0),
(2046, 'Карабаш', '61', 0),
(2047, 'Кукмод', '61', 0),
(2048, 'Кукмор', '61', 0),
(2049, 'Лаишево', '61', 0),
(2050, 'Лениногорск', '61', 0),
(2051, 'Мамадыш', '61', 0),
(2052, 'Менделеевск', '61', 0),
(2053, 'Мензелинск', '61', 0),
(2054, 'Муслюмово', '61', 0),
(2055, 'Набережные Челны', '61', 0),
(2056, 'Нижнекамск', '61', 0),
(2057, 'Новошешминск', '61', 0),
(2058, 'Нурлат', '61', 0),
(2059, 'Пестрецы', '61', 0),
(2060, 'Рыбная Слобода', '61', 0),
(2061, 'Сарманово', '61', 0),
(2062, 'Старое Дрожжаное', '61', 0),
(2063, 'Тетюши', '61', 0),
(2064, 'Черемшан', '61', 0),
(2065, 'Чистополь', '61', 0),
(2066, 'Андреаполь', '62', 0),
(2067, 'Бежецк', '62', 0),
(2068, 'Белый', '62', 0),
(2069, 'Белый Городок', '62', 0),
(2070, 'Березайка', '62', 0),
(2071, 'Бологое', '62', 0),
(2072, 'Васильевский Мох', '62', 0),
(2073, 'Весьегонск', '62', 0),
(2074, 'Выползово', '62', 0),
(2075, 'Вышний Волочек', '62', 0),
(2076, 'Жарковский', '62', 0),
(2077, 'Западная Двина', '62', 0),
(2078, 'Зубцов', '62', 0),
(2079, 'Изоплит', '62', 0),
(2080, 'Калашниково', '62', 0),
(2081, 'Калинин', '62', 0),
(2082, 'Калязин', '62', 0),
(2083, 'Кашин', '62', 0),
(2084, 'Кесова Гора', '62', 0),
(2085, 'Кимры', '62', 0),
(2086, 'Конаково', '62', 0),
(2087, 'Красный Холм', '62', 0),
(2088, 'Кувшиново', '62', 0),
(2089, 'Лесное', '62', 0),
(2090, 'Лихославль', '62', 0),
(2091, 'Максатиха', '62', 0),
(2092, 'Молоково', '62', 0),
(2093, 'Нелидово', '62', 0),
(2094, 'Оленино', '62', 0),
(2095, 'Осташков', '62', 0),
(2096, 'Пено', '62', 0),
(2097, 'Рамешки', '62', 0),
(2098, 'Ржев', '62', 0),
(2099, 'Сандово', '62', 0),
(2100, 'Селижарово', '62', 0),
(2101, 'Сонково', '62', 0),
(2102, 'Спирово', '62', 0),
(2103, 'Старица', '62', 0),
(2104, 'Тверь', '62', 0),
(2105, 'Торжок', '62', 0),
(2106, 'Торопец', '62', 0),
(2107, 'Удомля', '62', 0),
(2108, 'Фирово', '62', 0),
(2109, 'Асино', '63', 0),
(2110, 'Бакчар', '63', 0),
(2111, 'Батурино', '63', 0),
(2112, 'Зырянское', '63', 0),
(2113, 'Итатка', '63', 0),
(2114, 'Каргасок', '63', 0),
(2115, 'Катайга', '63', 0),
(2116, 'Кожевниково', '63', 0),
(2117, 'Колпашево', '63', 0),
(2118, 'Кривошеино', '63', 0),
(2119, 'Мельниково', '63', 0),
(2120, 'Молчаново', '63', 0),
(2121, 'Парабель', '63', 0),
(2122, 'Подгорное', '63', 0),
(2123, 'Северск', '63', 0),
(2124, 'Стрежевой', '63', 0),
(2125, 'Томск', '63', 0),
(2126, 'Тымск', '63', 0),
(2127, 'Ак-Довурак', '64', 0),
(2128, 'Бай Хаак', '64', 0),
(2129, 'Кызыл', '64', 0),
(2130, 'Самагалтай', '64', 0),
(2131, 'Сарыг-Сеп', '64', 0),
(2132, 'Суть-Холь', '64', 0),
(2133, 'Тоора-Хем', '64', 0),
(2134, 'Туран', '64', 0),
(2135, 'Тээли', '64', 0),
(2136, 'Хову-Аксы', '64', 0),
(2137, 'Чадан', '64', 0),
(2138, 'Шагонар', '64', 0),
(2139, 'Эрзин', '64', 0),
(2140, 'Агеево', '65', 0),
(2141, 'Алексин', '65', 0),
(2142, 'Арсеньево', '65', 0),
(2143, 'Барсуки', '65', 0),
(2144, 'Белев', '65', 0),
(2145, 'Богородицк', '65', 0),
(2146, 'Болохово', '65', 0),
(2147, 'Велегож', '65', 0),
(2148, 'Венев', '65', 0),
(2149, 'Волово', '65', 0),
(2150, 'Горелки', '65', 0),
(2151, 'Епифань', '65', 0),
(2152, 'Ефремов', '65', 0),
(2153, 'Заокский', '65', 0),
(2154, 'Казановка', '65', 0),
(2155, 'Кимовск', '65', 0),
(2156, 'Киреевск', '65', 0),
(2157, 'Куркино', '65', 0),
(2158, 'Ленинский', '65', 0),
(2159, 'Лянтор', '65', 0),
(2160, 'Новомосковск', '65', 0),
(2161, 'Одоев', '65', 0),
(2162, 'Плавск', '65', 0),
(2163, 'Суворов', '65', 0),
(2164, 'Тула', '65', 0),
(2165, 'Узловая', '65', 0),
(2166, 'Щекино', '65', 0),
(2167, 'Ясногорск', '65', 0),
(2168, 'Яр-Сале', '66', 0),
(2169, 'Абатский', '66', 0),
(2170, 'Аган', '66', 0),
(2171, 'Аксарка', '66', 0),
(2172, 'Армизонское', '66', 0),
(2173, 'Аромашево', '66', 0),
(2174, 'Бердюжье', '66', 0),
(2175, 'Березово', '66', 0),
(2176, 'Большое Сорокино', '66', 0),
(2177, 'Вагай', '66', 0),
(2178, 'Викулово', '66', 0),
(2179, 'Винзили', '66', 0),
(2180, 'Голышманово', '66', 0),
(2181, 'Губкинский', '66', 0),
(2182, 'Заводопетровский', '66', 0),
(2183, 'Заводоуковск', '66', 0),
(2184, 'Игрим', '66', 0),
(2185, 'Излучинск', '66', 0),
(2186, 'Исетское', '66', 0),
(2187, 'Ишим', '66', 0),
(2188, 'Казанское', '66', 0),
(2189, 'Казым-Мыс', '66', 0),
(2190, 'Когалым', '66', 0),
(2191, 'Кондинское', '66', 0),
(2192, 'Красноселькуп', '66', 0),
(2193, 'Лабытнанги', '66', 0),
(2194, 'Лангепас', '66', 0),
(2195, 'Ларьяк', '66', 0),
(2196, 'Лянторский', '66', 0),
(2197, 'Мегион', '66', 0),
(2198, 'Междуреченский', '66', 0),
(2199, 'Мужи', '66', 0),
(2200, 'Муравленко', '66', 0),
(2201, 'Надым', '66', 0),
(2202, 'Нефтеюганск', '66', 0),
(2203, 'Нижневартовск', '66', 0),
(2204, 'Нижняя Тавда', '66', 0),
(2205, 'Новоаганск', '66', 0),
(2206, 'Новый Уренгой', '66', 0),
(2207, 'Ноябрьск', '66', 0),
(2208, 'Нягань', '66', 0),
(2209, 'Омутинский', '66', 0),
(2210, 'Покачи', '66', 0),
(2211, 'Приобье', '66', 0),
(2212, 'Пыть-Ях', '66', 0),
(2213, 'Салехард', '66', 0),
(2214, 'Сладково', '66', 0),
(2215, 'Тазовский', '66', 0),
(2216, 'Тобольск', '66', 0),
(2217, 'Тюмень', '66', 0),
(2218, 'Уват', '66', 0),
(2219, 'Унъюган', '66', 0),
(2220, 'Упорово', '66', 0),
(2221, 'Урай', '66', 0),
(2222, 'Ханты-Мансийск', '66', 0),
(2223, 'Югорск', '66', 0),
(2224, 'Юрибей', '66', 0),
(2225, 'Ялуторовск', '66', 0),
(2226, 'Ярково', '66', 0),
(2227, 'Алнаши', '67', 0),
(2228, 'Балезино', '67', 0),
(2229, 'Вавож', '67', 0),
(2230, 'Воткинск', '67', 0),
(2231, 'Глазов', '67', 0),
(2232, 'Грахово', '67', 0),
(2233, 'Дебесы', '67', 0),
(2234, 'Игра', '67', 0),
(2235, 'Ижевск', '67', 0),
(2236, 'Кама', '67', 0),
(2237, 'Камбарка', '67', 0),
(2238, 'Каракулино', '67', 0),
(2239, 'Кез', '67', 0),
(2240, 'Кизнер', '67', 0),
(2241, 'Киясово', '67', 0),
(2242, 'Можга', '67', 0),
(2243, 'Сарапул', '67', 0),
(2244, 'Селты', '67', 0),
(2245, 'Сюмси', '67', 0),
(2246, 'Ува', '67', 0),
(2247, 'Устинов', '67', 0),
(2248, 'Шаркан', '67', 0),
(2249, 'Юкаменское', '67', 0),
(2250, 'Якшур-Бодья', '67', 0),
(2251, 'Яр', '67', 0),
(2252, 'Базарный Сызган', '68', 0),
(2253, 'Барыш', '68', 0),
(2254, 'Большое Нагаткино', '68', 0),
(2255, 'Вешкайма', '68', 0),
(2256, 'Глотовка', '68', 0),
(2257, 'Димитровград', '68', 0),
(2258, 'Игнатовка', '68', 0),
(2259, 'Измайлово', '68', 0),
(2260, 'Инза', '68', 0),
(2261, 'Ишеевка', '68', 0),
(2262, 'Канадей', '68', 0),
(2263, 'Карсун', '68', 0),
(2264, 'Кузоватово', '68', 0),
(2265, 'Майна', '68', 0),
(2266, 'Новая Малыкла', '68', 0),
(2267, 'Новоспасское', '68', 0),
(2268, 'Новоульяновск', '68', 0),
(2269, 'Павловка', '68', 0),
(2270, 'Радищево', '68', 0),
(2271, 'Сенгилей', '68', 0),
(2272, 'Старая Кулатка', '68', 0),
(2273, 'Старая Майна', '68', 0),
(2274, 'Сурское', '68', 0),
(2275, 'Тереньга', '68', 0),
(2276, 'Ульяновск', '68', 0),
(2277, 'Чердаклы', '68', 0),
(2278, 'Дарьинское', '69', 0),
(2279, 'Деркул', '69', 0),
(2280, 'Джамбейты', '69', 0),
(2281, 'Переметное', '69', 0),
(2282, 'Уральск', '69', 0),
(2283, 'Фурманово', '69', 0),
(2284, 'Чапаев', '69', 0),
(2285, 'Амурск', '70', 0),
(2286, 'Аян', '70', 0),
(2287, 'Березовый', '70', 0),
(2288, 'Бикин', '70', 0),
(2289, 'Бира', '70', 0),
(2290, 'Биракан', '70', 0),
(2291, 'Ванино', '70', 0),
(2292, 'Волочаевка Вторая', '70', 0),
(2293, 'Высокогорный', '70', 0),
(2294, 'Вяземский', '70', 0),
(2295, 'Гурское', '70', 0),
(2296, 'Дормидонтовка', '70', 0),
(2297, 'Заветы Ильича', '70', 0),
(2298, 'Известковый', '70', 0),
(2299, 'Иннокентьевка', '70', 0),
(2300, 'Комсомольск-на-Амуре', '70', 0),
(2301, 'Нелькан', '70', 0),
(2302, 'Николаевск-на-Амуре', '70', 0),
(2303, 'Облучье', '70', 0),
(2304, 'Охотск', '70', 0),
(2305, 'Переяславка', '70', 0),
(2306, 'Смидович', '70', 0),
(2307, 'Советская Гавань', '70', 0),
(2308, 'Софийск', '70', 0),
(2309, 'Тугур', '70', 0),
(2310, 'Хабаровск', '70', 0),
(2311, 'Чегдомын', '70', 0),
(2312, 'Чумикан', '70', 0),
(2313, 'Саяногорск', '71', 0),
(2314, 'Агаповка', '72', 0),
(2315, 'Аргаяш', '72', 0),
(2316, 'Аша', '72', 0),
(2317, 'Бакал', '72', 0),
(2318, 'Бреды', '72', 0),
(2319, 'Варна', '72', 0),
(2320, 'Верхнеуральск', '72', 0),
(2321, 'Верхний Уфалей', '72', 0),
(2322, 'Еманжелинск', '72', 0),
(2323, 'Златоуст', '72', 0),
(2324, 'Карталы', '72', 0),
(2325, 'Касли', '72', 0),
(2326, 'Катав-Ивановск', '72', 0),
(2327, 'Копейск', '72', 0),
(2328, 'Коркино', '72', 0),
(2329, 'Красногорский', '72', 0),
(2330, 'Кунашак', '72', 0),
(2331, 'Куса', '72', 0),
(2332, 'Кыштым', '72', 0),
(2333, 'Магнитогорск', '72', 0),
(2334, 'Миасс', '72', 0),
(2335, 'Миньяр', '72', 0),
(2336, 'Пласт', '72', 0),
(2337, 'Сатка', '72', 0),
(2338, 'Сим', '72', 0),
(2339, 'Снежинск', '72', 0),
(2340, 'Трехгорный', '72', 0),
(2341, 'Увельский', '72', 0),
(2342, 'Уйское', '72', 0),
(2343, 'Усть-Катав', '72', 0),
(2344, 'Фершампенуаз', '72', 0),
(2345, 'Чебаркуль', '72', 0),
(2346, 'Челябинск', '72', 0),
(2347, 'Чесма', '72', 0),
(2348, 'Южно-Уральск', '72', 0),
(2349, 'Юрюзань', '72', 0),
(2350, 'Аргун', '73', 0),
(2351, 'Грозный', '73', 0),
(2352, 'Гудермес', '73', 0),
(2353, 'Малгобек', '73', 0),
(2354, 'Назрань', '73', 0),
(2355, 'Наурская', '73', 0),
(2356, 'Ножай-Юрт', '73', 0),
(2357, 'Орджоникидзевская', '73', 0),
(2358, 'Урус-Мартан', '73', 0),
(2359, 'Шали', '73', 0),
(2360, 'Аксеново-Зиловское', '74', 0),
(2361, 'Акша', '74', 0),
(2362, 'Арбагар', '74', 0),
(2363, 'Атамановка', '74', 0),
(2364, 'Балей', '74', 0),
(2365, 'Борзя', '74', 0),
(2366, 'Букачача', '74', 0),
(2367, 'Газимурский Завод', '74', 0),
(2368, 'Давенда', '74', 0),
(2369, 'Дарасун', '74', 0),
(2370, 'Домна', '74', 0),
(2371, 'Дровяная', '74', 0),
(2372, 'Дульдурга', '74', 0),
(2373, 'Забайкальск', '74', 0),
(2374, 'Карымское', '74', 0),
(2375, 'Ключевский', '74', 0),
(2376, 'Кокуй', '74', 0),
(2377, 'Краснокаменск', '74', 0),
(2378, 'Красный Чикой', '74', 0),
(2379, 'Кыра', '74', 0),
(2380, 'Моготуй', '74', 0),
(2381, 'Могоча', '74', 0),
(2382, 'Нерчинск', '74', 0),
(2383, 'Нерчинский Завод', '74', 0),
(2384, 'Нижний Цасучей', '74', 0),
(2385, 'Оловянная', '74', 0),
(2386, 'Петровск-Забайкальский', '74', 0),
(2387, 'Приаргунск', '74', 0),
(2388, 'Сретенск', '74', 0),
(2389, 'Тупик', '74', 0),
(2390, 'Улеты', '74', 0),
(2391, 'Хилок', '74', 0),
(2392, 'Чара', '74', 0),
(2393, 'Чернышевск', '74', 0),
(2394, 'Чита', '74', 0),
(2395, 'Шелопугино', '74', 0),
(2396, 'Шилка', '74', 0),
(2397, 'Алатырь', '75', 0),
(2398, 'Аликово', '75', 0),
(2399, 'Батырева', '75', 0),
(2400, 'Вурнары', '75', 0),
(2401, 'Ибреси', '75', 0),
(2402, 'Канаш', '75', 0),
(2403, 'Киря', '75', 0),
(2404, 'Комсомольское', '75', 0),
(2405, 'Красные Четаи', '75', 0),
(2406, 'Кугеси', '75', 0),
(2407, 'Мариинский Посад', '75', 0),
(2408, 'Моргауши', '75', 0),
(2409, 'Новочебоксарск', '75', 0),
(2410, 'Порецкое', '75', 0),
(2411, 'Урмары', '75', 0),
(2412, 'Цивильск', '75', 0),
(2413, 'Чебоксары', '75', 0),
(2414, 'Шемурша', '75', 0),
(2415, 'Шумерля', '75', 0),
(2416, 'Ядрин', '75', 0),
(2417, 'Яльчики', '75', 0),
(2418, 'Янтиково', '75', 0),
(2419, 'Пангоды', '77', 0),
(2420, 'Пуровск', '77', 0),
(2421, 'Тарко-Сале', '77', 0),
(2422, 'Андропов', '78', 0),
(2423, 'Берендеево', '78', 0),
(2424, 'Большое Село', '78', 0),
(2425, 'Борисоглебский', '78', 0),
(2426, 'Брейтово', '78', 0),
(2427, 'Бурмакино', '78', 0),
(2428, 'Варегово', '78', 0),
(2429, 'Волга', '78', 0),
(2430, 'Гаврилов Ям', '78', 0),
(2431, 'Данилов', '78', 0),
(2432, 'Любим', '78', 0),
(2433, 'Мышкин', '78', 0),
(2434, 'Некрасовское', '78', 0),
(2435, 'Новый Некоуз', '78', 0),
(2436, 'Переславль-Залесский', '78', 0),
(2437, 'Пошехонье-Володарск', '78', 0),
(2438, 'Ростов', '78', 0),
(2439, 'Рыбинск', '78', 0),
(2440, 'Тутаев', '78', 0),
(2441, 'Углич', '78', 0),
(2442, 'Ярославль', '78', 0);

-- --------------------------------------------------------

--
-- Table structure for table `comment_object`
--

DROP TABLE IF EXISTS `comment_object`;
CREATE TABLE `comment_object` (
  `id` int(11) NOT NULL,
  `object_id` int(11) NOT NULL,
  `level` int(11) NOT NULL,
  `comment_id` int(11) DEFAULT NULL,
  `user_id` int(11) NOT NULL,
  `user_name` varchar(255) NOT NULL,
  `text` text CHARACTER SET utf8mb4 NOT NULL,
  `datetime` datetime NOT NULL,
  `path` varchar(350) DEFAULT NULL
) ENGINE=InnoDB DEFAULT CHARSET=utf8;

--
-- Truncate table before insert `comment_object`
--

TRUNCATE TABLE `comment_object`;
--
-- Dumping data for table `comment_object`
--

INSERT INTO `comment_object` (`id`, `object_id`, `level`, `comment_id`, `user_id`, `user_name`, `text`, `datetime`, `path`) VALUES
(57, 81, 0, NULL, 90, 'БАРАНОВ ВИТАЛИЙ', 'проба', '2018-10-27 16:46:21', '57.'),
(58, 81, 0, NULL, 90, 'БАРАНОВ ВИТАЛИЙ', 'клиент не на связи', '2018-10-31 17:48:52', '58.'),
(59, 106, 0, NULL, 292, 'Александров Дмитрий', ' В современном жилом комплексе в 5 минутах езды от метро Юго западная, на первом этаже нового, современного, 24 этажного дома , предлагается под залог 2 коммерческих помещения на первом этаже и в полуподвале. Для этих двух помещений уже есть арендаторы, которые в настоящий момент осуществляют  ремонт помещений под коммерческую деятельность. Отдельный вход, большие окна. Рядом несколько 24 этажных высоток и большой спортивный центр прямо во дворе комплекса. Идеальное место для любой коммерческой деятельности с большим потенциалом. Рыночная стоимость объекта - 30 000 000 рублей. Требуемая сумма к выдаче - 15 000 000. По оценке Национального кредитного союза данный объект имеет отличные залогово - инвестиционные перспективы.', '2018-11-19 14:54:24', '59.'),
(60, 129, 0, NULL, 90, 'БАРАНОВ ВИТАЛИЙ', 'прописан 9 лет внук и женщина 1933 года.', '2018-12-05 14:56:32', '60.'),
(61, 127, 0, NULL, 90, 'БАРАНОВ ВИТАЛИЙ', 'Клиент думает 5 дней', '2018-12-06 17:16:36', '61.');

-- --------------------------------------------------------

--
-- Table structure for table `confidence`
--

DROP TABLE IF EXISTS `confidence`;
CREATE TABLE `confidence` (
  `id` int(11) NOT NULL,
  `title` varchar(255) DEFAULT NULL
) ENGINE=MyISAM DEFAULT CHARSET=utf8;

--
-- Truncate table before insert `confidence`
--

TRUNCATE TABLE `confidence`;
--
-- Dumping data for table `confidence`
--

INSERT INTO `confidence` (`id`, `title`) VALUES
(1, 'НБКИ'),
(2, 'Судебная справка'),
(3, 'ФССП'),
(4, 'Ф1 кадастр'),
(5, 'Оценочный лист');

-- --------------------------------------------------------

--
-- Table structure for table `confidence_object`
--

DROP TABLE IF EXISTS `confidence_object`;
CREATE TABLE `confidence_object` (
  `confidence_id` int(11) DEFAULT NULL,
  `object_id` int(11) DEFAULT NULL
) ENGINE=MyISAM DEFAULT CHARSET=utf8;

--
-- Truncate table before insert `confidence_object`
--

TRUNCATE TABLE `confidence_object`;
--
-- Dumping data for table `confidence_object`
--

INSERT INTO `confidence_object` (`confidence_id`, `object_id`) VALUES
(1, 1),
(2, 1),
(3, 40),
(4, 40),
(1, 41),
(2, 41),
(1, 42),
(2, 42),
(5, 53);

-- --------------------------------------------------------

--
-- Table structure for table `form_participation`
--

DROP TABLE IF EXISTS `form_participation`;
CREATE TABLE `form_participation` (
  `id` int(11) NOT NULL,
  `title` varchar(255) NOT NULL
) ENGINE=InnoDB DEFAULT CHARSET=utf8;

--
-- Truncate table before insert `form_participation`
--

TRUNCATE TABLE `form_participation`;
--
-- Dumping data for table `form_participation`
--

INSERT INTO `form_participation` (`id`, `title`) VALUES
(1, 'Прямой Кредитор ( кредит между кредитором и Заемщиком)'),
(2, 'Покупка Закладной (кредитор выкупает права требование на объект и все платежи по кредиту)'),
(3, 'Покупка по цессии ( кредитор приобретает право требование по объекту, и всем долговым обязательствам клиента)'),
(4, 'Пассивный инвестор (Поручает управляющей компании совершать сделки от своего имени с получением % по кредиту)');

-- --------------------------------------------------------

--
-- Table structure for table `group_checkbox`
--

DROP TABLE IF EXISTS `group_checkbox`;
CREATE TABLE `group_checkbox` (
  `id` int(11) NOT NULL,
  `attribute_id` int(11) NOT NULL,
  `title` varchar(255) DEFAULT NULL
) ENGINE=InnoDB DEFAULT CHARSET=utf8;

--
-- Truncate table before insert `group_checkbox`
--

TRUNCATE TABLE `group_checkbox`;
--
-- Dumping data for table `group_checkbox`
--

INSERT INTO `group_checkbox` (`id`, `attribute_id`, `title`) VALUES
(14, 2, 'Дети'),
(15, 2, 'Иждивенцы'),
(16, 2, 'Отказники'),
(17, 2, 'Взрослые'),
(18, 3, 'Газ'),
(19, 3, 'Свет'),
(20, 3, 'Вода'),
(21, 4, 'газ'),
(22, 4, 'свет'),
(23, 4, 'электричество'),
(24, 4, 'канализация'),
(26, 5, 'Газ'),
(27, 5, 'Свет'),
(28, 5, 'Вода'),
(29, 6, 'дети'),
(30, 6, 'иждивенцы'),
(31, 6, 'отказники'),
(32, 6, 'взрослые');

-- --------------------------------------------------------

--
-- Table structure for table `group_radio`
--

DROP TABLE IF EXISTS `group_radio`;
CREATE TABLE `group_radio` (
  `id` int(11) NOT NULL,
  `attribute_id` int(11) NOT NULL,
  `title` varchar(255) DEFAULT NULL
) ENGINE=InnoDB DEFAULT CHARSET=utf8;

--
-- Truncate table before insert `group_radio`
--

TRUNCATE TABLE `group_radio`;
--
-- Dumping data for table `group_radio`
--

INSERT INTO `group_radio` (`id`, `attribute_id`, `title`) VALUES
(6, 2, 'Физ. лицо'),
(7, 2, 'ИП'),
(8, 2, 'ООО');

-- --------------------------------------------------------

--
-- Table structure for table `info_site`
--

DROP TABLE IF EXISTS `info_site`;
CREATE TABLE `info_site` (
  `id` int(11) NOT NULL,
  `title` varchar(255) DEFAULT NULL,
  `bot_title` varchar(255) DEFAULT NULL,
  `descr` text,
  `letter_email` varchar(255) DEFAULT NULL,
  `letter_email_pass` varchar(255) DEFAULT NULL,
  `letter_phone` varchar(255) DEFAULT NULL,
  `supp_email` varchar(255) DEFAULT NULL,
  `supp_phone` varchar(255) DEFAULT NULL
) ENGINE=InnoDB DEFAULT CHARSET=utf8;

--
-- Truncate table before insert `info_site`
--

TRUNCATE TABLE `info_site`;
--
-- Dumping data for table `info_site`
--

INSERT INTO `info_site` (`id`, `title`, `bot_title`, `descr`, `letter_email`, `letter_email_pass`, `letter_phone`, `supp_email`, `supp_phone`) VALUES
(1, 'Национальный кредитный союз', '', '', 'test.test.37@yandex.ru', 'testtesttest', '+ 7 495-294-30-20', 'alexcpu7@gmail.com', '8 (800) 555-35-35');

-- --------------------------------------------------------

--
-- Table structure for table `locality_type`
--

DROP TABLE IF EXISTS `locality_type`;
CREATE TABLE `locality_type` (
  `id` int(11) NOT NULL,
  `name` char(50) NOT NULL
) ENGINE=InnoDB DEFAULT CHARSET=utf8mb4;

--
-- Truncate table before insert `locality_type`
--

TRUNCATE TABLE `locality_type`;
--
-- Dumping data for table `locality_type`
--

INSERT INTO `locality_type` (`id`, `name`) VALUES
(1, 'Город'),
(2, 'Поселок'),
(3, 'Поселок городского типа'),
(4, 'Деревня'),
(5, 'Село');

-- --------------------------------------------------------

--
-- Table structure for table `migration`
--

DROP TABLE IF EXISTS `migration`;
CREATE TABLE `migration` (
  `version` varchar(180) NOT NULL,
  `apply_time` int(11) DEFAULT NULL
) ENGINE=InnoDB DEFAULT CHARSET=utf8;

--
-- Truncate table before insert `migration`
--

TRUNCATE TABLE `migration`;
--
-- Dumping data for table `migration`
--

INSERT INTO `migration` (`version`, `apply_time`) VALUES
('m000000_000000_base', 1521194459),
('m130524_201442_init', 1521194462),
('m140506_102106_rbac_init', 1521527419),
('m170907_052038_rbac_add_index_on_auth_assignment_user_id', 1521527419),
('m180402_064120_update_table_user', 1522651518),
('m180403_112331_table_user_avatar', 1522761321),
('m180405_093110_update_users_table', 1522927058),
('m180410_071005_crete_table_info_site', 1523349676),
('m180413_100054_update_user_table', 1523613765),
('m180417_093753_creare_lot_tables_object_and_passport', 1523974929),
('m180417_125048_create_FK_in_new_tables', 1523974931),
('m180417_144224_create_notice_table', 1523977398),
('m180420_074006_creat_sticers_tables', 1524214273),
('m180424_132725_create_table_tariff', 1524578786),
('m180507_105127_update_object_table', 1525703431),
('m180510_071019_update_object_file', 1525936320),
('m180511_081320_update_user_passport', 1526026719),
('m180511_104351_create_payment_table', 1526037465),
('m180514_081708_create_tables_object', 1526292565),
('m180515_132328_update_object_chetboc_and_radio_tables', 1526390957),
('m180516_112013_create_passport_tables', 1526471209),
('m180517_131743_create_room_object_user', 1527086792),
('m180523_144135_create', 1527086792),
('m180524_123115_create_table_comment_obj', 1527165696),
('m180528_100554_update_comment_table', 1527502104),
('m180609_105502_dell_fk_tables', 1528880302),
('m180613_064748_create_tables_tag', 1528880302),
('m180614_090714_update_table_object', 1529063944),
('m180618_141242_update_tables', 1529337718),
('m180619_141958_update_user_passport', 1529423925),
('m180621_095357_update_pasport_table', 1529585278),
('m180709_071251_update_object_table', 1531125891),
('m180709_094701_update_room_object_user_table', 1531131607),
('m180710_083129_new_tables_participation_passport', 1531224520),
('m180710_125221_confidence_tables', 1531234612),
('m181011_021055_city', 1539709587),
('m181011_155011_add_city_id_column_into_object', 1539709632),
('m181016_070909_locality_type', 1539709638),
('m181016_070917_region', 1539709642),
('m181016_074906_city_fill', 1539709674),
('m181022_205112_add_img_min_field_into_object_img', 1540320194),
('m181031_160729_add_broker_id_field_into_object', 1541050071),
('m181107_085253_add_table_object_confidence', 1542255973),
('m181114_054559_add_object_confidence_file_table', 1542255973),
('m190114_150355_add_land_price_fields_into_object_table', 1547572940);

-- --------------------------------------------------------

--
-- Table structure for table `module_tariff`
--

DROP TABLE IF EXISTS `module_tariff`;
CREATE TABLE `module_tariff` (
  `id` int(11) NOT NULL,
  `days` int(11) NOT NULL,
  `price` decimal(12,2) NOT NULL,
  `status` int(1) DEFAULT NULL,
  `img` varchar(255) DEFAULT NULL,
  `discount_id` int(11) DEFAULT NULL,
  `title` varchar(255) DEFAULT NULL,
  `top_title` varchar(255) DEFAULT NULL,
  `bot_title` varchar(255) DEFAULT NULL,
  `descr` text
) ENGINE=InnoDB DEFAULT CHARSET=utf8;

--
-- Truncate table before insert `module_tariff`
--

TRUNCATE TABLE `module_tariff`;
--
-- Dumping data for table `module_tariff`
--

INSERT INTO `module_tariff` (`id`, `days`, `price`, `status`, `img`, `discount_id`, `title`, `top_title`, `bot_title`, `descr`) VALUES
(1, 180, '1800.00', 1, '', NULL, 'Начальный', '', '', ''),
(2, 270, '2700.00', 1, '', 2, 'Продвинутый', '', '', ''),
(3, 360, '3600.00', 1, '', 1, 'Профессиональный', '', '', ''),
(4, 1, '1.00', 0, '', NULL, 'Тестовый период', '', '', ''),
(5, 100, '1000.00', 0, '', 2, '', '', '', '');

-- --------------------------------------------------------

--
-- Table structure for table `module_tariff_discount`
--

DROP TABLE IF EXISTS `module_tariff_discount`;
CREATE TABLE `module_tariff_discount` (
  `id` int(11) NOT NULL,
  `title` varchar(255) NOT NULL,
  `number` decimal(11,2) NOT NULL,
  `type` int(11) NOT NULL
) ENGINE=InnoDB DEFAULT CHARSET=utf8;

--
-- Truncate table before insert `module_tariff_discount`
--

TRUNCATE TABLE `module_tariff_discount`;
--
-- Dumping data for table `module_tariff_discount`
--

INSERT INTO `module_tariff_discount` (`id`, `title`, `number`, `type`) VALUES
(1, '-10%', '10.00', 1),
(2, '-500р', '500.00', 2);

-- --------------------------------------------------------

--
-- Table structure for table `notice`
--

DROP TABLE IF EXISTS `notice`;
CREATE TABLE `notice` (
  `id` int(11) NOT NULL,
  `title` varchar(255) NOT NULL
) ENGINE=InnoDB DEFAULT CHARSET=utf8;

--
-- Truncate table before insert `notice`
--

TRUNCATE TABLE `notice`;
--
-- Dumping data for table `notice`
--

INSERT INTO `notice` (`id`, `title`) VALUES
(1, 'Уведомление на почту'),
(2, 'Уведомление куда-то 1'),
(3, 'Самое обычное уведомление');

-- --------------------------------------------------------

--
-- Table structure for table `notice_user`
--

DROP TABLE IF EXISTS `notice_user`;
CREATE TABLE `notice_user` (
  `notice_id` int(11) DEFAULT NULL,
  `user_id` int(11) DEFAULT NULL
) ENGINE=InnoDB DEFAULT CHARSET=utf8;

--
-- Truncate table before insert `notice_user`
--

TRUNCATE TABLE `notice_user`;
--
-- Dumping data for table `notice_user`
--

INSERT INTO `notice_user` (`notice_id`, `user_id`) VALUES
(1, 337);

-- --------------------------------------------------------

--
-- Table structure for table `object`
--

DROP TABLE IF EXISTS `object`;
CREATE TABLE `object` (
  `id` int(11) NOT NULL,
  `type_id` int(11) NOT NULL,
  `status` int(1) DEFAULT NULL,
  `title` varchar(255) NOT NULL,
  `descr` text,
  `place_km` int(11) DEFAULT NULL,
  `amount` decimal(11,2) DEFAULT NULL,
  `address` varchar(255) DEFAULT NULL,
  `address_map` varchar(255) DEFAULT NULL,
  `rooms` int(11) DEFAULT NULL,
  `owner` varchar(255) DEFAULT NULL,
  `price_cadastral` int(11) DEFAULT NULL,
  `price_tian` int(11) DEFAULT NULL,
  `price_market` int(11) DEFAULT NULL,
  `price_liquidation` int(11) DEFAULT NULL,
  `status_object` int(11) DEFAULT NULL,
  `created_at` int(11) NOT NULL,
  `updated_at` int(11) NOT NULL,
  `close_at` int(11) DEFAULT NULL,
  `order` int(11) NOT NULL,
  `rate` int(11) DEFAULT NULL,
  `term` int(11) DEFAULT NULL,
  `schedule_payments` int(11) DEFAULT NULL,
  `nks` int(11) DEFAULT NULL,
  `area` decimal(11,1) DEFAULT NULL,
  `city_id` int(11) DEFAULT NULL,
  `locality_type_id` int(11) DEFAULT NULL,
  `region_id` int(11) DEFAULT NULL,
  `broker_id` int(11) DEFAULT NULL,
  `land_price_cadastral` float DEFAULT NULL,
  `land_price_tian` float DEFAULT NULL,
  `land_price_market` float DEFAULT NULL,
  `land_price_liquidation` float DEFAULT NULL
) ENGINE=InnoDB DEFAULT CHARSET=utf8;

--
-- Truncate table before insert `object`
--

TRUNCATE TABLE `object`;
--
-- Dumping data for table `object`
--

INSERT INTO `object` (`id`, `type_id`, `status`, `title`, `descr`, `place_km`, `amount`, `address`, `address_map`, `rooms`, `owner`, `price_cadastral`, `price_tian`, `price_market`, `price_liquidation`, `status_object`, `created_at`, `updated_at`, `close_at`, `order`, `rate`, `term`, `schedule_payments`, `nks`, `area`, `city_id`, `locality_type_id`, `region_id`, `broker_id`, `land_price_cadastral`, `land_price_tian`, `land_price_market`, `land_price_liquidation`) VALUES
(42, 2, 0, 'Биссиров', '<p>Дом</p>\r\n', 0, '2500000.00', 'мкр. белые столбы, ул. каштановая 17а', 'г. домодедово, мкр. белые столбы, ул. каштановая 17а', 6, '20.11.2015', 2100000, 6000000, 5400000, 4590000, 2, 1538394929, 1539962303, NULL, 39, 24, 12, 1, NULL, '227.0', 1, 1, 1, NULL, NULL, NULL, NULL, NULL),
(43, 3, 1, 'ООО \"АК-БВРС\"', '<p>.</p>\r\n', 0, '200000000.00', 'Пр-кт Революции 36 д', 'г. воронеж проспект революции 36 д', 100, 'разрешение на ввод обьекта в эксплуатацию от 13.12.2012', 14770049, 120000000, 108000000, 91800000, 2, 1538510985, 1539516263, NULL, 42, 27, 12, 1, NULL, '1492.0', NULL, NULL, NULL, NULL, NULL, NULL, NULL, NULL),
(45, 2, 1, 'Обносова Г.Б.', '<p><span style=\"color:rgb(0, 0, 0); font-family:arial,sans-serif; font-size:15px\">Клиенту нужны деньги до продажи дома, желаемая сумма 15млн, но согласится и на меньшее.</span></p>\r\n', 12, '15000000.00', 'Московская область, Люберецкий район, д.Кирилловка, квартал 1, д.9', 'Московская область, Люберецкий район, д.Кирилловка, квартал 1, д.9', 7, 'Договор купли-продажи', 11846771, 22475000, 20227500, 17193375, 2, 1538575242, 1538577690, NULL, 47, 27, 1, 2, 6000000, '362.5', NULL, NULL, NULL, NULL, NULL, NULL, NULL, NULL),
(46, 2, 1, 'МУТАЛИБ-заде Эльдар Намикович/ Виктор', '<table border=\"0\" cellpadding=\"0\" cellspacing=\"0\" style=\"width:1590px\">\r\n	<tbody>\r\n		<tr>\r\n			<td colspan=\"4\" style=\"height:24px; width:964px\">Стильная загородная резиденция расположена на западе Московской области в Одинцовском&nbsp; районе, в 3-х км ст Ромашково, Беларусской железной дороги, в 1-ом км ст Немчиновка, Беларусской железной дороги и&nbsp; 3,4 км от МКАД.</td>\r\n		</tr>\r\n		<tr>\r\n			<td colspan=\"4\" style=\"height:24px; width:964px\">&nbsp;&nbsp;&nbsp;&nbsp;&nbsp;&nbsp;&nbsp;&nbsp;&nbsp;&nbsp;&nbsp;&nbsp;&nbsp; Объект состоит из 3-х участков, общей площадью 40 соток.</td>\r\n		</tr>\r\n		<tr>\r\n			<td colspan=\"4\" style=\"height:24px; width:964px\">&nbsp;&nbsp;&nbsp;&nbsp;&nbsp;&nbsp;&nbsp;&nbsp;&nbsp;&nbsp;&nbsp;&nbsp;&nbsp; Огорожен мощным бетонным забором, высотой 2,7 м, на бетонном ленточном фундаменте глубиной 1,8 м. Забор оштукатурен, ,отделан&nbsp;&nbsp; камнем, бамбуком, деревом.Забор отделан колпаками, отливами и крышками ручной работы.</td>\r\n		</tr>\r\n		<tr>\r\n			<td colspan=\"4\" style=\"height:24px; width:964px\">&nbsp;&nbsp;&nbsp;&nbsp;&nbsp;&nbsp;&nbsp;&nbsp;&nbsp;&nbsp;&nbsp;&nbsp;&nbsp; На участок имеются три въезда, оборудованные автоматическими воротами.</td>\r\n		</tr>\r\n		<tr>\r\n			<td colspan=\"4\" style=\"height:24px; width:964px\">&nbsp;&nbsp;&nbsp;&nbsp;&nbsp;&nbsp;&nbsp;&nbsp;&nbsp;&nbsp;&nbsp;&nbsp;&nbsp; Дизайн всей резиденции выполнен в прованс&nbsp; стиле. Используемый материалы -&nbsp; натуральный камень,дерево, клиринговый кирпич.</td>\r\n		</tr>\r\n		<tr>\r\n			<td colspan=\"4\" style=\"height:24px; width:964px\">&nbsp;&nbsp;&nbsp;&nbsp;&nbsp;&nbsp;&nbsp;&nbsp;&nbsp;&nbsp;&nbsp;&nbsp;&nbsp;&nbsp;&nbsp; Коммуникации &quot;: сеть автоматического полива, дренажная система, электрика, газ природный, вода / городская плюс&nbsp; артезианская скважина /, охранная сигнализация&nbsp; / по контуру 20 видеокамер /., освещение / 60фонарей /.</td>\r\n		</tr>\r\n		<tr>\r\n			<td colspan=\"4\" style=\"height:24px; width:964px\">&nbsp;&nbsp;&nbsp;&nbsp;&nbsp;&nbsp;&nbsp;&nbsp;&nbsp;&nbsp;&nbsp;&nbsp;&nbsp;&nbsp;&nbsp; Территория : площадки, дорожки,выложенные брусчаткой.&nbsp;</td>\r\n		</tr>\r\n		<tr>\r\n			<td colspan=\"4\" style=\"height:24px; width:964px\">&nbsp;&nbsp;&nbsp;&nbsp;&nbsp;&nbsp;&nbsp;&nbsp;&nbsp;&nbsp;&nbsp;&nbsp;&nbsp;&nbsp;&nbsp; Зеленые насаждения : ухоженный газон , посадки деревьев хвойных , лиственничных пород, цветники и пр.</td>\r\n		</tr>\r\n		<tr>\r\n			<td colspan=\"4\" style=\"height:24px; width:964px\">&nbsp;&nbsp;&nbsp;&nbsp;&nbsp;&nbsp;&nbsp;&nbsp;&nbsp;&nbsp;&nbsp;&nbsp;&nbsp;&nbsp;&nbsp;&nbsp;ПОСТРОЙКИ&nbsp;: Дом, хозяйственый блок,&nbsp; вольер для собак</td>\r\n		</tr>\r\n		<tr>\r\n			<td colspan=\"4\" style=\"height:24px; width:964px\">&nbsp;&nbsp;&nbsp;&nbsp;&nbsp;&nbsp;&nbsp;&nbsp;&nbsp;&nbsp;&nbsp;&nbsp;&nbsp;&nbsp;</td>\r\n		</tr>\r\n		<tr>\r\n			<td colspan=\"4\" style=\"height:24px; width:964px\">&nbsp;</td>\r\n		</tr>\r\n		<tr>\r\n			<td colspan=\"4\" style=\"height:24px; width:964px\">&nbsp;</td>\r\n		</tr>\r\n		<tr>\r\n			<td colspan=\"4\" style=\"height:24px; width:964px\">ДОМ&nbsp;&nbsp;&nbsp;- 3 этажа 774,5 м2</td>\r\n		</tr>\r\n		<tr>\r\n			<td colspan=\"4\" style=\"height:24px; width:964px\">&nbsp;</td>\r\n		</tr>\r\n		<tr>\r\n			<td colspan=\"4\" style=\"height:24px; width:964px\">ЦОКОЛЬНЫЙ ЭТАЖ&nbsp;- помещения для размещения производственного оборудования : котлы, накопительные баки для бассейна и полива, оборудование для очистки бассейна, оборудование для охранной сигнализации&nbsp; ; прачечная , винный склад,холлы,&nbsp; сауна, с/узлы, душевые, спортивный зал, бассейн, зимный сад.</td>\r\n		</tr>\r\n		<tr>\r\n			<td colspan=\"4\" style=\"height:24px; width:964px\">1 ЭТАЖ&nbsp;&nbsp; -&nbsp;Холлы, гардеробная, диванная зона для отдыха, камин, 3 с/узла, столовая , 2 кухни, две гостевые комнаты</td>\r\n		</tr>\r\n		<tr>\r\n			<td colspan=\"4\" style=\"height:24px; width:964px\">2 ЭТАЖ&nbsp; - 4спальни, холлы, 3 с/узла, гардеробные, кабинет, игровая</td>\r\n		</tr>\r\n		<tr>\r\n			<td colspan=\"4\" style=\"height:24px; width:964px\">3 ЭТАЖ&nbsp;- спальня с/узел</td>\r\n		</tr>\r\n		<tr>\r\n			<td colspan=\"4\" style=\"height:24px; width:964px\">Все помещения выполнены с высоким уровнем отделки, дорогостоящими материалами.</td>\r\n		</tr>\r\n		<tr>\r\n			<td colspan=\"4\" style=\"height:24px; width:964px\">Встроенный пылесос.</td>\r\n		</tr>\r\n		<tr>\r\n			<td colspan=\"4\" style=\"height:24px; width:964px\">Дом&nbsp; &quot;охвачен круговой террассой, выложенной доской.</td>\r\n		</tr>\r\n		<tr>\r\n			<td colspan=\"4\" style=\"height:24px; width:964px\">&nbsp;</td>\r\n		</tr>\r\n		<tr>\r\n			<td colspan=\"4\" style=\"height:24px; width:964px\">ХОЗ БЛОК: складское помещение, система венциляции, кондиционерования и дизельный генератор.</td>\r\n		</tr>\r\n		<tr>\r\n			<td colspan=\"4\" style=\"height:24px; width:964px\">ЦОКОЛЬНЫЙ ЭТАЖ&nbsp;- помещения для размещения производственного оборудования (котельня, серверная, система очистки воды в том числе дистиялции, сиситема увлажнения), крупногабаритной малой техники, спорт зал, киноатеатр, с/узел. Душевая, кладовые комнаты</td>\r\n		</tr>\r\n		<tr>\r\n			<td colspan=\"4\" style=\"height:24px; width:964px\">помещения для размещения производственного оборудования ,&nbsp;</td>\r\n		</tr>\r\n		<tr>\r\n			<td colspan=\"4\" style=\"height:24px; width:964px\">ГАРАЖ: на 3 машиноместа, складское помещение, санузел</td>\r\n		</tr>\r\n		<tr>\r\n			<td colspan=\"4\" style=\"height:24px; width:964px\">&nbsp;</td>\r\n		</tr>\r\n		<tr>\r\n			<td style=\"height:24px\">&nbsp;</td>\r\n			<td>&nbsp;</td>\r\n			<td>&nbsp;</td>\r\n			<td>&nbsp;</td>\r\n		</tr>\r\n		<tr>\r\n			<td colspan=\"4\" style=\"height:24px; width:964px\">Все помещения выполнены с высоким уровнем отделки, дорогостоящими материалами.</td>\r\n		</tr>\r\n	</tbody>\r\n</table>\r\n', 0, '60000000.00', 'одинцовский район село ромашково ул. раздоровская 30', 'одинцовский район село ромашково ул. раздоровская 30', 15, '22.04.2016. разрешение на ввод в эксплуатацию', 25460905, 154800000, 139320000, 118422000, 2, 1538606917, 1539519125, NULL, 55, 27, 12, 1, 30000000, '774.0', NULL, NULL, NULL, NULL, NULL, NULL, NULL, NULL),
(47, 1, 1, 'НЕМАКОВА С.И. (смирнов)', '<ul>\r\n	<li style=\"text-align:left\"><span style=\"color:rgb(90, 141, 113)\">Нас. пункт:</span>&nbsp;<strong>Домодедово</strong></li>\r\n	<li style=\"text-align:left\"><span style=\"color:rgb(90, 141, 113)\">Типовая серия:</span>&nbsp;<strong>индивидуальный проект</strong></li>\r\n	<li style=\"text-align:left\"><span style=\"color:rgb(90, 141, 113)\">Год постройки:</span>&nbsp;<strong>2001</strong></li>\r\n	<li style=\"text-align:left\"><span style=\"color:rgb(90, 141, 113)\">Перекрытия:</span>&nbsp;<strong>железобетонные</strong></li>\r\n	<li style=\"text-align:left\"><span style=\"color:rgb(90, 141, 113)\">Каркас:</span>&nbsp;<strong>Кирпичный</strong></li>\r\n	<li style=\"text-align:left\"><span style=\"color:rgb(90, 141, 113)\">Стены:</span>&nbsp;<strong>Из прочих материалов</strong></li>\r\n	<li style=\"text-align:left\"><span style=\"color:rgb(90, 141, 113)\">Класс энергоэффективности:</span>&nbsp;<strong>E</strong></li>\r\n	<li style=\"text-align:left\"><span style=\"color:rgb(90, 141, 113)\">Износ дома:</span>&nbsp;<strong>16.00%</strong></li>\r\n	<li style=\"text-align:left\"><span style=\"color:rgb(90, 141, 113)\">Назначение:</span>&nbsp;<strong>Жилой дом&nbsp;</strong></li>\r\n	<li style=\"text-align:left\"><span style=\"color:rgb(90, 141, 113)\">Тип дома:</span>&nbsp;<strong>Многоквартирный дом</strong></li>\r\n	<li style=\"text-align:left\"><span style=\"color:rgb(90, 141, 113)\">Квартир:</span>&nbsp;<strong>160</strong></li>\r\n	<li style=\"text-align:left\"><span style=\"color:rgb(90, 141, 113)\">Проживает:</span>&nbsp;<strong>349 человек</strong></li>\r\n	<li style=\"text-align:left\"><span style=\"color:rgb(90, 141, 113)\">Этажей всего:</span>&nbsp;<strong>10</strong></li>\r\n	<li style=\"text-align:left\"><span style=\"color:rgb(90, 141, 113)\">Подъездов:</span>&nbsp;<strong>2</strong></li>\r\n	<li style=\"text-align:left\"><span style=\"color:rgb(90, 141, 113)\">Лифтов в подъезде:</span>&nbsp;<strong>1</strong></li>\r\n	<li style=\"text-align:left\"><strong>В квартирах подключен газ</strong></li>\r\n	<li style=\"text-align:left\"><span style=\"color:rgb(90, 141, 113)\">Общая площадь:</span>&nbsp;<strong>10161 м<span style=\"font-size:10.5px\">2</span></strong></li>\r\n	<li style=\"text-align:left\"><span style=\"color:rgb(90, 141, 113)\">Жилая площадь:</span>&nbsp;<strong>9737 м<span style=\"font-size:10.5px\">2</span></strong></li>\r\n	<li style=\"text-align:left\"><span style=\"color:rgb(90, 141, 113)\">Кадастровый номер дома:</span><strong>50:28:0000000:1443</strong></li>\r\n	<li style=\"text-align:left\"><span style=\"color:rgb(90, 141, 113)\">Управляющая компания:</span>&nbsp;<strong>ООО УЖК &quot;Дружба&quot;</strong></li>\r\n	<li style=\"text-align:left\"><span style=\"color:rgb(90, 141, 113)\">Состояние:</span>&nbsp;<strong>Исправный</strong></li>\r\n</ul>\r\n', 0, '3000000.00', 'Г. домодедово ул. Дружбы 9', ' ул. Дружбы 9', 2, '30.04.2002г 1.договор об инвестициях,2. акт', 2755910, 3915000, 3520000, 3000000, 2, 1538609683, 1539612263, NULL, 44, 27, 12, 1, 1666000, '50.0', NULL, NULL, NULL, NULL, NULL, NULL, NULL, NULL),
(48, 1, 0, 'ЛУКАНОВА М.С. (укр)', '<p>-</p>\r\n', 0, '2100000.00', 'ул. Вали котика д.20к2', 'г. Калининград, ул. Вали котика д.20к2', 3, '23.12.2016 договор дарения квартиры', 4541388, 4850000, 4365000, 3700000, 2, 1538611176, 1539516471, NULL, 52, 27, 12, 1, 2055000, '97.0', NULL, NULL, NULL, NULL, NULL, NULL, NULL, NULL),
(49, 2, 1, 'Арсамаков А.С.', '<p>.</p>\r\n', 59, '0.00', 'Московская область, Одинцовский р-н, д. Полушкино, ул. Лесная, д. 8', 'Московская область, Одинцовский р-н, д. Полушкино, ул. Лесная, д. 8', 10, 'Договор купли-продажи земельного участка', 9079966, 19000000, 17200000, 14600000, 2, 1538654072, 1539516541, NULL, 26, 27, 1, 1, 5000000, '544.0', NULL, NULL, NULL, NULL, NULL, NULL, NULL, NULL),
(50, 1, 0, 'Светиков Е.В.(Белоусов)', '<p>.</p>\r\n', 5, '3500000.00', ' проезд Жуковский, д 5, пом 216', 'Московская область, Ленинский р-н, г Видное, проезд Жуковский, д 5, пом 216', 2, 'Договор купли-продажи', 5413179, 5018000, 4516200, 3838770, 2, 1538660541, 1540459126, NULL, 47, 27, 10, 2, 2100000, '52.0', 20, 1, 1, NULL, NULL, NULL, NULL, NULL),
(51, 2, 1, 'Шевелев П.А.(Красюк)', '<p>.</p>\r\n', 0, '3000000.00', 'Лазаревский район, ул. Туманяна, дом №17/21', 'Лазаревский район, ул. Туманяна, дом №17/21', 5, 'Договор купли-продажи ', 7813279, 9330000, 8396900, 7137400, 2, 1538664055, 1539516582, NULL, 24, 27, 1, 1, NULL, '161.0', NULL, NULL, NULL, NULL, NULL, NULL, NULL, NULL),
(52, 3, 0, 'Григорьева И.В.(белоусов)', '<p>деньги</p>\r\n', 0, '100000000.00', 'ул Солнечногорская, д 4, строен 1', 'ул Солнечногорская, д 4, строен 1', 0, 'дкп.', 112454831, 143898000, 129508200, 110081970, 2, 1538667050, 1540391572, NULL, 58, 27, 0, 1, NULL, '1654.0', 1, 1, 1, NULL, NULL, NULL, NULL, NULL),
(53, 1, 0, 'Манукян С.В.(белоусов)', '<p>рефинанс</p>\r\n', 0, '4500000.00', 'Горенский бульвар, д. 5, кв. 25', 'Горенский бульвар, д. 5, кв. 25', 3, 'АКТ,Разрешение на ввод в эксплуатацию,ДДу', 7727016, 8720300, 7848270, 6671029, 2, 1538753802, 1539342489, NULL, 51, 27, 1, 1, NULL, '89.8', NULL, NULL, NULL, NULL, NULL, NULL, NULL, NULL),
(54, 3, 1, 'ЛАГУНОВ К.Н (акимов)', '<p>1. нет свидетельства</p>\r\n\r\n<p>2. паспорт все страницы</p>\r\n\r\n<p>3. снилс</p>\r\n\r\n<p>4. Определить официальный перевод 1 млн р. при покупке</p>\r\n\r\n<p>Минусы: нет ремонта, покупка с очень низкой стоимостью, свежий переход права</p>\r\n', 0, '3000000.00', 'деревня верхняя троица ул. центральная 3', 'деревня верхняя троица ул. центральная 3', 40, '23.04.2018', NULL, 10350000, 9300000, 7400000, 1, 1538983628, 1539342244, NULL, 22, 30, 12, 1, 3000000, '1383.0', NULL, NULL, NULL, NULL, NULL, NULL, NULL, NULL),
(56, 1, 1, 'ГУЛЯКИН квартира/семен', '<p>-</p>\r\n', 0, '3000000.00', 'ул. Подольская 10 кв 116', 'ул. Подольская 10 кв 116', 3, '17.10.2011', 5163496, 6600000, 5947000, 5055000, 2, 1539184167, 1539956191, NULL, 41, 27, 12, 1, 2900000, '75.0', 1, 1, 1, NULL, NULL, NULL, NULL, NULL),
(57, 3, 1, 'Химочка коммерция (Акимов Виктор)', '<p>Объект на Циане выставлен на продажу за 109 063 рубля за кв. метр</p>\r\n', 0, '45000000.00', 'ул Спиридоновка, д 10', 'ул Спиридоновка, д 10', 2, 'Договор купли-продажи', 6712680, 60000000, 54000000, 459000000, 2, 1539253354, 1539341036, NULL, 51, 27, 1, 1, 17000000, '315.0', NULL, NULL, NULL, NULL, NULL, NULL, NULL, NULL),
(58, 1, 0, 'Дмитриева(Белоусов)', '<ul>\r\n	<li style=\"text-align:left\"><span style=\"color:rgb(90, 141, 113)\">Нас. пункт:</span>&nbsp;<strong>Москва</strong></li>\r\n	<li style=\"text-align:left\"><span style=\"color:rgb(90, 141, 113)\">Округ:</span>&nbsp;<strong>Центральный</strong></li>\r\n	<li style=\"text-align:left\"><span style=\"color:rgb(90, 141, 113)\">Район:</span>&nbsp;<strong>Арбат</strong></li>\r\n	<li style=\"text-align:left\"><span style=\"color:rgb(90, 141, 113)\">Почтовый индекс:</span>&nbsp;<strong>121099</strong></li>\r\n	<li style=\"text-align:left\"><strong>Географические координаты:</strong><br />\r\n	Широта:55.75447 Долгота:37.58121</li>\r\n	<li style=\"text-align:left\"><span style=\"color:rgb(90, 141, 113)\">Типовая серия:</span>&nbsp;<strong>индивидуальный проект</strong></li>\r\n	<li style=\"text-align:left\"><span style=\"color:rgb(90, 141, 113)\">Год постройки:</span>&nbsp;<strong>1890</strong></li>\r\n	<li style=\"text-align:left\"><span style=\"color:rgb(90, 141, 113)\">Перекрытия:</span>&nbsp;<strong>деревянные</strong></li>\r\n	<li style=\"text-align:left\"><span style=\"color:rgb(90, 141, 113)\">Каркас:</span>&nbsp;<strong>Кирпичный</strong></li>\r\n	<li style=\"text-align:left\"><span style=\"color:rgb(90, 141, 113)\">Стены:</span>&nbsp;<strong>Кирпичные</strong></li>\r\n	<li style=\"text-align:left\"><span style=\"color:rgb(90, 141, 113)\">Класс энергоэффективности:</span>&nbsp;<strong>D</strong></li>\r\n	<li style=\"text-align:left\"><span style=\"color:rgb(90, 141, 113)\">Назначение:</span>&nbsp;<strong>Жилой дом&nbsp;</strong></li>\r\n	<li style=\"text-align:left\"><span style=\"color:rgb(90, 141, 113)\">Тип дома:</span>&nbsp;<strong>Многоквартирный дом</strong></li>\r\n	<li style=\"text-align:left\"><span style=\"color:rgb(90, 141, 113)\">Категория:</span>&nbsp;<strong>муниципальный</strong></li>\r\n	<li style=\"text-align:left\"><span style=\"color:rgb(90, 141, 113)\">Квартир:</span>&nbsp;<strong>51</strong></li>\r\n	<li style=\"text-align:left\"><span style=\"color:rgb(90, 141, 113)\">Нежилых помещений:</span>&nbsp;<strong>7</strong></li>\r\n	<li style=\"text-align:left\"><span style=\"color:rgb(90, 141, 113)\">Проживает:</span>&nbsp;<strong>123 человека</strong></li>\r\n	<li style=\"text-align:left\"><span style=\"color:rgb(90, 141, 113)\">Этажей всего:</span>&nbsp;<strong>5</strong></li>\r\n	<li style=\"text-align:left\"><span style=\"color:rgb(90, 141, 113)\">Подвальных этажей:</span>&nbsp;<strong>1</strong></li>\r\n	<li style=\"text-align:left\"><span style=\"color:rgb(90, 141, 113)\">Подъездов:</span>&nbsp;<strong>4</strong></li>\r\n	<li style=\"text-align:left\"><span style=\"color:rgb(90, 141, 113)\">Пассажирских лифтов в подъезде:</span>&nbsp;<strong>1</strong></li>\r\n	<li style=\"text-align:left\"><strong>В квартирах подключен газ</strong></li>\r\n	<li style=\"text-align:left\"><span style=\"color:rgb(90, 141, 113)\">Общая площадь:</span>&nbsp;<strong>5199 м<span style=\"font-size:10.5px\">2</span></strong></li>\r\n	<li style=\"text-align:left\"><span style=\"color:rgb(90, 141, 113)\">Жилая площадь:</span>&nbsp;<strong>2908 м<span style=\"font-size:10.5px\">2</span></strong></li>\r\n	<li style=\"text-align:left\"><span style=\"color:rgb(90, 141, 113)\">Нежилая площадь:</span>&nbsp;<strong>758 м<span style=\"font-size:10.5px\">2</span></strong></li>\r\n	<li style=\"text-align:left\"><span style=\"color:rgb(90, 141, 113)\">Мусоропровод:</span>&nbsp;<strong>есть</strong></li>\r\n	<li style=\"text-align:left\"><span style=\"color:rgb(90, 141, 113)\">Кадастровый номер дома:</span><strong>77:01:0004028:1039</strong></li>\r\n	<li style=\"text-align:left\"><span style=\"color:rgb(90, 141, 113)\">Управляющая компания:</span>&nbsp;<strong>ГБУ &laquo;Жилищник района Арбат&raquo;</strong></li>\r\n	<li style=\"text-align:left\"><span style=\"color:rgb(90, 141, 113)\">Состояние:</span>&nbsp;<strong>Исправный</strong></li>\r\n	<li style=\"text-align:left\"><span style=\"color:rgb(90, 141, 113)\">Накопление средств на капремонт:</span><strong>На счете регионального оператора</strong></li>\r\n	<li style=\"text-align:left\"><strong>Во дворе есть спортивная площадка</strong></li>\r\n	<li style=\"text-align:left\"><strong>Во дворе есть детская площадка</strong></li>\r\n</ul>\r\n', 0, '26000000.00', 'Москва, б-р Новинский, д 13, строен 6, кв 26', 'Москва, б-р Новинский, д 13, строен 6, кв 26', 3, 'ДКП(2013года)', 44147069, 72171500, 64954350, 55211197, 2, 1539597416, 1540459105, NULL, 39, 27, 12, 1, 27600000, '134.9', 1, 1, 1, NULL, NULL, NULL, NULL, NULL),
(59, 3, 1, 'ООО \"Ландыш\"', '<p>.</p>\r\n', 0, '19000000.00', 'Московская область, г. Краснознаменск, ул. Связистов, д. 10а', 'Московская область, г. Краснознаменск, ул. Связистов, д. 10а', 10, 'Разрешение на ввод в эксплуатацию здания', 16472687, 31920000, 28728000, 24418800, 2, 1539604221, 1539608183, NULL, 28, 27, 1, 1, 9000000, '456.0', NULL, NULL, NULL, NULL, NULL, NULL, NULL, NULL),
(60, 2, 0, 'Ирсецкий И.С.(Белоусов)', '<p>.</p>\r\n', 0, '0.00', 'Краснодарский край, р-н г.Сочи, Адлерский, с Орел-Изумруд, ул Троицкая, д 68', 'Краснодарский край, р-н г.Сочи, Адлерский, с Орел-Изумруд, ул Троицкая, д 68', 0, 'ДКП(05.03.18),АКТ передачи ,судебное постановление о взыскании.', 41526072, 72700500, 65430450, 55615882, 2, 1539606469, 1539962423, NULL, 48, 27, 12, 1, 18500000, '855.3', 1067, 1, 31, NULL, NULL, NULL, NULL, NULL),
(62, 1, 0, 'Харламова З.А. /jazz', '<p><span style=\"background-color:rgb(247, 247, 247); font-family:helvetica neue,helvetica,arial,sans-serif; font-size:14px\">Центр города. Рядом школы, детсады, магазины, электричка,автобусы до Москвы и ближайшее подмосковье, басейн, фитнес. Все в шаговой доступности.</span></p>\r\n', 0, '0.00', 'Московская область, Щелковский р-н, г Щелково, ул Комсомольская, д 7, корп 1, кв 2', 'Московская область, Щелковский р-н, г Щелково, ул Комсомольская, д 7, корп 1, кв 2', 3, 'договор дарения 26.05.2010г', 4815586, 4425000, 3982500, 3584250, 2, 1539666255, 1539945998, NULL, 56, 27, 12, 1, 1900000, '71.0', 166, 1, 1, NULL, NULL, NULL, NULL, NULL),
(63, 3, 1, 'Зайнуллина Р.И(Алексей)', '<p>.</p>\r\n', 0, '0.00', 'Республика Татарстан, г Казань, ул Адмиралтейская, д 3', 'Республика Татарстан, г Казань, ул Адмиралтейская, д 3', 0, 'ДП(2015)', 23865821, 41817000, 37635300, 31990005, 2, 1539682232, 1539682232, NULL, 40, 27, 12, 1, 15995002, '789.0', NULL, NULL, NULL, NULL, NULL, NULL, NULL, NULL),
(64, 1, 0, 'ХАРЛАМОВА З.А. /jazz', '<p>прописана одна собственница</p>\r\n', 0, '0.00', 'Москва, р-н Хамовники, пер. Зачатьевский 1-й д.5', 'Москва, р-н Хамовники, пер. Зачатьевский 1-й д.5', 5, '10.08.2009', 110292411, 18280450, 16450000, 14807164, 2, 1539687084, 1539945981, NULL, 50, 27, 12, 1, 8, '163.0', 1, 1, 1, NULL, NULL, NULL, NULL, NULL),
(65, 1, 0, 'ХАРЛАМОВА З.А. /jazz', '<p>.</p>\r\n', 0, '0.00', 'Москва, ул.Минская, д.1Гк2', 'Москва, ул.Минская, д.1Гк2', 2, '22.02.2006', 24233152, 21650400, 19485360, 17536824, 2, 1539689974, 1539945878, NULL, 49, 27, 12, 1, 9, '78.0', 1, 1, 1, NULL, NULL, NULL, NULL, NULL),
(66, 1, 0, 'Кондратьева(Белоусов)', '<ul>\r\n	<li style=\"text-align:left\"><span style=\"color:rgb(90, 141, 113)\">Нас. пункт:</span>&nbsp;<strong>Москва</strong></li>\r\n	<li style=\"text-align:left\"><span style=\"color:rgb(90, 141, 113)\">Округ:</span>&nbsp;<strong>Южный</strong></li>\r\n	<li style=\"text-align:left\"><span style=\"color:rgb(90, 141, 113)\">Район:</span>&nbsp;<strong>Чертаново Северное</strong></li>\r\n	<li style=\"text-align:left\"><span style=\"color:rgb(90, 141, 113)\">Почтовый индекс:</span>&nbsp;<strong>117639</strong></li>\r\n	<li style=\"text-align:left\"><strong>Географические координаты:</strong><br />\r\n	Широта:55.63988 Долгота:37.61175</li>\r\n	<li style=\"text-align:left\"><span style=\"color:rgb(90, 141, 113)\">Типовая серия:</span>&nbsp;<strong><a href=\"https://flatinfo.ru/seria_doma.html?seria=8\" style=\"box-sizing: border-box; background-color: transparent; color: rgb(51, 122, 183); text-decoration: none; transition: all 0.3s ease-in-out;\">П44</a></strong></li>\r\n	<li style=\"text-align:left\"><span style=\"color:rgb(90, 141, 113)\">Год постройки:</span>&nbsp;<strong>1988</strong></li>\r\n	<li style=\"text-align:left\"><span style=\"color:rgb(90, 141, 113)\">Перекрытия:</span>&nbsp;<strong>железобетонные</strong></li>\r\n	<li style=\"text-align:left\"><span style=\"color:rgb(90, 141, 113)\">Каркас:</span>&nbsp;<strong>Панельный</strong></li>\r\n	<li style=\"text-align:left\"><span style=\"color:rgb(90, 141, 113)\">Стены:</span>&nbsp;<strong>Крупнопанельные</strong></li>\r\n	<li style=\"text-align:left\"><span style=\"color:rgb(90, 141, 113)\">Фундамент:</span>&nbsp;<strong>Ленточный</strong></li>\r\n	<li style=\"text-align:left\"><span style=\"color:rgb(90, 141, 113)\">Класс энергоэффективности:</span>&nbsp;<strong>В</strong></li>\r\n	<li style=\"text-align:left\"><span style=\"color:rgb(90, 141, 113)\">Назначение:</span>&nbsp;<strong>Жилой дом&nbsp;</strong></li>\r\n	<li style=\"text-align:left\"><span style=\"color:rgb(90, 141, 113)\">Тип дома:</span>&nbsp;<strong>Многоквартирный дом</strong></li>\r\n	<li style=\"text-align:left\"><span style=\"color:rgb(90, 141, 113)\">Категория:</span>&nbsp;<strong>ЖСК - жилищно-строительные кооперативы</strong></li>\r\n	<li style=\"text-align:left\"><span style=\"color:rgb(90, 141, 113)\">Квартир:</span>&nbsp;<strong>598</strong></li>\r\n	<li style=\"text-align:left\"><span style=\"color:rgb(90, 141, 113)\">Нежилых помещений:</span>&nbsp;<strong>7</strong></li>\r\n	<li style=\"text-align:left\"><span style=\"color:rgb(90, 141, 113)\">Проживает:</span>&nbsp;<strong>1285 человек</strong></li>\r\n	<li style=\"text-align:left\"><span style=\"color:rgb(90, 141, 113)\">Этажей всего:</span>&nbsp;<strong>17</strong></li>\r\n	<li style=\"text-align:left\"><span style=\"color:rgb(90, 141, 113)\">Подвальных этажей:</span>&nbsp;<strong>1</strong></li>\r\n	<li style=\"text-align:left\"><span style=\"color:rgb(90, 141, 113)\">Высота этажа:</span>&nbsp;<strong>264 см</strong></li>\r\n	<li style=\"text-align:left\"><span style=\"color:rgb(90, 141, 113)\">Подъездов:</span>&nbsp;<strong>9</strong></li>\r\n	<li style=\"text-align:left\"><span style=\"color:rgb(90, 141, 113)\">Пассажирских лифтов в подъезде:</span>&nbsp;<strong>1</strong></li>\r\n	<li style=\"text-align:left\"><span style=\"color:rgb(90, 141, 113)\">Больших лифтов в подъезде:</span>&nbsp;<strong>1</strong></li>\r\n	<li style=\"text-align:left\"><span style=\"color:rgb(90, 141, 113)\">Общая площадь:</span>&nbsp;<strong>33633 м<span style=\"font-size:10.5px\">2</span></strong></li>\r\n	<li style=\"text-align:left\"><span style=\"color:rgb(90, 141, 113)\">Жилая площадь:</span>&nbsp;<strong>19020 м<span style=\"font-size:10.5px\">2</span></strong></li>\r\n	<li style=\"text-align:left\"><span style=\"color:rgb(90, 141, 113)\">Нежилая площадь:</span>&nbsp;<strong>790 м<span style=\"font-size:10.5px\">2</span></strong></li>\r\n	<li style=\"text-align:left\"><span style=\"color:rgb(90, 141, 113)\">Мусоропровод:</span>&nbsp;<strong>есть</strong></li>\r\n	<li style=\"text-align:left\"><span style=\"color:rgb(90, 141, 113)\">Кадастровый номер дома:</span><strong>77:05:0006001:1007</strong></li>\r\n	<li style=\"text-align:left\"><span style=\"color:rgb(90, 141, 113)\">Управляющая компания:</span>&nbsp;<strong>ГБУ &laquo;Жилищник района Чертаново Северное&raquo;</strong></li>\r\n	<li style=\"text-align:left\"><span style=\"color:rgb(90, 141, 113)\">Состояние:</span>&nbsp;<strong>Исправный</strong></li>\r\n	<li style=\"text-align:left\"><span style=\"color:rgb(90, 141, 113)\">Накопление средств на капремонт:</span><strong>На счете регионального оператора</strong></li>\r\n</ul>\r\n', 0, '8000000.00', 'Москва, пр-кт Балаклавский, д 3, кв 95', 'Москва, пр-кт Балаклавский, д 3, кв 95', 2, 'Св-во о праве на наследство(2017)', 9065672, 10494000, 9444600, 8027910, 2, 1539691697, 1540391623, NULL, 46, 24, 12, 1, 4013000, '58.3', 1, 1, 1, NULL, NULL, NULL, NULL, NULL),
(67, 3, 1, 'Гаджиев(Белоусов)', '<ul>\r\n	<li style=\"text-align:left\"><span style=\"color:rgb(90, 141, 113)\">Нас. пункт:</span>&nbsp;<strong>Москва</strong></li>\r\n	<li style=\"text-align:left\"><span style=\"color:rgb(90, 141, 113)\">Округ:</span>&nbsp;<strong>Юго-Восточный</strong></li>\r\n	<li style=\"text-align:left\"><span style=\"color:rgb(90, 141, 113)\">Район:</span>&nbsp;<strong>Нижегородский</strong></li>\r\n	<li style=\"text-align:left\"><span style=\"color:rgb(90, 141, 113)\">Почтовый индекс:</span>&nbsp;<strong>109052</strong></li>\r\n	<li style=\"text-align:left\"><strong>Географические координаты:</strong><br />\r\n	Широта:55.73382 Долгота:37.70343</li>\r\n	<li style=\"text-align:left\"><span style=\"color:rgb(90, 141, 113)\">Типовая серия:</span>&nbsp;<strong>индивидуальный проект</strong></li>\r\n	<li style=\"text-align:left\"><span style=\"color:rgb(90, 141, 113)\">Год постройки:</span>&nbsp;<strong>1979</strong></li>\r\n	<li style=\"text-align:left\"><span style=\"color:rgb(90, 141, 113)\">Каркас:</span>&nbsp;<strong>Кирпичный</strong></li>\r\n	<li style=\"text-align:left\"><span style=\"color:rgb(90, 141, 113)\">Стены:</span>&nbsp;<strong>Из прочих материалов</strong></li>\r\n	<li style=\"text-align:left\"><span style=\"color:rgb(90, 141, 113)\">Назначение:</span>&nbsp;<strong>Не жилое строение (торговые)</strong></li>\r\n	<li style=\"text-align:left\"><span style=\"color:rgb(90, 141, 113)\">Категория:</span>&nbsp;<strong>муниципальный</strong></li>\r\n	<li style=\"text-align:left\"><span style=\"color:rgb(90, 141, 113)\">Этажей всего:</span>&nbsp;<strong>10</strong></li>\r\n	<li style=\"text-align:left\"><span style=\"color:rgb(90, 141, 113)\">Общая площадь:</span>&nbsp;<strong>239 м<span style=\"font-size:10.5px\">2</span></strong></li>\r\n	<li style=\"text-align:left\"><span style=\"color:rgb(90, 141, 113)\">Нежилая площадь:</span>&nbsp;<strong>239 м<span style=\"font-size:10.5px\">2</span></strong></li>\r\n	<li style=\"text-align:left\"><span style=\"color:rgb(90, 141, 113)\">Кадастровый номер дома:</span><strong>77:04:0001020:1097</strong></li>\r\n</ul>\r\n', 0, '8000000.00', 'Москва, ул Нижегородская, д 52, строен 3', 'Москва, ул Нижегородская, д 52, строен 3', 0, 'ДКП(2010)с юрика на физика', 32393004, 33450000, 30105000, 25589250, 2, 1539698541, 1539760496, NULL, 44, 24, 12, 1, 12700000, '223.0', 1, 1, 1, NULL, NULL, NULL, NULL, NULL),
(68, 2, 1, 'Ковтунова (Виталий)', '<p><em>Паспорт собственника во вложении, заемщиком будет выступать другой человек, свой паспорт он только на встрече покажет.</em></p>\r\n\r\n<p><em>ДКП только на встрече покажут оригинал.</em></p>\r\n\r\n<p><em>Поселок Нахабино, коттедж 430м2, 4 уровня,кирпич, перекрытия ж/б,кровля металлочерепица</em><br />\r\n<em>1. Цоколь: сауна,комната отдыха, бильярдная,с/у,бойлерная, комната для персонала</em><br />\r\n<em>2. 1 этаж- прихожая, кухня столовая, гостиная с камином,спальня, с/у, гараж на 2 авто</em><br />\r\n<em>3. 2 этаж- кабинет, 5 спален,с/у, гардеробная,спорт зал</em><br />\r\n<em>4. Мансарда - кинозал</em><br />\r\n<em>Доп строения: баня , на участке бассейн с подогревом, барбекю, вольер для собаки</em><br />\r\n<em>Эл-во, газ, центральные коммуникации, сигнализация, кондиционирование и тд.</em><br />\r\n<em>Деревья , газоны, участок 15 соток</em></p>\r\n', 18, '25000000.00', 'Московская область, Красногорский район, НСТ \"Речное\", бр.17а, уч.7', 'Московская область, Красногорский район, НСТ \"Речное\", бр.17а, уч.7', 10, '', 6560794, 38650000, 34780000, 29560000, 2, 1539700625, 1539761693, NULL, 57, 27, 1, 1, 10000000, '431.0', NULL, 2, 1, NULL, NULL, NULL, NULL, NULL),
(69, 1, 1, 'Орлова ( Виталий / Пакреева)', '<p><em>Прописанных нет , собственнику нужны деньги на ремонт нежилого помещения которое тоже в &nbsp;собственности у нее.</em></p>\r\n', 8, '2000000.00', 'Московская область, Ленинский муниципальный район, сельское поселение Молоковское, д. Мисайлово, мкр. \"Пригород Лесное\", Пригородное шоссе, д.10 кв. 96', 'Московская область, Ленинский муниципальный район, сельское поселение Молоковское, д. Мисайлово, мкр. \"Пригород Лесное\", Пригородное шоссе, д.10 кв. 96', 1, 'Договор долевого участия в строительстве', 783343, 2400000, 2150000, 1830000, 1, 1539857114, 1539857624, NULL, 53, 27, 12, 1, 1000000, '22.0', NULL, 4, 1, NULL, NULL, NULL, NULL, NULL),
(70, 1, 1, 'Воробьева ( Виталий/Двинин)', '<p>.</p>\r\n', 120, '1200000.00', 'Московская область, Озерский район, г. Озеры, мкр. им. Маршала Катукова, д. 31, кв. 53', 'Московская область, Озерский район, г. Озеры, мкр. им. Маршала Катукова, д. 31, кв. 53', 2, 'Договор дарения', 1727551, 1800000, 1620000, 1380000, 2, 1539860463, 1539860565, NULL, 49, 27, 12, 1, 600000, '45.0', 107, 1, 1, NULL, NULL, NULL, NULL, NULL),
(71, 2, 1, 'Бурак (Виктор)', '<p>.</p>\r\n', 3, '0.00', 'Московская область, Мытищинский р-н, п Вешки, ул Сиреневая, д 6', 'Московская область, Мытищинский р-н, п Вешки, ул Сиреневая, д 6', 10, 'Договор дарения', 8674582, 26000000, 23900000, 20300000, 2, 1539861819, 1539868931, NULL, 42, 27, 12, 1, 7000000, '296.0', NULL, 2, 1, NULL, NULL, NULL, NULL, NULL),
(72, 2, 0, 'Ващилина (Виталий)', '<p>.</p>\r\n', 12, '0.00', 'Московская область, Мытищинский район, пос.Здравница, СТ \"Победа\", уч.19', 'Московская область, Мытищинский район, пос.Здравница, СТ \"Победа\", уч.19', 4, '', 1489159, 7000000, 6300000, 5355000, 2, 1539870595, 1540570008, NULL, 57, 27, 12, 1, 2000000, '164.0', NULL, 2, 1, NULL, NULL, NULL, NULL, NULL),
(73, 3, 1, 'УК \"Лидер\" (Виталий)', '<p><em>Необходимо 7 млн. руб. под залог Коммерческой недвижимости.</em></p>\r\n', 8, '7000000.00', 'Московская область, р-н Люберецкий, г Люберцы, проезд Котельнический, д 27а', 'Московская область, р-н Люберецкий, г Люберцы, проезд Котельнический, д 27а', 10, 'Договор купли-продажи', 503985, 16520000, 14868000, 12637800, 1, 1539874690, 1540548190, NULL, 45, 27, 12, 1, 6000000, '236.0', 88, 1, 1, NULL, NULL, NULL, NULL, NULL),
(74, 3, 1, 'ЗАО \"Романтика\" (Виталий/Пакреева)', '<p><em>4 учредителя у главного 87%&nbsp;</em></p>\r\n', 0, '35000000.00', 'Тульская область, Новомосковский р-н, г. Новомосковск, ул. Рудничная, д. 16б, помещение I', 'Тульская область, Новомосковский р-н, г. Новомосковск, ул. Рудничная, д. 16б, помещение I', 0, 'Приватизация', 47572376, 117034799, 105331319, 89531621, 2, 1539958492, 1539959459, NULL, 20, 27, 12, 1, 30000000, '2074.0', 2160, 1, 65, NULL, NULL, NULL, NULL, NULL),
(75, 3, 1, 'Б.Тишинский (Виктор)', '<p>Здание расположено на 1-ой линии, планировка кабинетная с отделкой. Огороженная территория, своя охрана, видеонаблюдение, контроль доступа. Удобный выезд на Садовое кольцо, ул. Красная Пресня и 1-я Тверская-Ямская. 70% помещения сдано по краткосрочному договору аренды. Средняя ставка 24 000 за м2. В здании есть: 3 хранилища, 2 сертифицированных кассовых узла и депозитарий. Мощности по запросу. Собственник юр.лицо, плательщик НДС</p>\r\n', 0, '100000000.00', 'г. Москва, Большой Тишинский переулок,  дом 8, стр. 1', 'г. Москва, Большой Тишинский переулок,  дом 8, стр. 1', 10, '', 227562339, 216200000, 194580000, 165393000, 2, 1540205437, 1540206043, NULL, 45, 27, 12, 1, 65000000, '1200.0', 1, 1, 1, NULL, NULL, NULL, NULL, NULL),
(76, 3, 0, 'Агаев (Александров)', '<p>.</p>\r\n', 0, '2000000.00', 'Санкт-Петербург, ул Съезжинская, д 38, литера А, пом 1-Н', 'Санкт-Петербург, ул Съезжинская, д 38, литера А, пом 1-Н', 0, 'Договор купли-продажи', 20436857, 5400000, 4860000, 4131000, 2, 1540211652, 1541758685, NULL, 54, 27, 12, 1, 2300000, '201.0', 173, 1, 2, NULL, NULL, NULL, NULL, NULL),
(77, 1, 1, 'ПОНОМАРЕВ (укр)', '<p>.</p>\r\n', 0, '15000000.00', 'Москва, ул. 3-я Красногвардейская,д.3', 'Москва, ул. 3-я Красногвардейская,д.3', 5, '2012', 42323833, 34400000, 30950000, 26311000, 2, 1540289792, 1540297455, NULL, 59, 27, 12, 1, 14000000, '118.6', 1, 1, 1, NULL, NULL, NULL, NULL, NULL),
(78, 1, 1, 'СЕДОВ-квартира (укр)', '<p>.</p>\r\n', 0, '23000000.00', 'Москва, ул Басманная Стар., д 12, строение 5, кв 51', 'Москва, ул Басманная Стар., д 12, строение 5, кв 51', 4, 'Решение суда', 53809845, 47900000, 43144000, 36600000, 2, 1540299281, 1540569452, NULL, 43, 27, 12, 1, 22000000, '143.0', 1, 1, 1, NULL, NULL, NULL, NULL, NULL),
(80, 1, 1, 'Джамалов квартира Скт-Петербург', '<div style=\"color: rgb(0, 0, 0); font-family: Arial, sans-serif; font-size: 15px;\">Необходимо 12-13 мл , прописано трое детей , но могут их выписать ( есть куда)</div>\r\n\r\n<div style=\"color: rgb(0, 0, 0); font-family: Arial, sans-serif; font-size: 15px;\">У собственника несколько компаний , деньги нужны на бизнес.</div>\r\n', 0, '7500000.00', 'Санкт-Петербург, пер Саперный, д 19, литера А, кв 2', 'Санкт-Петербург, пер Саперный, д 19, литера А, кв 2', 4, 'Договор купли-продажи', 12625009, 21653500, 19488150, 16564927, 2, 1540455741, 1542016693, NULL, 43, 27, 12, 1, 9200000, '127.0', 173, 1, 2, 291, NULL, NULL, NULL, NULL),
(81, 1, 0, 'СТЕПАНОВ С.С. (ДДУ) от Семена', '<p>.</p>\r\n', 0, '22000000.00', 'г. Москва, ул. Ивановская вл.19', 'г. Москва, ул. Ивановская вл.19', 4, 'ДДУ от 18 апреля 2016', 0, 27375000, 24637500, 22173750, 2, 1540568383, 1540997379, NULL, 53, 27, 12, 1, 11000000, '109.5', 1, 1, 1, NULL, NULL, NULL, NULL, NULL),
(82, 2, 1, 'Корнева дом г. Ялта (семен)', '<p>стоит арест</p>\r\n', 0, '0.00', 'г. ялта екатерининская д5', 'г. ялта екатерининская д5', 10, '', 0, 124100000, 111600000, 94900000, 2, 1540573316, 1541149388, NULL, 27, 27, 12, 1, NULL, '466.0', 219, 1, 3, 284, NULL, NULL, NULL, NULL),
(83, 3, 1, 'Полунина (Виктор)', '<div style=\"color: rgb(0, 0, 0); font-family: Arial, sans-serif; font-size: 15px;\">Клиент запрашивает под залог 7.0 млн.р</div>\r\n\r\n<div style=\"color: rgb(0, 0, 0); font-family: Arial, sans-serif; font-size: 15px;\">Объект, не завершенное строительство ТЦ.</div>\r\n\r\n<div style=\"color: rgb(0, 0, 0); font-family: Arial, sans-serif; font-size: 15px;\">Изначально покупался по договору купли-продажи за 20 млн.р с площадью в 277 кв.м.</div>\r\n\r\n<div style=\"color: rgb(0, 0, 0); font-family: Arial, sans-serif; font-size: 15px;\">В данный момент объект готов на 90 %, имеет площадь 555 кв.м + 100 подвальное помещение.</div>\r\n\r\n<div style=\"color: rgb(0, 0, 0); font-family: Arial, sans-serif; font-size: 15px;\">Аренда земельного участка 6 соток. Планируют его выкупать после ввода в эксплуатацию данного здания по остаточной цене.</div>\r\n\r\n<div style=\"color: rgb(0, 0, 0); font-family: Arial, sans-serif; font-size: 15px;\">По прогнозам собственника данное строение будет завершено и введено в эксплуатацию до конца данного года.</div>\r\n\r\n<div style=\"color: rgb(0, 0, 0); font-family: Arial, sans-serif; font-size: 15px;\">Планируется заключение договора аренды площадей для организации магазина Торговой сети &quot; Магнит &quot; От них уже есть предварительное соглашение.</div>\r\n\r\n<div style=\"color: rgb(0, 0, 0); font-family: Arial, sans-serif; font-size: 15px;\">Свет, вода, отопление, центральные. Все готово, осталось только запустить.</div>\r\n\r\n<div style=\"color: rgb(0, 0, 0); font-family: Arial, sans-serif; font-size: 15px;\">1-соб</div>\r\n\r\n<div style=\"color: rgb(0, 0, 0); font-family: Arial, sans-serif; font-size: 15px;\">КИ- хор</div>\r\n\r\n<div style=\"color: rgb(0, 0, 0); font-family: Arial, sans-serif; font-size: 15px;\">ФССП-чисто</div>\r\n\r\n<div style=\"color: rgb(0, 0, 0); font-family: Arial, sans-serif; font-size: 15px;\">По оценке 30.0 млн.р</div>\r\n\r\n<div style=\"color: rgb(0, 0, 0); font-family: Arial, sans-serif; font-size: 15px;\">Цель займа -&nbsp;в строительство данного объекта.</div>\r\n\r\n<div style=\"color: rgb(0, 0, 0); font-family: Arial, sans-serif; font-size: 15px;\">Займ требуется на короткий срок не более чем 6 мес.</div>\r\n', 0, '7000000.00', 'Московская область, г Серпухов, ул Новая', 'Московская область, г Серпухов, ул Новая', NULL, 'Договор купли-продажи', 1754632, 13000000, 11730000, 9970690, 2, 1540980616, 1540981331, NULL, 25, 27, 6, 1, 3320500, '454.0', 134, 1, 1, NULL, NULL, NULL, NULL, NULL),
(84, 1, 1, 'Деньга (Виктор)', '<div style=\"color: rgb(0, 0, 0); font-family: Arial, sans-serif; font-size: 15px;\">Клиент запрашивает под залог 16. млн.р</div>\r\n\r\n<div style=\"color: rgb(0, 0, 0); font-family: Arial, sans-serif; font-size: 15px;\">Квартира, 5-к, 230 кв.м</div>\r\n\r\n<div style=\"color: rgb(0, 0, 0); font-family: Arial, sans-serif; font-size: 15px;\">1-соб</div>\r\n\r\n<div style=\"color: rgb(0, 0, 0); font-family: Arial, sans-serif; font-size: 15px;\">0-пр.</div>\r\n\r\n<div style=\"color: rgb(0, 0, 0); font-family: Arial, sans-serif; font-size: 15px;\">КИ- пл</div>\r\n\r\n<div style=\"color: rgb(0, 0, 0); font-family: Arial, sans-serif; font-size: 15px;\">ФССП-чисто</div>\r\n\r\n<div style=\"color: rgb(0, 0, 0); font-family: Arial, sans-serif; font-size: 15px;\">Цель займа-в бизнес.</div>\r\n\r\n<div style=\"color: rgb(0, 0, 0); font-family: Arial, sans-serif; font-size: 15px;\">По оценке 34 млн.р</div>\r\n\r\n<div style=\"color: rgb(0, 0, 0); font-family: Arial, sans-serif; font-size: 15px;\">Собственник бизнеса.</div>\r\n', 0, '16000000.00', 'Московская область, Одинцовский р-н, г Одинцово, ул Ново-Спортивная, д 4, корп 2, кв 24', 'Московская область, Одинцовский р-н, г Одинцово, ул Ново-Спортивная, д 4, корп 2, кв 24', 5, 'Договор купли-продажи', 14432353, 44800000, 40320000, 34272000, 2, 1540981850, 1540983062, NULL, 23, 27, 12, 1, 11500000, '224.0', 105, 1, 1, NULL, NULL, NULL, NULL, NULL),
(85, 1, 1, 'ООО новые решения', '<p>Дособрать:</p>\r\n\r\n<p>- Юсупова ДКП от 09.11.2005г</p>\r\n\r\n<p>- паспорт Юсупова А.Ж.</p>\r\n\r\n<p>-Свидетельство ЕГРЮЛ</p>\r\n\r\n<p>- бух отчетность за 5 отчетных кварталов (ф1,ф2,ф3)</p>\r\n\r\n<p>- фото обьекта</p>\r\n', 0, '52000000.00', 'г.Москва, Новый Арбат 29', 'г.Москва, Новый Арбат 29', 7, 'ДКП 2016', 165556496, 124400000, 112000000, 95200000, 2, 1540990607, 1541146344, NULL, 21, 27, 12, 1, 52000000, '282.8', 1, 1, 1, 283, NULL, NULL, NULL, NULL),
(86, 1, 1, 'Фомичев', '<p>.</p>\r\n', 0, '0.00', 'Московская область, городской округ Красногорск, г. Красногорск, ул. Авангардная, д. 10, кв. 145', 'Московская область, городской округ Красногорск, г. Красногорск, ул. Авангардная, д. 10, кв. 145', 3, 'Договор долевого участия ', 4895340, 6939000, 6245100, 5308335, 2, 1541148886, 1541425503, NULL, 25, 27, 12, 1, 2940000, '54.0', 70, 1, 1, 283, NULL, NULL, NULL, NULL),
(87, 1, 1, 'Юрьева Елена Николаевна', '<p><em>Есть долг по коммуналке, после согласования готовы погасить.</em></p>\r\n', 0, '2000000.00', 'Московская область, г Королев, ул Коммунальная, д 28, кв 206', 'Московская область, г Королев, ул Коммунальная, д 28, кв 206', 2, 'Договор купли-продажи', 3477981, 5835300, 5251770, 4464000, 2, 1541154827, 1541411427, NULL, 50, 27, 12, 2, 2480000, '53.0', 65, 1, 1, 285, NULL, NULL, NULL, NULL),
(88, 3, 1, 'Флягина Татьяна Борисовна', '<p>.</p>\r\n', 0, '0.00', 'Тульская область, Ленинский район, сельское поселение Ильинское, село Осиновая Гора, микрорайон Левобережный, Первый Восточный проезд, дом №9', 'Тульская область, Ленинский район, сельское поселение Ильинское, село Осиновая Гора, микрорайон Левобережный, Первый Восточный проезд, дом №9', NULL, 'передаточный акт', 10573782, 68365000, 61528500, 52299225, 2, 1541168446, 1541409268, NULL, 15, 27, 12, 1, 26150000, '1367.0', NULL, 5, 65, 286, NULL, NULL, NULL, NULL),
(89, 1, 0, 'Свердлова О.В.', '<p>Свежий переход права</p>\r\n', 9, '1540000.00', 'г.Мытищи, олимпийский проспект д.26 к.3', 'г.Мытищи, олимпийский проспект д.26 к.3', 1, 'ДКП 15.06.2018', NULL, NULL, NULL, NULL, 2, 1541506706, 1541682636, NULL, 55, 36, 11, 1, 1540000, '35.0', 96, 1, 1, 284, NULL, NULL, NULL, NULL),
(90, 1, 0, 'Свердлова О.В.', '<p>Свежий переход права</p>\r\n', 9, '1540000.00', 'г.Мытищи, олимпийский проспект д.26 к.3', 'г.Мытищи, олимпийский проспект д.26 к.3', 1, 'ДКП 15.06.2018', 3589561, 3635580, 3272000, 2944818, 2, 1541506708, 1541682650, NULL, 59, 36, 11, 1, 1540000, '35.4', 96, 1, 1, 284, NULL, NULL, NULL, NULL),
(91, 3, 1, 'Гасымов', '<p>Ждем ДКП и паспорт собственника</p>\r\n\r\n<p>Кафе. Доход годовой 5 млн. рублей.</p>\r\n', 0, '5000000.00', 'Тверская область, р-н Калининский, с/п Эммаусское, д Воскресенское, д 29', 'Тверская область, р-н Калининский, с/п Эммаусское, д Воскресенское, д 29', NULL, 'Разрешение на ввод в эксплуатацию здания', 233717, 7608159, 6847335, 6162601, 2, 1541578396, 1541665813, NULL, 12, 27, 12, 1, 3400000, '461.0', NULL, 3, 62, 290, NULL, NULL, NULL, NULL),
(92, 1, 0, 'Горбунов', '<p>&nbsp;</p>\r\n\r\n<p>При положительном решении, заемщик самостоятельно закроет ипотеку.</p>\r\n', 0, '0.00', 'Москва, ул Шипиловская, д 22, кв 107', 'Москва, ул Шипиловская, д 22, кв 107', 2, 'Договор купли-продажи', 8783146, 8450000, 7600000, 6840000, 2, 1541579732, 1542805715, NULL, 19, 27, 12, 1, 3800000, '53.0', 1, 1, 1, 288, NULL, NULL, NULL, NULL),
(93, 2, 1, 'Хадарцев/Рошка', '<p><em>Смотрите ко всеем этим документам , будут предоставлены следующие документы , а именно :</em><br />\r\n<em>&nbsp;</em><br />\r\n<em>Свежие выписки с гос. реестра , о том что на этот дом , сняты все обременения . срок исполн. 08.11.18.</em><br />\r\n<em>&nbsp;</em><br />\r\n<em>В этот же день , будет подписан и передан на регистрацию в рег. палату высланный в Ваш адрес ДКП , а так же акт .</em><br />\r\n<em>&nbsp;</em><br />\r\n<em>Свидетельства о переходе прав собственности на моё имя , будут в реестре 16.11.18г.</em><br />\r\n<em>&nbsp;</em><br />\r\n<em>Исходя из этих обстоятельств , прошу Вас согласовать все по этапные процедуры , которые мне необходимо исполнить .</em><br />\r\n<em>&nbsp;</em><br />\r\n<em>Мой пожелания , остаются по прежнему , получить заём , не меньше 40 млн. руб.</em><br />\r\n<em>&nbsp;</em><br />\r\n<em>Орентировочная оценка 70 - 75 руб.</em><br />\r\n<em>&nbsp;</em><br />\r\n&nbsp;</p>\r\n', 17, '40000000.00', 'Московская область, Мытищинский р-н, д Юдино, ул Колхозная, д 27', 'Московская область, Мытищинский р-н, д Юдино, ул Колхозная, д 27', 10, 'Договор купли-продажи', 28065719, 40800000, 36720000, 31212000, 2, 1541584820, 1541680191, NULL, 48, 27, 12, 1, 10400000, '544.0', NULL, 4, 1, 288, NULL, NULL, NULL, NULL),
(94, 3, 1, 'ООО \"Юнит\"', '<p>Ждем балансы, ЕГРН, ЕГРЮЛ, правоустанавливающие документы.</p>\r\n', 0, '0.00', 'г. Тверь, проезд Стеклопластик, д.5', 'г. Тверь, проезд Стеклопластик, д.5', NULL, 'Договор купли-продажи от 25.11.2014', 30559624, 38200000, 34380000, 29217000, 2, 1541668976, 1541761941, NULL, 24, 27, 12, 1, 17186000, '1317.0', 2104, 1, 62, 288, NULL, NULL, NULL, NULL),
(95, 2, 1, 'Сергеенков', '<p>.</p>\r\n', 0, '2000000.00', 'Смоленская область, Смоленский район, д.Трудилово, ул.Школьная, д.14-а', 'Смоленская область, Смоленский район, д.Трудилово, ул.Школьная, д.14-а', 10, 'Договор дарения от 11.12.2012', 2010141, 7620000, 6850000, 5830000, 2, 1541768408, 1542282024, NULL, 20, 27, 12, 1, 2000000, '235.0', NULL, 4, 58, 294, NULL, NULL, NULL, NULL),
(96, 3, 1, 'Неизвестный', '<p><em>Нужно 150 мнл под залог ком.недвижимости .Собственник физ.лицо .доход арендный бизнес ( 3,5 мнл в месяц может обслуживать кредит ),Документы правоустанавливающие и доходы свои готов показать на встрече .</em></p>\r\n', 0, '150000000.00', 'Москва, ш Энтузиастов, д 56, строен 10а', 'Москва, ш Энтузиастов, д 56, строен 10а', NULL, 'от 13.06.2018', 47458087, 62910000, 56600000, 48126000, 2, 1541771132, 1542035564, NULL, 41, 27, 12, 1, 19250000, '1165.0', 1, 1, 1, 288, NULL, NULL, NULL, NULL),
(97, 2, 1, 'Айрапетян', '<p>.</p>\r\n', 65, '0.00', 'сельское поселение Баранцевское, село Мелихово, дом 41А', 'Московская область, Чеховский район, сельское поселение Баранцевское, село Мелихово, дом 41А', 10, 'Кадастровый паспорт здания от 15.04.2015  ДКП ЗУ от 01.07.2013', 14386955, 9765000, 8788500, 7470225, 2, 1542016015, 1542034920, NULL, 23, 27, 12, 1, 3000000, '279.0', NULL, 5, 1, 288, NULL, NULL, NULL, NULL),
(98, 2, 1, 'Мингалимова', '<table border=\"1\" cellpadding=\"0\" cellspacing=\"0\" style=\"border-collapse:collapse; border:none; color:rgb(92, 92, 92); font-family:georgia,times,times new roman,serif; font-style:italic\">\r\n	<tbody>\r\n		<tr>\r\n			<td style=\"vertical-align:top; width:450px\">\r\n			<div style=\"margin-bottom: 0.0001pt; line-height: normal;\">Заем не менее 7 млн. на время продажи (рассчитывает продать в течение полугода)</div>\r\n\r\n			<div style=\"margin-bottom: 0.0001pt; line-height: normal;\">Клиент платежеспособный&nbsp;&nbsp;\r\n			<table border=\"1\" cellpadding=\"0\" cellspacing=\"0\" style=\"border-collapse:collapse; border:none; color:rgb(92, 92, 92); font-family:georgia,times,times new roman,serif; font-style:italic\">\r\n				<tbody>\r\n					<tr>\r\n						<td style=\"vertical-align:top; width:450px\">\r\n						<div style=\"margin-bottom: 0.0001pt; line-height: normal;\">первый собственник &ndash; теща Клиента, нынешний собственник &ndash; супруга</div>\r\n						</td>\r\n					</tr>\r\n				</tbody>\r\n			</table>\r\n\r\n			<blockquote>\r\n			<div class=\"b-quote_content js-quote_content\" style=\"padding: 0px 10px; position: relative; border-left-width: 1px; border-left-style: solid; border-left-color: rgb(243, 243, 243) !important; color: rgb(92, 92, 92); border-top-color: rgb(243, 243, 243) !important; border-right: 1px solid; border-bottom-color: rgb(243, 243, 243) !important; opacity: 0.7;\">\r\n			<div class=\"b-quote__i js-quote-content\" style=\"position: relative; overflow: hidden; margin-right: -10px; padding-right: 10px;\">&nbsp;</div>\r\n			</div>\r\n			</blockquote>\r\n			</div>\r\n			</td>\r\n		</tr>\r\n	</tbody>\r\n</table>\r\n', 0, '7000000.00', 'г. Москва, пос. Краснопахорское, ул. Билибина, д. 5', 'г. Москва, пос. Краснопахорское, ул. Билибина, д. 5', 5, 'Договор дарения от 18.12.2017', 7187781, 13130000, 11816322, 10050000, 2, 1542017943, 1542034898, NULL, 28, 27, 12, 1, 3300000, '274.0', NULL, 3, 1, 288, NULL, NULL, NULL, NULL),
(99, 1, 1, 'Абраамян', '<p>.</p>\r\n', 0, '0.00', 'Краснодарский край, г.Сочи, Адлерский район, ул.Просвещения, д.157/2, помещение 1', 'Краснодарский край, г.Сочи, Адлерский район, ул.Просвещения, д.157/2, помещение 1', 1, 'Договор купли-продажи ЗУ с помещением от 26.06.2017', 764634, 2587500, 2328750, 2000000, 2, 1542020945, 1542034168, NULL, 15, 27, 12, 1, 1100000, '23.0', 1067, 1, 31, 288, NULL, NULL, NULL, NULL),
(100, 1, 1, 'Багирян', '<p>ДКП утерян</p>\r\n', 45, '2000000.00', 'Московская область, г. Звенигород, квартал Маяковского, д. 37, кв. 17', 'Московская область, г. Звенигород, квартал Маяковского, д. 37, кв. 17', 2, 'Договор купли-продажи от 15.10.2009', 5579170, 4455000, 4009500, 3400000, 2, 1542032883, 1542371464, NULL, 10, 27, 12, 1, 2000000, '60.0', 49, 1, 1, 288, NULL, NULL, NULL, NULL),
(101, 1, 0, 'Абилова', '<p>Прописан один человек.</p>\r\n', 0, '6000000.00', 'Краснодарский край, город Краснодар, Западный внутригородской округ, улица Кубанская Набережная, 39, кв. 16', 'Краснодарский край, город Краснодар, Западный внутригородской округ, улица Кубанская Набережная, 39, кв. 16', 4, 'Договор долевого участия от 25.08.2016', 4283180, 16500000, 14900000, 12680000, 1, 1542097380, 1542631293, NULL, 39, 27, 12, 1, 7050000, '97.0', 1050, 1, 31, 295, NULL, NULL, NULL, NULL);
INSERT INTO `object` (`id`, `type_id`, `status`, `title`, `descr`, `place_km`, `amount`, `address`, `address_map`, `rooms`, `owner`, `price_cadastral`, `price_tian`, `price_market`, `price_liquidation`, `status_object`, `created_at`, `updated_at`, `close_at`, `order`, `rate`, `term`, `schedule_payments`, `nks`, `area`, `city_id`, `locality_type_id`, `region_id`, `broker_id`, `land_price_cadastral`, `land_price_tian`, `land_price_market`, `land_price_liquidation`) VALUES
(102, 2, 1, 'Дорошенко', '<p>прописан 1 человек - супруг</p>\r\n', 53, '1100000.00', 'Российская Федерация, Московская область, р-н Раменский, с/п Рыболовское', 'Российская Федерация, Московская область, р-н Раменский, с/п Рыболовское', 4, 'Договор купли-продажи от 2017 года', 2912959, 3250000, 2925000, 2486250, 2, 1542106725, 1542111235, NULL, 46, 27, 12, 1, 975000, '103.0', NULL, 3, 1, 288, NULL, NULL, NULL, NULL),
(103, 4, 1, 'Стекольников Александр', '<p>.</p>\r\n', 0, '1000000.00', 'Москва, проезд Карачаровский 2-й, д 2, кв 98 к.3', 'Москва, проезд Карачаровский 2-й, д 2, кв 98 к.3', 1, 'Договор дарения от 23.10.2018', 1686854, 2025000, 1822500, 1549125, 2, 1542195028, 1542272795, NULL, 27, 27, 12, 1, 600000, '15.0', 1, 1, 1, 296, NULL, NULL, NULL, NULL),
(104, 2, 1, 'Бутусов Константин', '<p>.</p>\r\n', 0, '2700000.00', 'Ленинградская область, Ломоносовский район, МО \"Пениковское сельское поселение\", п. Бронна, д.13', 'Ленинградская область, Ломоносовский район, МО \"Пениковское сельское поселение\", п. Бронна, д.13', 5, 'Договор дарения от 31.10.2018', 3293602, 5301000, 4770000, 4055000, 2, 1542197198, 1542214766, NULL, 18, 27, 12, 1, 1158000, '171.3', NULL, 2, 2, 297, NULL, NULL, NULL, NULL),
(105, 2, 1, 'Пелагеевский Андрей', '<p>Перезалог</p>\r\n', 110, '5000000.00', 'Российская Федерация, Московская область, Серпуховский муниципальный район, сельское поселение \"Липицкое\", д. Новоселки, квартал А, д. №1', 'Российская Федерация, Московская область, Серпуховский муниципальный район, сельское поселение \"Липицкое\", д. Новоселки, квартал А, д. №1', 10, 'Технический план от 11.04.2018', 4809934, 2633000, 2360000, 2014000, 2, 1542203834, 1542265074, NULL, 17, 27, 12, 1, 671000, '222.0', NULL, 4, 1, 288, NULL, NULL, NULL, NULL),
(106, 3, 0, 'ООО \"Компакторс РУСЬ\"', '<p>.</p>\r\n', 0, '15000000.00', 'Москва, район Тропарево-Никулино,ул. Коштоянца, д.20 к.3', 'Москва, район Тропарево-Никулино,ул. Коштоянца, д.20 к.3', NULL, 'Договор2003, регистрация 25.01.2018', 8752744, 32000000, 28890000, 24558800, 2, 1542278978, 1544682018, NULL, 19, 27, 11, 1, 15000000, '261.0', 1, 1, 1, 298, NULL, NULL, NULL, NULL),
(107, 1, 1, 'Джабарова', '<p>Перезалог и продажа</p>\r\n', 18, '2300000.00', 'Московская область, Одинцовский район,п. ВНИИССОК, ул. Рябиновая,д.4, кв. 67', 'Московская область, Одинцовский район,п. ВНИИССОК, ул. Рябиновая,д.4, кв. 67', 1, 'Договор купли-продажи от 11.07.2013', NULL, 3492000, 3142800, 2671380, 2, 1542288760, 1542348896, NULL, 26, 27, 12, 1, 1600000, '38.8', NULL, 2, 1, 288, NULL, NULL, NULL, NULL),
(108, 3, 1, 'Булгучев Х.А.', '<p>.</p>\r\n', 0, '0.00', 'г.Москва, проспект Вернадского д.105 к.4', 'г.Москва, проспект Вернадского д.105 к.4', NULL, 'ДКП 15.12.2015', 7732426, 66000000, 59400000, 50480000, 2, 1542349773, 1542350141, NULL, 22, 27, 11, 1, 28050000, '235.7', 1, 1, 1, 298, NULL, NULL, NULL, NULL),
(109, 1, 1, 'Ваделов С.М.', '<p>.</p>\r\n', 0, '20000000.00', 'г.Москва  проспект вернадского 105 к.4', 'г.Москва  проспект вернадского 105 к.4', 5, 'решение суда от 2011', 0, 44008400, 39607000, 33666400, 2, 1542351939, 1542877943, NULL, 16, 27, 11, 1, 18700000, '163.6', 1, 1, 1, 298, NULL, NULL, NULL, NULL),
(110, 1, 1, 'КАРТОЕВ М.М.', '<p>Без ремонта</p>\r\n\r\n<p>по кадастру не найдено</p>\r\n', 0, '70000000.00', 'г. Москва, проспект Вернадского 105 к.4', 'г. Москва, проспект Вернадского 105 к.4', 9, 'ДКП 2012', 0, 68000000, 61150000, 52000000, 2, 1542353025, 1542353025, NULL, 40, 27, 11, 1, 29000000, '371.9', 1, 1, 1, 298, NULL, NULL, NULL, NULL),
(111, 2, 1, 'Илюшина Наталия Валентиновна', '<p><span style=\"color:rgb(0, 0, 0); font-family:arial,sans-serif; font-size:15px\">дом из сруба обшит кирпичом,фундамент бетон,</span></p>\r\n\r\n<div style=\"color: rgb(0, 0, 0); font-family: Arial, sans-serif; font-size: 15px;\">\r\n<div>2 собственника совершеннолетние(оба согласны)</div>\r\n\r\n<div>прописаны 2е несовершеннолетних+1 собственник</div>\r\n\r\n<div>по коммуникациям :</div>\r\n\r\n<div>&nbsp;</div>\r\n\r\n<div>Газ-балон</div>\r\n\r\n<div>канализация-выгребная яма</div>\r\n\r\n<div>свет-центральный</div>\r\n\r\n<div>водоснабжение-скважина</div>\r\n</div>\r\n', 16, '1000000.00', 'Московская область, г. Балашиха, ш. Щелковское, 187Б', 'Московская область, г. Балашиха, ш. Щелковское, 187Б', 5, 'Договор купли-продажи от апреля 2017 года', 2679624, 9960000, 8960000, 7620000, 2, 1542358609, 1542792932, NULL, 21, 27, 12, 1, 2900000, '155.5', 9, 1, 1, 299, NULL, NULL, NULL, NULL),
(112, 1, 1, 'ГАЛАЕВА Изабелла дж', '<h3>Расположение, транспортная доступность</h3>\r\n\r\n<p><span style=\"background-color:rgb(244, 244, 244); color:rgb(18, 18, 18); font-family:lato,arial,sans-serif; font-size:14px\">Московский жилой комплекс &laquo;Дом на Бурденко&raquo; (также известный как &laquo;Скуратов Хаус&raquo;) возведен в престижном районе Хамовники, неподалеку от крупной зеленой зоны &ndash; сквера Девичьего поля. Элитная новостройка располагается по соседству с театрами, балетом, известными столичными картинными галереями, что обеспечивает жителям дома на Бурденко разнообразный досуг на самый взыскательный вкус. Важное преимущество &laquo;Дома на Бурденко&raquo; перед многими центральными новостройками &ndash; его отличная транспортная доступность. В первую очередь следует отметить малое расстояние до Садового кольца: ближайший крупный выезд находится на Зубовском бульваре, в 300 метрах от новостройки. Жителям &laquo;Дома на Бурденко&raquo; будет удобно воспользоваться и другими оживленными магистралями столицы &ndash; например, Смоленской улицей, Ростовской набережной. Выезд на Кутузовский проспект &ndash; в полутора километрах от дома. Что касается общественного транспорта, &laquo;Дом на Бурденко&raquo; удален примерно на километр от станций метро &laquo;Смоленская&raquo;, &laquo;Парк Культуры&raquo; &ndash; пешком можно дойти за 15-20 минут, доехать на автобусе &ndash; за пять минут. Автобусные остановки есть на Зубовской улице &ndash; в 200 метрах от новостройки. Район между Плющихой и Садовым кольцом, где построен &laquo;Дом на Бурденко&raquo;, можно назвать одним из самых благоприятных для жизни в центре Москвы. Окна клубного дома выходят на улицу Бурденко (с односторонним движением) и в уютный внутренний двор, от других дорог новостройка закрыта соседними домами. Поблизости нет промзон, поэтому единственным источником загрязнения воздуха являются выхлопные газы. При этом в элитной новостройке предусмотрены передовые инженерные системы, в том числе вентиляции и кондиционирования, что позволяет обеспечить жителям дома тишину и свежий воздух в квартирах.</span></p>\r\n\r\n<h3>Инфраструктура</h3>\r\n\r\n<p><span style=\"background-color:rgb(244, 244, 244); color:rgb(18, 18, 18); font-family:lato,arial,sans-serif; font-size:14px\">На внутренней территории клубного дома раскинулся небольшой зеленый сад с площадкой для детских игр, скамейками для отдыха и декоративным фонтаном. В состав жилого комплекса входят две секции &ndash; 5 и 11 этажей. На крыше первой секции оборудована еще одна зона отдыха, где все жители дома могут полюбоваться цветниками или панорамными видами города, пообщаться, приготовить барбекю. Терраса на крыше снабжена стеклянным ограждением. Автомобилистов, проживающих в элитной новостройке, порадует наличие подземного паркинга, который готов принять больше сотни машин &ndash; по три на каждую квартиру. На въезде оборудована тепловая завеса. Инфраструктура дома также включает офисы, кафе и зону ресепшн; все эти объекты расположены на первом этаже. Особое внимание застройщик клубного дома уделил вопросам безопасности. Территория новостройки огорожена, собственная служба охраны работает круглосуточно. Во дворе и на этажах ведется видеонаблюдение, вход осуществляется по специальным электронным картам. Все общественные зоны адаптированы для маломобильных групп населения. В ближайших кварталах действуют школы и лицеи, детские сады, музеи, театры, торговые комплексы, поликлиника и частные клиники.&nbsp;</span></p>\r\n\r\n<h3>Надежность застройщика</h3>\r\n\r\n<p><span style=\"background-color:rgb(244, 244, 244); color:rgb(18, 18, 18); font-family:lato,arial,sans-serif; font-size:14px\">Новостройка на улице Бурденко успешно сдана в 2012 году. Проект клубного дома был разработан известным архитектором Сергеем Скуратовым. Застройщиком жилого комплекса выступила компания &laquo;Новый дом &ndash; 94&raquo;. Данная организация основана в 1997 году, но единственным объектом недвижимости в ее портфеле остается &laquo;Дом на Бурденко&raquo;.</span></p>\r\n\r\n<h3>Архитектура</h3>\r\n\r\n<p><span style=\"background-color:rgb(244, 244, 244); color:rgb(18, 18, 18); font-family:lato,arial,sans-serif; font-size:14px\">Элитный клубный дом состоит из двух корпусов высотой 5 и 11 этажей. Стены облицованы коричневым клинкерным кирпичом, который славится прочностью, водонепроницаемостью и устойчивостью к низким температурам. Вниманию покупателей предложены 33 квартиры, на одном этаже живут не более двух-трех семей. Самые большие квартиры &ndash; пятикомнатные (до 230 квадратных метров), наименьшие &ndash; двухкомнатные (от 110 квадратных метров). Высота потолков более 3 метров, а на последнем этаже &ndash; около 5 метров. Проектом предусмотрены новейшие инженерные технологии очистки воздуха, использование альтернативных источников электроэнергии.</span></p>\r\n', 0, '92000000.00', 'г. Москва, Бурденко д.3', 'г. Москва, Бурденко д.3', 9, 'ДКП 2015', 7732426, 188500000, 169666000, 152700000, 2, 1542633044, 1542633898, NULL, 14, 27, 11, 1, 59300000, '230.0', 1, 1, 1, 298, NULL, NULL, NULL, NULL),
(113, 2, 0, 'ТИМИРГАЛИЕВ', '<p>Участок 479 кв.м. с домом(под снос) в Раменском районе по адресу: д. Дергаево, ул. Центральная.<br />\r\n&nbsp;Дом 1-этажный, площадь - 54.5 кв.м., и 2-х этажный кирпичный гараж площадью 85 кв.м. с жилым помещением на втором этаже. Категория земель - земли населенных пунктов, разрешенное использование - для ведение личного подсобного хозяйства. Коммуникации : магистральный газ в доме, электричество 15 квт, вода - колодец во дворе. Есть колодец под септик. По участку проходит дренажная система. Участок огорожен забором - дерево. Дорога к участку асфальтированная. Дом и земля оформлены в собственность с 2012 г., все документы в наличии. Удачное местоположение обьекта: находится в черте города, вся необходимая инфраструктура в шаговой доступности - сетевые магазины, строительный рынок, школа, автобусная остановка и т.д.<br />\r\n&nbsp;Удобное транспортное сообщение с Москвой .</p>\r\n\r\n<p>&nbsp;</p>\r\n', 36, '0.00', '', '', 3, '', NULL, NULL, NULL, NULL, 2, 1542647180, 1542804518, NULL, 58, 36, 11, 1, NULL, '54.5', NULL, 4, 1, 295, NULL, NULL, NULL, NULL),
(115, 3, 1, 'ООО Совершенно секретно тренд', '<p>Необходимо 200 000 000 рублей, можно и больше. Для развития бизнеса.</p>\r\n', 0, '300000000.00', 'Композиторская улица, 17 Москва, Россия, 121099', 'Композиторская улица, 17 Москва, Россия, 121099', NULL, 'акт от 2006 года', 66163073, 785185843, 706667258, 600667170, 2, 1542717057, 1542792912, NULL, 13, 27, 12, 1, 350000000, '3012.9', 1, 1, 1, 294, NULL, NULL, NULL, NULL),
(116, 2, 1, 'ХОЛИНА', '<p><span style=\"color:rgb(18, 18, 18); font-family:lato,arial,sans-serif; font-size:16px\">Предлагается Вашему вниманию коттедж в закрытом и охраняемом комплексе &quot;Южное-Голицино&quot;. Поселок расположен рядом с знаменитым Оздоровительным Комплексом &quot; Дагомыс&quot;. Прекрасное, тихое и уютное место, для комфортного загородного проживания. На территории комплекса, имеется общий большой бассейн, с детской площадкой, кафе и зоной барбекю. Свой Теннисный Корт. С отдельным спуском к морю, до которого всего 250 метров. Сам дом, расположен таким образом, что из всех балконов и эксплуатируемой кровли, открывается панорамный вид на море, горы и солнечный Дагомыс. Очень грамотно, составлена планировка самого дома. На первом этаже,просторная входная группа, с зоной отдыха. На втором этаже, расположены, большой зал с камином, кухня, спальная комната с санузлом, и большой балкон. В доме 5-санузлов, и пять спальных комнат. На третьем этаже, расположены три спальные комнаты санузлами и также просторный балкон. И наконец выход на четвертый этаж, эксплуатируемая кровля, где расположена огромная терраса с прекрасными видовыми характеристиками на море и горы. На участке с ландшафтным дизайном располагается летняя беседка, растут фруктовые деревья и разные вечнозеленые насаждения. Дом полностью обставлен мебелью от ведущих итальянских производителей, и оснащен всей необходимой бытовой техникой и аппаратурой</span></p>\r\n', 0, '0.00', 'г. Сочи, поселок Дагомыс, переулок Южно-Голицынский д.11', 'г. Сочи, поселок Дагомыс, переулок Южно-Голицынский д.11', 10, 'разрешение на ввод 2007г', 0, 28480000, 25630000, 21800000, 2, 1542800705, 1542805362, NULL, 11, 30, 11, 1, 10900000, '339.1', 1067, 1, 31, 284, NULL, NULL, NULL, NULL),
(117, 2, 1, 'Немченко О.И.', '<p>.</p>\r\n', 6, '2900000.00', 'Московская обл., Балашихинский р-н, г. Балашиха, мкр. Никольско-Архангельский, улица 6-я линия, 51, а', 'Московская обл., Балашихинский р-н, г. Балашиха, мкр. Никольско-Архангельский, улица 6-я линия, 51, а', 4, 'Договор дарения от 2011 года', 1560030, 8553600, 7698240, 6543504, 2, 1542803942, 1542804482, NULL, 9, 27, 12, 1, 2500000, '100.0', 9, 1, 1, 301, NULL, NULL, NULL, NULL),
(118, 3, 1, 'Карапетян Светлана', '<p>.</p>\r\n', 0, '17500000.00', 'г. Москва, просп. Севастопольский, д. 56А', 'г. Москва, просп. Севастопольский, д. 56А', NULL, 'Договор купли-продажи от 2013 года', 62058703, 41570000, 37414800, 31802580, 2, 1542964692, 1543218332, NULL, 8, 27, 12, 1, 17500000, '437.6', 1, 1, 1, 294, NULL, NULL, NULL, NULL),
(119, 1, 1, 'Сухов/Сухова', '<p>.</p>\r\n', 0, '2500000.00', 'Москва, пр-кт Ленинский, д 72/2, кв 188', 'Москва, пр-кт Ленинский, д 72/2, кв 188', 2, 'договор купли-продажи 2002 договор дарения 2/5 доли 2004', 12332243, 7901600, 7111440, 6044724, 1, 1542976368, 1542976368, NULL, 7, 27, 1, 1, 3500000, '58.1', 1, 1, 1, 288, NULL, NULL, NULL, NULL),
(120, 3, 1, 'Бусыгин Павел', '<p>.</p>\r\n', 3, '0.00', 'Московская область, г Химки, ул Союзная, строен 4, пом 0-1', 'Московская область, г Химки, ул Союзная, строен 4, пом 0-1', NULL, 'Договор купли-продажи от 28.08.2018', 19236233, 175902804, 158312524, 134565645, 2, 1543305432, 1543305432, NULL, 6, 27, 12, 1, 79000000, '2055.9', 155, 1, 1, 301, NULL, NULL, NULL, NULL),
(121, 1, 1, 'Авалян Виген', '<p>.</p>\r\n', 3, '6000000.00', 'Московская область, г Реутов, ул Гагарина, д 40, кв 100', 'Московская область, г Реутов, ул Гагарина, д 40, кв 100', 3, 'Договор долевого участия от 29.12.2010', 7117150, 11735000, 10562000, 8977000, 1, 1543309731, 1544010971, NULL, 5, 24, 12, 1, 5300000, '89.1', 124, 1, 1, 303, NULL, NULL, NULL, NULL),
(122, 3, 1, 'Мкртумов ', '<p>.</p>\r\n', 60, '0.00', 'Московская область, Раменский р-н, п Рылеево', 'Московская область, Раменский р-н, п Рылеево', NULL, 'соглашение от 12.12.2016', 2517699, 9360000, 8424000, 7160400, 2, 1543317930, 1544105002, NULL, 4, 27, 12, 1, 4000000, '468.1', NULL, 2, 1, 288, NULL, NULL, NULL, NULL),
(123, 2, 1, 'Назарова Арина', '<p>.</p>\r\n', 17, '0.00', 'Московская область, Одинцовский район, деревня Солослово, ГП-10, д.39', 'Московская область, Одинцовский район, деревня Солослово, ГП-10, д.39', 10, 'Договор купли-продажи 2007', 33191439, 64576320, 58118688, 49400884, 2, 1543397781, 1543492086, NULL, 3, 27, 12, 1, 22000000, '657.6', NULL, 4, 1, 304, NULL, NULL, NULL, NULL),
(124, 1, 0, 'БАРАНОВСКИЙ В.И.', '<p><span style=\"color:rgb(18, 18, 18); font-family:lato,sans-serif; font-size:16px\">квартира в самом экологически чистом районе Москвы в 5 минутах ходьбы от метро. В пешей доступности расположены все необходимые магазины, включая крупные ТЦ (Вива, Карусель), медицинские учереждения как частные, так и государственные (детская поликлиника в трех минутах ходьбы), кинотеатр (в ТЦ Северное Сияние), различные спортивные клубы и секции, 3 школы и 7 детских садов, огромный обустроенный парк с прудами и многое другое! Сама квартира находится в благоприятном, удалённом от дорог тихом месте. Квартира тёплая. Окна выходят в две стороны: воне двор и на общую панораму района. ПЕРЕПЛАНИРОВОК НЕТ! Два санузла: в одном ванная, в другом душевая. 2 застеклённые лоджии, есть гардеробная и большая кладовка. Всего на каждом этаже по три квартиры и это на 2 лифта! Есть консъерж и специально оборудованные места для колясок, лыж,велосипедов.</span></p>\r\n', 0, '5000000.00', 'г. Москва, ул. Грина д.40, к.1', 'г. Москва, ул. Грина д.40, к.1', 2, '2002', 0, 9900000, 8910000, 8019000, 2, 1543570826, 1544104896, NULL, 54, 27, 11, 1, 4500000, '58.4', 1, 1, 1, 284, NULL, NULL, NULL, NULL),
(125, 1, 0, 'БАРАНОВСКАЯ Е.В.', '<p><span style=\"color:rgb(18, 18, 18); font-family:lato,sans-serif; font-size:16px\">дом 2013 месторасположение:близко к центру,пешком до 3 станций метро,экологически чистый и престижный Юго-западный округ,лучшие ВУЗы,школы,лицеи,солидные соседи .Воронцовский парк и Воробьевы горы. Монолитный дом 2013 г.,консьерж,просторная входная группа и коридоры. Первый собственник, полная стоимость,простая альтернатива.Парковка наземная и подземная.</span></p>\r\n', 0, '5000000.00', 'г. Москва, ул. Панферова д.4', 'г. Москва, ул. Панферова д.4', 1, 'Договор дарения 27.12.2017', 10442698, 9200000, 8300000, 7500000, 2, 1543573351, 1544104881, NULL, 56, 27, 11, 1, 4100000, '38.6', 1, 1, 1, 284, NULL, NULL, NULL, NULL),
(126, 3, 1, 'ООО Прима плюс', '<p>&nbsp;</p>\r\n\r\n<div><span style=\"color:rgb(0, 0, 0); font-family:arial,sans-serif; font-size:15px\">Предлагается к залогу офисное помещение в бизнес центре&nbsp;440 кв. метров </span><span style=\"color:rgb(34, 34, 204); font-family:arial,sans-serif; font-size:15px\">по адресу Проспект Мира дом 102, корп.1. Современное здание, офисное помещение с</span><span style=\"color:rgb(0, 0, 0); font-family:arial,sans-serif; font-size:15px\">дается в с долгосрочную аренду, 4-ре арендатора, суммарное поступление от аренды около 700 тысяч в месяц (поступления отражены в отчетности), коммунальные расходы около 150 тысяч и налоги на имущество и другие налоги, земля под зданием оформлена,&nbsp;земельные вопросы управляющая компания &quot;Импульс Технопарк&quot; </span><span style=\"color:rgb(0, 0, 0); font-family:arial,sans-serif; font-size:15px\">&nbsp;Нужно 30 млн.рублей. Клиент готов на оформление залога по ДКП.</span></div>\r\n\r\n<div>&nbsp;</div>\r\n', 0, '30000000.00', 'города Москва, проспект Мира 102 корпус 1', 'города Москва, проспект Мира 102 корпус 1', NULL, 'ДКП от 24.04.2018 года', 42460000, 82720000, 65340000, 55539000, 2, 1543840652, 1544691538, NULL, 2, 27, 12, 1, 27769500, '440.0', 1, 1, 1, 294, NULL, NULL, NULL, NULL),
(127, 3, 1, 'Хныкина', '<div style=\"color: rgb(0, 0, 0); font-family: Arial, sans-serif; font-size: 15px;\">\r\n<div id=\"style_15438257930000000328_BODY_mailru_css_attribute_postfixfb5114b3730917ff180b963755558fdc\">\r\n<p>В залог предлагается отдельно стоящее коммерческое помещение в Лыткарино М.О., сдаваемое в аренду &nbsp;стоимостью примерно 31 млн руб. Цель кредита участие в тендерах .&nbsp;</p>\r\n\r\n<div>&nbsp;</div>\r\n</div>\r\n</div>\r\n', 19, '17000000.00', 'Московская область, г. Лыткарино, микрорайон № 5, квартал 1, строен 4а', 'Московская область, г. Лыткарино, микрорайон № 5, квартал 1, строен 4а', NULL, 'ДКП 2015 года', 2796406, 17000000, 15300000, 13000000, 2, 1543849267, 1543849742, NULL, 1, 27, 12, 1, 7650000, '338.0', 86, 1, 1, 309, NULL, NULL, NULL, NULL),
(129, 1, 0, 'Яшечкина', '<p><span style=\"background-color:rgb(238, 249, 255); color:rgb(18, 18, 18); font-family:lato,arial,sans-serif; font-size:14px\">Квартира в нормальном&nbsp;состоянии. Распашонка. Светлая и уютная. Комнаты изолированные. С/у - раздельный. Балкон c комнаты, застеклен и утеплен. Стеклопакеты. Большой холл. Дом расположен в зеленом, тихом районе с развитой инфраструктурой. До м. &quot;Теплый стан&quot; 20 мин.транспортом.&nbsp;</span></p>\r\n', 24, '0.00', 'Москва, Десеновское п, улица Дмитрия Рябинкина, д 2/2, кв 37', 'Москва, Десеновское п, улица Дмитрия Рябинкина, д 2/2, кв 37', 2, 'ДКП 2017 г.', 5195125, 4914000, 4422600, 3759210, 2, 1544003342, 1544105126, NULL, 52, 27, 12, 1, 2211300, '54.6', NULL, 2, 1, 284, NULL, NULL, NULL, NULL),
(130, 1, 0, ' Кузумова Айна', '<p>В залог предлагается 3 комнатная квартира. Современный дом в непосредственной близости от метро Воробьевы горы.</p>\r\n\r\n<p>Ограничения:</p>\r\n\r\n<table border=\"0\" cellpadding=\"0\" cellspacing=\"0\" style=\"color:rgb(52, 52, 52); font-family:arial; font-size:12px; width:100%\">\r\n	<tbody>\r\n		<tr>\r\n			<td>№ 77:06:0001002:4294-77/012/2017-1 &nbsp;от&nbsp;02.11.2017 &nbsp;(Запрещение сделок с имуществом)</td>\r\n		</tr>\r\n		<tr>\r\n			<td>№ 77-77/006-77/006/235/2016-1338/1 &nbsp;от&nbsp;06.05.2016 &nbsp;(Ипотека)</td>\r\n		</tr>\r\n		<tr>\r\n			<td>№ 77:06:0001002:4294-77/012/2018-2 &nbsp;от&nbsp;29.08.2018 &nbsp;(Запрещение сделок с имуществом)</td>\r\n		</tr>\r\n	</tbody>\r\n</table>\r\n', 0, '0.00', 'Москва, ул Косыгина, д 5, кв 292', 'Москва, ул Косыгина, д 5, кв 292', 3, 'ДКП 15.11.2012', 17639811, 17800000, 16000000, 13600000, 2, 1544454478, 1544457421, NULL, 0, 27, 12, 1, 8000000, '70.9', 1, 1, 1, 317, NULL, NULL, NULL, NULL),
(131, 3, 1, 'ГУДИМОВ', '<p>действующий бизнес</p>\r\n\r\n<p>доходс аренды</p>\r\n', 0, '6000000.00', 'Варшавское шоссе д.8, корп.10', 'Варшавское шоссе д.8, корп.10', NULL, '02.04.2018', 3689754, 17248000, 15500000, 13970000, 2, 1545143062, 1545143062, NULL, 0, 27, 11, 1, 7700000, '78.4', 1, 1, 1, 321, NULL, NULL, NULL, NULL),
(132, 1, 1, 'КАРИМОВА', '<p>Прописано 3 взрослых.</p>\r\n\r\n<p>&nbsp;</p>\r\n', 0, '17000000.00', 'переулок Петровский д.5 стр.2', 'переулок Петровский д.5 стр.2', 7, 'Договор дарения 26.09.2018', 100144731, 71580000, 64400000, 57980000, 2, 1545321131, 1545321131, NULL, 0, 27, 11, 1, 32200000, '148.2', 1, 1, 1, 284, NULL, NULL, NULL, NULL),
(133, 2, 1, 'ЕДЗОЕВ', '<p>Никто не прописан.</p>\r\n', 0, '2500000.00', 'Краснодарский край, р-н Крымский, г. Крымск, ул. Фурманова, д. 73-а', 'Краснодарский край, р-н Крымский, г. Крымск, ул. Фурманова, д. 73-а', 6, 'Договор дарения от 2014', 4060509, 6916000, 6224400, 5290740, 2, 1547113426, 1547113726, NULL, 0, 27, 12, 1, 2100000, '172.9', 1053, 1, 31, 325, NULL, NULL, NULL, NULL),
(136, 1, 0, 'тест', '<p>тест</p>\r\n', 0, '1000000.00', 'ул. Революционная, д.24, к.1, кв.33', 'ул. Революционная, д.24, к.1, кв.33', 1, 'тест', 1000000, 100000000, 0, 0, 2, 1548690047, 1548694095, NULL, 0, 12, 12, 1, 10000000, '100.0', 219, 1, 3, 329, NULL, NULL, NULL, NULL);

-- --------------------------------------------------------

--
-- Table structure for table `object_attribute`
--

DROP TABLE IF EXISTS `object_attribute`;
CREATE TABLE `object_attribute` (
  `object_id` int(11) DEFAULT NULL,
  `attribute_id` int(11) DEFAULT NULL,
  `value` varchar(255) DEFAULT NULL
) ENGINE=InnoDB DEFAULT CHARSET=utf8;

--
-- Truncate table before insert `object_attribute`
--

TRUNCATE TABLE `object_attribute`;
--
-- Dumping data for table `object_attribute`
--

INSERT INTO `object_attribute` (`object_id`, `attribute_id`, `value`) VALUES
(42, 7, '20'),
(45, 7, '1000'),
(46, 7, '1261'),
(49, 7, '1 504'),
(51, 7, '746'),
(57, 8, '.'),
(60, 7, '1000'),
(68, 7, '1240'),
(71, 7, '630'),
(72, 7, '846'),
(93, 7, '700'),
(95, 7, '5400'),
(97, 7, '2000'),
(98, 7, '1600'),
(102, 7, '1000'),
(104, 7, '1454'),
(105, 7, '30900'),
(111, 7, '633'),
(117, 7, '680'),
(123, 7, '2500'),
(133, 7, '300');

-- --------------------------------------------------------

--
-- Table structure for table `object_attribute_checkbox`
--

DROP TABLE IF EXISTS `object_attribute_checkbox`;
CREATE TABLE `object_attribute_checkbox` (
  `object_id` int(11) DEFAULT NULL,
  `attribute_id` int(11) DEFAULT NULL,
  `group_id` int(11) DEFAULT NULL
) ENGINE=InnoDB DEFAULT CHARSET=utf8;

--
-- Truncate table before insert `object_attribute_checkbox`
--

TRUNCATE TABLE `object_attribute_checkbox`;
--
-- Dumping data for table `object_attribute_checkbox`
--

INSERT INTO `object_attribute_checkbox` (`object_id`, `attribute_id`, `group_id`) VALUES
(42, 3, 18),
(42, 3, 19),
(42, 3, 20),
(42, 6, 29),
(43, 4, 21),
(43, 4, 22),
(43, 4, 23),
(43, 4, 24),
(45, 3, 19),
(45, 3, 20),
(46, 3, 19),
(46, 3, 18),
(46, 3, 20),
(46, 6, 29),
(46, 6, 32),
(47, 5, 26),
(47, 5, 27),
(47, 5, 28),
(48, 2, 17),
(48, 5, 26),
(48, 5, 27),
(48, 5, 28),
(49, 3, 18),
(49, 3, 19),
(49, 3, 20),
(50, 5, 26),
(50, 5, 27),
(50, 5, 28),
(51, 3, 18),
(51, 3, 19),
(51, 3, 20),
(52, 4, 22),
(52, 4, 23),
(52, 4, 24),
(53, 2, 14),
(53, 2, 17),
(53, 5, 26),
(53, 5, 27),
(53, 5, 28),
(54, 4, 21),
(54, 4, 22),
(54, 4, 23),
(56, 2, 14),
(56, 2, 17),
(56, 5, 26),
(56, 5, 27),
(56, 5, 28),
(57, 4, 22),
(58, 5, 26),
(58, 5, 27),
(58, 5, 28),
(59, 4, 21),
(60, 3, 18),
(60, 3, 19),
(60, 3, 20),
(62, 2, 17),
(62, 5, 26),
(62, 5, 27),
(62, 5, 28),
(63, 4, 21),
(63, 4, 22),
(63, 4, 23),
(63, 4, 24),
(64, 2, 17),
(64, 5, 26),
(64, 5, 27),
(64, 5, 28),
(65, 2, 17),
(65, 5, 26),
(65, 5, 27),
(65, 5, 28),
(66, 5, 26),
(66, 5, 27),
(66, 5, 28),
(67, 4, 21),
(67, 4, 22),
(67, 4, 23),
(67, 4, 24),
(68, 3, 19),
(68, 3, 20),
(69, 5, 27),
(69, 5, 28),
(74, 4, 23),
(75, 4, 22),
(76, 4, 22),
(78, 5, 26),
(78, 5, 27),
(78, 5, 28),
(80, 2, 14),
(80, 5, 26),
(80, 5, 27),
(80, 5, 28),
(73, 4, 21),
(73, 4, 22),
(73, 4, 23),
(73, 4, 24),
(76, 4, 23),
(76, 4, 24),
(81, 5, 27),
(81, 5, 28),
(80, 2, 17),
(82, 3, 18),
(82, 3, 19),
(82, 3, 20),
(82, 6, 32),
(83, 4, 22),
(83, 4, 23),
(83, 4, 24),
(84, 5, 26),
(84, 5, 27),
(84, 5, 28),
(85, 2, 17),
(85, 5, 26),
(85, 5, 27),
(85, 5, 28),
(86, 5, 27),
(86, 5, 28),
(87, 2, 17),
(87, 5, 26),
(87, 5, 27),
(87, 5, 28),
(88, 4, 22),
(88, 4, 23),
(88, 4, 24),
(90, 5, 26),
(90, 5, 27),
(90, 5, 28),
(91, 4, 21),
(91, 4, 23),
(91, 4, 24),
(92, 5, 26),
(92, 5, 27),
(92, 5, 28),
(93, 3, 19),
(93, 3, 20),
(94, 4, 22),
(94, 4, 23),
(94, 4, 24),
(93, 3, 18),
(95, 3, 18),
(95, 3, 19),
(95, 3, 20),
(96, 4, 22),
(96, 4, 23),
(96, 4, 24),
(97, 3, 18),
(97, 3, 19),
(97, 3, 20),
(98, 3, 18),
(98, 3, 19),
(98, 3, 20),
(99, 5, 26),
(99, 5, 27),
(99, 5, 28),
(100, 2, 17),
(100, 5, 26),
(100, 5, 27),
(100, 5, 28),
(101, 2, 17),
(101, 5, 26),
(101, 5, 27),
(101, 5, 28),
(102, 3, 18),
(102, 3, 19),
(102, 3, 20),
(102, 6, 32),
(104, 3, 18),
(104, 3, 19),
(104, 3, 20),
(105, 3, 19),
(105, 3, 20),
(105, 3, 18),
(106, 4, 22),
(106, 4, 23),
(106, 4, 24),
(107, 5, 26),
(107, 5, 27),
(107, 5, 28),
(109, 2, 17),
(109, 5, 27),
(109, 5, 28),
(110, 2, 17),
(110, 5, 26),
(110, 5, 27),
(110, 5, 28),
(111, 3, 18),
(111, 3, 19),
(111, 3, 20),
(111, 6, 29),
(111, 6, 32),
(112, 5, 27),
(112, 5, 28),
(115, 4, 22),
(115, 4, 23),
(115, 4, 24),
(117, 3, 18),
(117, 3, 19),
(117, 3, 20),
(118, 4, 22),
(118, 4, 23),
(118, 4, 24),
(119, 5, 26),
(119, 5, 27),
(119, 5, 28),
(120, 4, 22),
(120, 4, 23),
(120, 4, 24),
(121, 5, 26),
(121, 5, 27),
(121, 5, 28),
(123, 3, 18),
(123, 3, 19),
(123, 3, 20),
(124, 5, 26),
(124, 5, 27),
(124, 5, 28),
(125, 5, 26),
(125, 5, 27),
(125, 5, 28),
(126, 4, 22),
(126, 4, 23),
(126, 4, 24),
(127, 4, 22),
(127, 4, 23),
(127, 4, 24),
(129, 5, 26),
(129, 5, 27),
(129, 5, 28),
(121, 2, 14),
(121, 2, 17),
(130, 5, 26),
(130, 5, 27),
(130, 5, 28),
(132, 2, 17),
(132, 5, 26),
(132, 5, 27),
(132, 5, 28),
(133, 3, 18),
(133, 3, 19),
(133, 3, 20);

-- --------------------------------------------------------

--
-- Table structure for table `object_attribute_radio`
--

DROP TABLE IF EXISTS `object_attribute_radio`;
CREATE TABLE `object_attribute_radio` (
  `object_id` int(11) DEFAULT NULL,
  `attribute_id` int(11) DEFAULT NULL,
  `group_id` int(11) DEFAULT NULL
) ENGINE=InnoDB DEFAULT CHARSET=utf8;

--
-- Truncate table before insert `object_attribute_radio`
--

TRUNCATE TABLE `object_attribute_radio`;
--
-- Dumping data for table `object_attribute_radio`
--

INSERT INTO `object_attribute_radio` (`object_id`, `attribute_id`, `group_id`) VALUES
(43, 2, 8),
(52, 2, 6),
(54, 2, 6),
(57, 2, 6),
(59, 2, 8),
(63, 2, 6),
(67, 2, 6),
(73, 2, 8),
(74, 2, 8),
(75, 2, 8),
(76, 2, 6),
(83, 2, 6),
(88, 2, 6),
(91, 2, 6),
(94, 2, 8),
(106, 2, 8),
(108, 2, 6),
(115, 2, 8),
(118, 2, 6),
(120, 2, 6),
(122, 2, 6),
(126, 2, 8),
(127, 2, 6);

-- --------------------------------------------------------

--
-- Table structure for table `object_confidence`
--

DROP TABLE IF EXISTS `object_confidence`;
CREATE TABLE `object_confidence` (
  `object_id` int(11) NOT NULL,
  `confidence_id` int(11) NOT NULL,
  `file_id` int(11) DEFAULT NULL,
  `rate` int(11) NOT NULL DEFAULT '0',
  `check` tinyint(1) NOT NULL DEFAULT '0'
) ENGINE=InnoDB DEFAULT CHARSET=utf8mb4;

--
-- Truncate table before insert `object_confidence`
--

TRUNCATE TABLE `object_confidence`;
--
-- Dumping data for table `object_confidence`
--

INSERT INTO `object_confidence` (`object_id`, `confidence_id`, `file_id`, `rate`, `check`) VALUES
(42, 1, NULL, 0, 1),
(42, 2, NULL, 0, 1),
(42, 3, NULL, 0, 0),
(42, 4, NULL, 0, 0),
(42, 5, NULL, 0, 0),
(43, 1, NULL, 0, 0),
(43, 2, NULL, 0, 0),
(43, 3, NULL, 0, 0),
(43, 4, NULL, 0, 0),
(43, 5, NULL, 0, 0),
(45, 1, NULL, 0, 0),
(45, 2, NULL, 0, 0),
(45, 3, NULL, 0, 0),
(45, 4, NULL, 0, 0),
(45, 5, NULL, 0, 0),
(46, 1, NULL, 0, 0),
(46, 2, NULL, 0, 0),
(46, 3, NULL, 0, 0),
(46, 4, NULL, 0, 0),
(46, 5, NULL, 0, 0),
(47, 1, NULL, 0, 0),
(47, 2, NULL, 0, 0),
(47, 3, NULL, 0, 0),
(47, 4, NULL, 0, 0),
(47, 5, NULL, 0, 0),
(48, 1, NULL, 0, 0),
(48, 2, NULL, 0, 0),
(48, 3, NULL, 0, 0),
(48, 4, NULL, 0, 0),
(48, 5, NULL, 0, 0),
(49, 1, NULL, 0, 0),
(49, 2, NULL, 0, 0),
(49, 3, NULL, 0, 0),
(49, 4, NULL, 0, 0),
(49, 5, NULL, 0, 0),
(50, 1, NULL, 0, 0),
(50, 2, NULL, 0, 0),
(50, 3, NULL, 0, 0),
(50, 4, NULL, 0, 0),
(50, 5, NULL, 0, 0),
(51, 1, NULL, 0, 0),
(51, 2, NULL, 0, 0),
(51, 3, NULL, 0, 0),
(51, 4, NULL, 0, 0),
(51, 5, NULL, 0, 0),
(52, 1, NULL, 0, 0),
(52, 2, NULL, 0, 0),
(52, 3, NULL, 0, 0),
(52, 4, NULL, 0, 0),
(52, 5, NULL, 0, 0),
(53, 1, NULL, 0, 0),
(53, 2, NULL, 0, 0),
(53, 3, NULL, 0, 0),
(53, 4, NULL, 0, 0),
(53, 5, NULL, 0, 1),
(54, 1, NULL, 0, 0),
(54, 2, NULL, 0, 0),
(54, 3, NULL, 0, 0),
(54, 4, NULL, 0, 0),
(54, 5, NULL, 0, 0),
(56, 1, NULL, 0, 0),
(56, 2, NULL, 0, 0),
(56, 3, NULL, 0, 0),
(56, 4, NULL, 0, 0),
(56, 5, NULL, 0, 0),
(57, 1, NULL, 0, 0),
(57, 2, NULL, 0, 0),
(57, 3, NULL, 0, 0),
(57, 4, NULL, 0, 0),
(57, 5, NULL, 0, 0),
(58, 1, NULL, 0, 0),
(58, 2, NULL, 0, 0),
(58, 3, NULL, 0, 0),
(58, 4, NULL, 0, 0),
(58, 5, NULL, 0, 0),
(59, 1, NULL, 0, 0),
(59, 2, NULL, 0, 0),
(59, 3, NULL, 0, 0),
(59, 4, NULL, 0, 0),
(59, 5, NULL, 0, 0),
(60, 1, NULL, 0, 0),
(60, 2, NULL, 0, 0),
(60, 3, NULL, 0, 0),
(60, 4, NULL, 0, 0),
(60, 5, NULL, 0, 0),
(62, 1, NULL, 0, 0),
(62, 2, NULL, 0, 0),
(62, 3, NULL, 0, 0),
(62, 4, NULL, 0, 0),
(62, 5, NULL, 0, 0),
(63, 1, NULL, 0, 0),
(63, 2, NULL, 0, 0),
(63, 3, NULL, 0, 0),
(63, 4, NULL, 0, 0),
(63, 5, NULL, 0, 0),
(64, 1, NULL, 0, 0),
(64, 2, NULL, 0, 0),
(64, 3, NULL, 0, 0),
(64, 4, NULL, 0, 0),
(64, 5, NULL, 0, 0),
(65, 1, NULL, 0, 0),
(65, 2, NULL, 0, 0),
(65, 3, NULL, 0, 0),
(65, 4, NULL, 0, 0),
(65, 5, NULL, 0, 0),
(66, 1, NULL, 0, 0),
(66, 2, NULL, 0, 0),
(66, 3, NULL, 0, 0),
(66, 4, NULL, 0, 0),
(66, 5, NULL, 0, 0),
(67, 1, NULL, 0, 0),
(67, 2, NULL, 0, 0),
(67, 3, NULL, 0, 0),
(67, 4, NULL, 0, 0),
(67, 5, NULL, 0, 0),
(68, 1, NULL, 0, 0),
(68, 2, NULL, 0, 0),
(68, 3, NULL, 0, 0),
(68, 4, NULL, 0, 0),
(68, 5, NULL, 0, 0),
(69, 1, NULL, 0, 0),
(69, 2, NULL, 0, 0),
(69, 3, NULL, 0, 0),
(69, 4, NULL, 0, 0),
(69, 5, NULL, 0, 0),
(70, 1, NULL, 0, 0),
(70, 2, NULL, 0, 0),
(70, 3, NULL, 0, 0),
(70, 4, NULL, 0, 0),
(70, 5, NULL, 0, 0),
(71, 1, NULL, 0, 0),
(71, 2, NULL, 0, 0),
(71, 3, NULL, 0, 0),
(71, 4, NULL, 0, 0),
(71, 5, NULL, 0, 0),
(72, 1, NULL, 0, 0),
(72, 2, NULL, 0, 0),
(72, 3, NULL, 0, 0),
(72, 4, NULL, 0, 0),
(72, 5, NULL, 0, 0),
(73, 1, NULL, 0, 0),
(73, 2, NULL, 0, 0),
(73, 3, NULL, 0, 0),
(73, 4, NULL, 0, 0),
(73, 5, NULL, 0, 0),
(74, 1, NULL, 0, 0),
(74, 2, NULL, 0, 0),
(74, 3, NULL, 0, 0),
(74, 4, NULL, 0, 0),
(74, 5, NULL, 0, 0),
(75, 1, NULL, 0, 0),
(75, 2, NULL, 0, 0),
(75, 3, NULL, 0, 0),
(75, 4, NULL, 0, 0),
(75, 5, NULL, 0, 0),
(76, 1, NULL, 0, 0),
(76, 2, NULL, 0, 0),
(76, 3, NULL, 0, 0),
(76, 4, NULL, 0, 0),
(76, 5, NULL, 0, 0),
(77, 1, NULL, 0, 0),
(77, 2, NULL, 0, 0),
(77, 3, NULL, 0, 0),
(77, 4, NULL, 0, 0),
(77, 5, NULL, 0, 0),
(78, 1, NULL, 0, 0),
(78, 2, NULL, 0, 0),
(78, 3, NULL, 0, 0),
(78, 4, NULL, 0, 0),
(78, 5, NULL, 0, 0),
(80, 1, NULL, 0, 0),
(80, 2, NULL, 0, 0),
(80, 3, NULL, 0, 0),
(80, 4, NULL, 0, 0),
(80, 5, NULL, 0, 0),
(81, 1, NULL, 0, 0),
(81, 2, NULL, 0, 0),
(81, 3, NULL, 0, 0),
(81, 4, NULL, 0, 0),
(81, 5, NULL, 0, 0),
(82, 1, NULL, 0, 0),
(82, 2, NULL, 0, 0),
(82, 3, NULL, 0, 0),
(82, 4, NULL, 0, 0),
(82, 5, NULL, 0, 0),
(83, 1, NULL, 0, 0),
(83, 2, NULL, 0, 0),
(83, 3, NULL, 0, 0),
(83, 4, NULL, 0, 0),
(83, 5, NULL, 0, 0),
(84, 1, NULL, 0, 0),
(84, 2, NULL, 0, 0),
(84, 3, NULL, 0, 0),
(84, 4, NULL, 0, 0),
(84, 5, NULL, 0, 0),
(85, 1, NULL, 0, 0),
(85, 2, NULL, 0, 0),
(85, 3, NULL, 0, 0),
(85, 4, NULL, 0, 0),
(85, 5, NULL, 0, 0),
(86, 1, NULL, 0, 0),
(86, 2, NULL, 0, 0),
(86, 3, NULL, 0, 0),
(86, 4, NULL, 0, 0),
(86, 5, NULL, 0, 0),
(87, 1, NULL, 0, 0),
(87, 2, NULL, 0, 0),
(87, 3, NULL, 0, 0),
(87, 4, NULL, 0, 0),
(87, 5, NULL, 0, 0),
(88, 1, NULL, 0, 0),
(88, 2, NULL, 0, 0),
(88, 3, NULL, 0, 0),
(88, 4, NULL, 0, 0),
(88, 5, NULL, 0, 0),
(89, 1, NULL, 0, 0),
(89, 2, NULL, 0, 0),
(89, 3, NULL, 0, 0),
(89, 4, NULL, 0, 0),
(89, 5, NULL, 0, 0),
(90, 1, NULL, 0, 0),
(90, 2, NULL, 0, 0),
(90, 3, NULL, 0, 0),
(90, 4, NULL, 0, 0),
(90, 5, NULL, 0, 0),
(91, 1, NULL, 0, 0),
(91, 2, NULL, 0, 0),
(91, 3, NULL, 0, 0),
(91, 4, NULL, 0, 0),
(91, 5, NULL, 0, 0),
(92, 1, NULL, 0, 0),
(92, 2, NULL, 0, 0),
(92, 3, NULL, 0, 0),
(92, 4, NULL, 0, 0),
(92, 5, NULL, 0, 0),
(93, 1, NULL, 0, 0),
(93, 2, NULL, 0, 0),
(93, 3, NULL, 0, 0),
(93, 4, NULL, 0, 0),
(93, 5, NULL, 0, 0),
(94, 1, NULL, 0, 0),
(94, 2, NULL, 0, 0),
(94, 3, NULL, 0, 0),
(94, 4, NULL, 0, 0),
(94, 5, NULL, 0, 0),
(95, 1, NULL, 0, 0),
(95, 2, NULL, 0, 0),
(95, 3, NULL, 0, 0),
(95, 4, NULL, 0, 0),
(95, 5, NULL, 0, 0),
(96, 1, NULL, 0, 0),
(96, 2, NULL, 0, 0),
(96, 3, NULL, 0, 0),
(96, 4, NULL, 0, 0),
(96, 5, NULL, 0, 0),
(97, 1, NULL, 0, 0),
(97, 2, NULL, 0, 0),
(97, 3, NULL, 0, 0),
(97, 4, NULL, 0, 0),
(97, 5, NULL, 0, 0),
(98, 1, NULL, 0, 0),
(98, 2, NULL, 0, 0),
(98, 3, NULL, 0, 0),
(98, 4, NULL, 0, 0),
(98, 5, NULL, 0, 0),
(99, 1, NULL, 0, 0),
(99, 2, NULL, 0, 0),
(99, 3, NULL, 0, 0),
(99, 4, NULL, 0, 0),
(99, 5, NULL, 0, 0),
(100, 1, NULL, 0, 0),
(100, 2, NULL, 0, 0),
(100, 3, NULL, 0, 0),
(100, 4, NULL, 0, 0),
(100, 5, NULL, 0, 0),
(101, 1, NULL, 0, 0),
(101, 2, NULL, 0, 0),
(101, 3, NULL, 0, 0),
(101, 4, NULL, 0, 0),
(101, 5, NULL, 0, 0),
(102, 1, NULL, 0, 0),
(102, 2, NULL, 0, 0),
(102, 3, NULL, 0, 0),
(102, 4, NULL, 0, 0),
(102, 5, NULL, 0, 0),
(103, 1, NULL, 0, 0),
(103, 2, NULL, 0, 0),
(103, 3, NULL, 0, 0),
(103, 4, NULL, 0, 0),
(103, 5, NULL, 0, 0),
(104, 1, NULL, 0, 0),
(104, 2, NULL, 0, 0),
(104, 3, NULL, 0, 0),
(104, 4, NULL, 0, 0),
(104, 5, NULL, 0, 0),
(105, 1, NULL, 0, 0),
(105, 2, NULL, 0, 0),
(105, 3, NULL, 0, 0),
(105, 4, NULL, 0, 0),
(105, 5, NULL, 0, 0),
(106, 1, NULL, 0, 0),
(106, 2, NULL, 0, 0),
(106, 3, NULL, 0, 0),
(106, 4, NULL, 0, 0),
(106, 5, NULL, 0, 0),
(107, 1, NULL, 0, 0),
(107, 2, NULL, 0, 0),
(107, 3, NULL, 0, 0),
(107, 4, NULL, 0, 0),
(107, 5, NULL, 0, 0),
(108, 1, NULL, 0, 0),
(108, 2, NULL, 0, 0),
(108, 3, NULL, 0, 0),
(108, 4, NULL, 0, 0),
(108, 5, NULL, 0, 0),
(109, 1, NULL, 0, 0),
(109, 2, NULL, 0, 0),
(109, 3, NULL, 0, 0),
(109, 4, NULL, 0, 0),
(109, 5, NULL, 0, 0),
(110, 1, NULL, 0, 0),
(110, 2, NULL, 0, 0),
(110, 3, NULL, 0, 0),
(110, 4, NULL, 0, 0),
(110, 5, NULL, 0, 0),
(111, 1, NULL, 0, 0),
(111, 2, NULL, 0, 0),
(111, 3, NULL, 0, 0),
(111, 4, NULL, 0, 0),
(111, 5, NULL, 0, 0),
(112, 1, NULL, 0, 0),
(112, 2, NULL, 0, 0),
(112, 3, NULL, 0, 0),
(112, 4, NULL, 0, 0),
(112, 5, NULL, 0, 0),
(113, 1, NULL, 0, 0),
(113, 2, NULL, 0, 0),
(113, 3, NULL, 0, 0),
(113, 4, NULL, 0, 0),
(113, 5, NULL, 0, 0),
(114, 1, NULL, 0, 0),
(114, 2, NULL, 0, 0),
(114, 3, NULL, 0, 0),
(114, 4, NULL, 0, 0),
(114, 5, NULL, 0, 0),
(115, 1, NULL, 0, 0),
(115, 2, NULL, 0, 0),
(115, 3, NULL, 0, 0),
(115, 4, NULL, 0, 0),
(115, 5, NULL, 0, 0),
(116, 1, NULL, 0, 0),
(116, 2, NULL, 0, 0),
(116, 3, NULL, 0, 0),
(116, 4, NULL, 0, 0),
(116, 5, NULL, 0, 0),
(117, 1, NULL, 0, 0),
(117, 2, NULL, 0, 0),
(117, 3, NULL, 0, 0),
(117, 4, NULL, 0, 0),
(117, 5, NULL, 0, 0),
(118, 1, NULL, 0, 0),
(118, 2, NULL, 0, 0),
(118, 3, NULL, 0, 0),
(118, 4, NULL, 0, 0),
(118, 5, NULL, 0, 0),
(119, 1, NULL, 0, 0),
(119, 2, NULL, 0, 0),
(119, 3, NULL, 0, 0),
(119, 4, NULL, 0, 0),
(119, 5, NULL, 0, 0),
(120, 1, NULL, 0, 0),
(120, 2, NULL, 0, 0),
(120, 3, NULL, 0, 0),
(120, 4, NULL, 0, 0),
(120, 5, NULL, 0, 0),
(121, 1, NULL, 0, 0),
(121, 2, NULL, 0, 0),
(121, 3, NULL, 0, 0),
(121, 4, NULL, 0, 0),
(121, 5, NULL, 0, 0),
(122, 1, NULL, 0, 0),
(122, 2, NULL, 0, 0),
(122, 3, NULL, 0, 0),
(122, 4, NULL, 0, 0),
(122, 5, NULL, 0, 0),
(123, 1, NULL, 0, 0),
(123, 2, NULL, 0, 0),
(123, 3, NULL, 0, 0),
(123, 4, NULL, 0, 0),
(123, 5, NULL, 0, 0),
(124, 1, 4, 1000, 1),
(124, 2, NULL, 0, 0),
(124, 3, 5, 1000, 1),
(124, 4, NULL, 0, 0),
(124, 5, 9, 1000, 0),
(125, 1, 6, 800, 1),
(125, 2, NULL, 0, 0),
(125, 3, 7, 1000, 1),
(125, 4, NULL, 0, 0),
(125, 5, 8, 1000, 0),
(126, 1, NULL, 0, 0),
(126, 2, NULL, 0, 0),
(126, 3, NULL, 0, 0),
(126, 4, NULL, 0, 0),
(126, 5, NULL, 0, 0),
(127, 1, NULL, 0, 0),
(127, 2, NULL, 0, 0),
(127, 3, NULL, 0, 0),
(127, 4, NULL, 0, 0),
(127, 5, NULL, 0, 0),
(128, 1, NULL, 0, 0),
(128, 2, NULL, 0, 0),
(128, 3, NULL, 0, 0),
(128, 4, NULL, 0, 0),
(128, 5, NULL, 0, 0),
(129, 1, NULL, 0, 0),
(129, 2, NULL, 0, 0),
(129, 3, NULL, 0, 0),
(129, 4, NULL, 0, 0),
(129, 5, NULL, 0, 0),
(130, 1, NULL, 0, 0),
(130, 2, NULL, 0, 0),
(130, 3, NULL, 0, 0),
(130, 4, NULL, 0, 0),
(130, 5, NULL, 0, 0),
(131, 1, NULL, 0, 0),
(131, 2, NULL, 0, 0),
(131, 3, NULL, 0, 0),
(131, 4, NULL, 0, 0),
(131, 5, NULL, 0, 0),
(132, 1, NULL, 0, 0),
(132, 2, NULL, 0, 0),
(132, 3, NULL, 0, 0),
(132, 4, NULL, 0, 0),
(132, 5, NULL, 0, 0),
(133, 1, NULL, 0, 0),
(133, 2, NULL, 0, 0),
(133, 3, NULL, 0, 0),
(133, 4, NULL, 0, 0),
(133, 5, NULL, 0, 0),
(134, 1, NULL, 0, 0),
(134, 2, NULL, 0, 0),
(134, 3, NULL, 0, 0),
(134, 4, NULL, 0, 0),
(134, 5, NULL, 0, 0),
(135, 1, NULL, 1000, 1),
(135, 2, NULL, 1000, 1),
(135, 3, NULL, 1000, 1),
(135, 4, NULL, 1000, 1),
(135, 5, NULL, 0, 0),
(136, 1, NULL, 0, 0),
(136, 2, NULL, 0, 0),
(136, 3, NULL, 0, 0),
(136, 4, NULL, 0, 0),
(136, 5, NULL, 0, 0);

-- --------------------------------------------------------

--
-- Table structure for table `object_confidence_file`
--

DROP TABLE IF EXISTS `object_confidence_file`;
CREATE TABLE `object_confidence_file` (
  `id` int(11) NOT NULL,
  `doc` varchar(255) DEFAULT NULL,
  `title` varchar(255) DEFAULT NULL
) ENGINE=InnoDB DEFAULT CHARSET=utf8mb4;

--
-- Truncate table before insert `object_confidence_file`
--

TRUNCATE TABLE `object_confidence_file`;
--
-- Dumping data for table `object_confidence_file`
--

INSERT INTO `object_confidence_file` (`id`, `doc`, `title`) VALUES
(4, '/uploads/objects/doc/124/conf/1543571765_nuJEva15.pdf', 'Барановский'),
(5, '/uploads/objects/doc/124/conf/1543572651_XhO-G7w8.png', 'ФССП_1'),
(6, '/uploads/objects/doc/125/conf/1543574349_jGW1xZyN.pdf', 'Барановская'),
(7, '/uploads/objects/doc/125/conf/1543574349_Wuz0Nj7l.pdf', 'ФССП_2'),
(8, '/uploads/objects/doc/125/conf/1543577855_7B5f_7w4.pdf', 'оценка  панферова'),
(9, '/uploads/objects/doc/124/conf/1543577897_pax6C4lZ.pdf', 'оценка грина');

-- --------------------------------------------------------

--
-- Table structure for table `object_file`
--

DROP TABLE IF EXISTS `object_file`;
CREATE TABLE `object_file` (
  `id` int(11) NOT NULL,
  `object_id` int(11) DEFAULT NULL,
  `doc` varchar(255) DEFAULT NULL,
  `title` varchar(255) DEFAULT NULL
) ENGINE=InnoDB DEFAULT CHARSET=utf8;

--
-- Truncate table before insert `object_file`
--

TRUNCATE TABLE `object_file`;
--
-- Dumping data for table `object_file`
--

INSERT INTO `object_file` (`id`, `object_id`, `doc`, `title`) VALUES
(108, 43, '/uploads/objects/doc/43/1538511198_91PnXQfP.jpg', 'Поиск_на_карте_ЦИАН_в_Воронеже_-_Продажа_и_аренда_квартир__новостройки__дома_и_участки'),
(109, 43, '/uploads/objects/doc/43/1538511198_328rwPsc.pdf', 'технический паспорт'),
(110, 43, '/uploads/objects/doc/43/1538511198_QjW9d3CN.pdf', 'кадастровый паспорт здания'),
(111, 43, '/uploads/objects/doc/43/1538511198_q6tdToB0.pdf', 'кадастровый паспорт земля'),
(112, 43, '/uploads/objects/doc/43/1538511218_gjRNMuqS.pdf', 'зеленка земля'),
(113, 43, '/uploads/objects/doc/43/1538511218_5jx0-8F4.pdf', 'зеленка здание'),
(114, 43, '/uploads/objects/doc/43/1538511218_0x_o71c1.jpg', 'зеленка здание 1'),
(123, 46, '/uploads/objects/doc/46/1538607626_Knjr2mer.pdf', 'Ромашково679'),
(124, 46, '/uploads/objects/doc/46/1538607627_KWND0MDz.pdf', 'Ромашково382'),
(125, 46, '/uploads/objects/doc/46/1538607627__ILOxJG9.pdf', 'Ромашково200'),
(126, 46, '/uploads/objects/doc/46/1538607627_uXIF0lpq.pdf', 'Ромашково120'),
(127, 46, '/uploads/objects/doc/46/1538607645_m8QLOqlu.pdf', 'Кв.Трехгорка'),
(128, 46, '/uploads/objects/doc/46/1538607645_0yWHn4By.pdf', 'Кв.Рублевское_ш'),
(129, 46, '/uploads/objects/doc/46/1538607645_dXEfgUOB.pdf', 'выписка из Егрп'),
(130, 47, '/uploads/objects/doc/47/1538609721_5MCybwDl.jpeg', '34D1BBCB-2121-42D8-8F2B-1857D77B992B'),
(131, 47, '/uploads/objects/doc/47/1538609721_Z6sd9JGp.jpeg', '1E81FB1A-FB8D-4E32-908D-B0E3EB9BF4C2'),
(132, 47, '/uploads/objects/doc/47/1538609721_gO_n7IWh.jpeg', '27147A49-6D2F-4125-86C6-D1A440D6FFBA'),
(133, 47, '/uploads/objects/doc/47/1538609721_wwH_a_Ig.jpeg', 'FC73FE0D-0C14-4298-BB2C-D62A121C2AA5'),
(134, 47, '/uploads/objects/doc/47/1538609732_th-jp62U.jpeg', 'FF3875A4-EC72-4079-BC9D-CDBE1CDBD4D1'),
(135, 47, '/uploads/objects/doc/47/1538609732_7_qcoV_3.jpeg', '73FEDB5C-47B7-4D8D-938B-840F9567FD2D'),
(136, 47, '/uploads/objects/doc/47/1538609732_ke17GqXT.jpeg', '817367DC-1464-4061-AFDD-D68F30F3D954'),
(137, 48, '/uploads/objects/doc/48/1538611828_TnM0RSNS.jpg', 'договор дарения'),
(138, 48, '/uploads/objects/doc/48/1538611828_MYmw6Zyh.jpg', 'егрн'),
(139, 48, '/uploads/objects/doc/48/1538612526_mXMU4AXy.pdf', 'паспорт 1'),
(140, 48, '/uploads/objects/doc/48/1538612526_CjGMC_7R.pdf', 'фото1'),
(145, 49, '/uploads/objects/doc/49/1538654705_QWF6kLd5.jpeg', 'акт'),
(146, 49, '/uploads/objects/doc/49/1538654705_xUOwBR3O.jpeg', 'ДКП'),
(147, 49, '/uploads/objects/doc/49/1538654705_i6_idqDX.jpeg', 'св-во дом'),
(148, 49, '/uploads/objects/doc/49/1538654705_0ApMPkg7.jpeg', 'св-во ЗУ'),
(155, 50, '/uploads/objects/doc/50/1538661137_uqOkt-wm.jpeg', 'ДКП 2'),
(156, 50, '/uploads/objects/doc/50/1538661137_7PMRpR90.jpeg', 'ДКП'),
(157, 50, '/uploads/objects/doc/50/1538661137_cjOH-h_p.jpeg', 'Паспорт 1'),
(158, 50, '/uploads/objects/doc/50/1538661137_BYmH0cTT.jpg', 'Паспорт 2'),
(159, 50, '/uploads/objects/doc/50/1538661156_TZX-rRz_.jpeg', 'св-во'),
(160, 50, '/uploads/objects/doc/50/1538661156_f8h2RCwu.jpg', 'СНИЛС'),
(183, 51, '/uploads/objects/doc/51/1538823923_b6CkHbVU.pdf', 'паспорт'),
(184, 51, '/uploads/objects/doc/51/1538824009_PG17Hvh4.pdf', 'ДКП'),
(185, 51, '/uploads/objects/doc/51/1538824009_Bq2gbned.pdf', 'Договор 49лет'),
(186, 51, '/uploads/objects/doc/51/1538824029_BGXwEzl1.pdf', 'ЕГРН дом'),
(187, 51, '/uploads/objects/doc/51/1538824029_N2_S9ohw.pdf', 'Кад паспорт'),
(188, 51, '/uploads/objects/doc/51/1538824160_rZsL105D.pdf', 'тех.паспорт'),
(189, 51, '/uploads/objects/doc/51/1538824428_sqHbjTKx.pdf', 'фото'),
(190, 54, '/uploads/objects/doc/54/1538992966_kwhvOWua.pdf', 'Паспорт'),
(191, 54, '/uploads/objects/doc/54/1538997231_M_g_2CcL.pdf', 'правоустаовка'),
(192, 54, '/uploads/objects/doc/54/1538997231_tyDu-TjM.pdf', 'фото'),
(193, 56, '/uploads/objects/doc/56/1539186003_NT8kxJPD.pdf', 'фото'),
(194, 56, '/uploads/objects/doc/56/1539186003_1n-Wseo8.pdf', 'свидетельство'),
(195, 56, '/uploads/objects/doc/56/1539186487_OaZeqZVF.pdf', 'выписка из домовой'),
(196, 56, '/uploads/objects/doc/56/1539186487_i00evnAn.pdf', 'паспорт'),
(197, 57, '/uploads/objects/doc/57/1539253461_5xlxJQMO.JPG', 'ДКП1'),
(198, 57, '/uploads/objects/doc/57/1539253461_v0iyoK65.JPG', 'ДКП2'),
(199, 57, '/uploads/objects/doc/57/1539253461_sS9PshKw.JPG', 'свид-во спиридоновка, новый собств.'),
(200, 57, '/uploads/objects/doc/57/1539253475_yoEtWNdl.pdf', 'спиридоновка кадастр. пас-т.'),
(201, 58, '/uploads/objects/doc/58/1539597652_iMf4MZdl.jpg', 'Scan0001'),
(202, 58, '/uploads/objects/doc/58/1539597652_RKM4h4ln.jpg', 'Scan0002'),
(203, 58, '/uploads/objects/doc/58/1539597652_Fqnu5z8K.jpg', 'Scan0003'),
(204, 59, '/uploads/objects/doc/59/1539604296_wogXHiPg.pdf', 'Выписка из ЕГРП'),
(205, 59, '/uploads/objects/doc/59/1539604296_b5hBhEm6.pdf', 'Договор аренды земельного участка № 35'),
(206, 59, '/uploads/objects/doc/59/1539604296_SbKEvW70.pdf', 'Кадастровые паспорта по помещениям'),
(207, 59, '/uploads/objects/doc/59/1539604296_nGF1BCAv.pdf', 'Кадастровый паспорт здания'),
(208, 59, '/uploads/objects/doc/59/1539604317_6pOnOEQs.pdf', 'Краснознаменск'),
(209, 59, '/uploads/objects/doc/59/1539604317_RgHlQKuW.pdf', 'Отчет Ландыш'),
(210, 59, '/uploads/objects/doc/59/1539604317_8C40eCUQ.pdf', 'Свидетельство о регистрации права'),
(211, 59, '/uploads/objects/doc/59/1539604334_3V9CLywC.pdf', 'Технический паспорт здания'),
(212, 59, '/uploads/objects/doc/59/1539604334_voj_QyY9.pdf', 'Техпаспорт нежилое здание'),
(213, 60, '/uploads/objects/doc/60/1539606646_0ZFN0rMd.pdf', 'Дкп'),
(214, 60, '/uploads/objects/doc/60/1539606660_RbAT4bx1.jpeg', 'WatsApp Image 2018-10-11 at 12.43.08'),
(215, 60, '/uploads/objects/doc/60/1539606661_ekq2lFy2.jpeg', 'WhatApp Image 2018-10-11 at 12.43.10'),
(216, 60, '/uploads/objects/doc/60/1539606661_BcdrZIzx.jpeg', 'WhatApp Image 2018-10-11 at 12.43.14'),
(217, 60, '/uploads/objects/doc/60/1539606661_bw7qf6Os.jpeg', 'WhatApp Image 2018-10-11 at 12.43.18'),
(218, 60, '/uploads/objects/doc/60/1539606661_7NSZCYkP.jpeg', 'WhatsApp Imae 2018-10-11 at 12.43.09'),
(219, 60, '/uploads/objects/doc/60/1539606661_kYbZJLGe.jpeg', 'WhatsApp Image 218-10-11 at 12.43.11'),
(220, 60, '/uploads/objects/doc/60/1539606661_9z4XClvh.jpeg', 'WhatsApp Image 2018-10-11 at 12.43.08'),
(221, 60, '/uploads/objects/doc/60/1539606661_c8aTb8qt.jpeg', 'WhatsApp Image 2018-10-11 at 12.43.11'),
(222, 60, '/uploads/objects/doc/60/1539606661_myiCJz1_.jpeg', 'WhatsApp Image 2018-10-11 at 12.43.13'),
(223, 60, '/uploads/objects/doc/60/1539606661_HuKX6pAR.jpeg', 'WhatsApp Image 2018-10-11 at 12.43.18'),
(224, 60, '/uploads/objects/doc/60/1539606661_hWqWLunW.jpeg', 'WhatsApp Imge 2018-10-11 at 12.43.12'),
(225, 60, '/uploads/objects/doc/60/1539606661_gJcz0_Dc.jpeg', 'WhatsApp mage 2018-10-11 at 12.43.10'),
(226, 60, '/uploads/objects/doc/60/1539606661_Rcceldtq.jpeg', 'Whatspp Image 2018-10-11 at 12.43.14'),
(227, 60, '/uploads/objects/doc/60/1539606661_pQTTvBUB.jpeg', 'Whpp Image 2018-10-11 at 12.43.16'),
(234, 62, '/uploads/objects/doc/62/1539667195_ZNqZ4N-o.pdf', 'справки'),
(235, 62, '/uploads/objects/doc/62/1539667195_vj9Ir9Yi.pdf', 'ДКП'),
(236, 62, '/uploads/objects/doc/62/1539667195_lW4tj3yM.pdf', 'егрн'),
(237, 62, '/uploads/objects/doc/62/1539667195_wDGs44TX.pdf', 'паспорт'),
(238, 62, '/uploads/objects/doc/62/1539667195_RRH5lsHO.pdf', 'свидетельство'),
(239, 62, '/uploads/objects/doc/62/1539667195_IVywn9cV.pdf', 'снилс'),
(240, 62, '/uploads/objects/doc/62/1539667195_60lNIK_M.pdf', 'выписка из домовой'),
(241, 63, '/uploads/objects/doc/63/1539682643_SjuIyvIP.jpg', '2e451ef7-6795-4e93-b137-e3162ab09607'),
(242, 63, '/uploads/objects/doc/63/1539682652_1-mbh-5P.jpg', '43b5d313-622d-43a3-a075-ceaf79d1cf38'),
(243, 63, '/uploads/objects/doc/63/1539682696_xMr30FGk.jpg', '0dc24ae9-6167-45dd-9c14-ac25954bb857'),
(244, 63, '/uploads/objects/doc/63/1539682696_ER4jWdws.jpg', '0dd5996f-0057-4076-92f3-5d3cff66549d'),
(245, 63, '/uploads/objects/doc/63/1539682696_AwdHNt43.jpg', '1ba93cb0-a2cb-4bdb-ba90-d1f4b4d1e4c1'),
(246, 63, '/uploads/objects/doc/63/1539682696_J4a97_aV.jpg', '2a8ef8cf-3ab3-4963-9c72-16c4d0ec17d9'),
(247, 63, '/uploads/objects/doc/63/1539682696_INky-Ei3.jpg', '2e451ef7-6795-4e93-b137-e3162ab09607'),
(248, 63, '/uploads/objects/doc/63/1539682696_vtOBYAwe.jpg', '3e06e42d-9cdd-402e-a4d5-1c5c07f18eac'),
(249, 63, '/uploads/objects/doc/63/1539682696_SqRh90uY.jpg', '05e81dc5-de37-4df7-8a36-b58e5e100a70'),
(250, 63, '/uploads/objects/doc/63/1539682696_0_KNb0YU.jpg', '6ec2bdf8-afff-4ce0-adbd-8c7cafc5103a 2'),
(251, 63, '/uploads/objects/doc/63/1539682696_T9QoQRRb.jpg', '6ec2bdf8-afff-4ce0-adbd-8c7cafc5103a'),
(252, 63, '/uploads/objects/doc/63/1539682696_T5t_q1O5.jpg', '7c4316df-76ee-4b07-a80d-e09f770e0955'),
(253, 63, '/uploads/objects/doc/63/1539682696_aVH9U9as.jpg', '08dbaa67-8fc0-40e2-bad5-3bc95ffbb903'),
(254, 63, '/uploads/objects/doc/63/1539682696_a-aZJ2ZT.jpg', '43b5d313-622d-43a3-a075-ceaf79d1cf38'),
(255, 63, '/uploads/objects/doc/63/1539682696_YKVnj5H1.jpg', '81d52a3b-b73d-4f83-97a2-a6f633835b3e 2'),
(256, 63, '/uploads/objects/doc/63/1539682696_eNrx1Gzg.jpg', '81d52a3b-b73d-4f83-97a2-a6f633835b3e'),
(257, 63, '/uploads/objects/doc/63/1539682696_kydTYMw9.jpg', '129eae9c-3282-47c0-bf16-a9b6f2f3861f'),
(258, 63, '/uploads/objects/doc/63/1539682696__3Kqgkmw.jpg', '193a0cd8-e3f7-4aa0-8870-03013b5a5d14'),
(259, 63, '/uploads/objects/doc/63/1539682696_yH5469Ms.jpg', '530d420a-3a53-422a-a485-c762bc55c4a0'),
(260, 63, '/uploads/objects/doc/63/1539682696_cORzOCs4.jpg', '825d269a-1cba-46e1-bbaa-d21d4dc7a7f8'),
(261, 63, '/uploads/objects/doc/63/1539682696_qgYeb4dX.jpg', '22106e36-d787-45e8-9909-97fcc2511f86 2'),
(262, 63, '/uploads/objects/doc/63/1539682696_q0jZ4QcO.jpg', '22106e36-d787-45e8-9909-97fcc2511f86'),
(263, 64, '/uploads/objects/doc/64/1539687360_OruNbLwb.pdf', 'выписка из домовой'),
(264, 64, '/uploads/objects/doc/64/1539687360_EhSNpMJW.pdf', 'договор'),
(265, 64, '/uploads/objects/doc/64/1539687360_-7rlH9bo.pdf', 'егрн'),
(266, 64, '/uploads/objects/doc/64/1539687360_-WRxsc7L.pdf', 'заявление'),
(267, 64, '/uploads/objects/doc/64/1539687360_Xrpm_atU.pdf', 'справка места жительства'),
(268, 65, '/uploads/objects/doc/65/1539690698_cNYYO0eo.pdf', 'выписка из домовой'),
(269, 65, '/uploads/objects/doc/65/1539690698_L-S1y2iO.pdf', 'договор+акт'),
(270, 66, '/uploads/objects/doc/66/1539693135_uOZhVXj6.jpg', 'егрн 1'),
(271, 66, '/uploads/objects/doc/66/1539693135_ZHSdVc1l.jpg', 'егрн 2'),
(272, 66, '/uploads/objects/doc/66/1539693154_cELVFGdQ.jpg', 'наследство'),
(273, 66, '/uploads/objects/doc/66/1539693154__YpSvK5I.pdf', 'Паспорт Людмила'),
(274, 66, '/uploads/objects/doc/66/1539693154_FHn8695J.pdf', 'Светлана паспорт'),
(275, 67, '/uploads/objects/doc/67/1539699460_Q6mpDBBm.pdf', 'фото'),
(276, 67, '/uploads/objects/doc/67/1539699488_dQ5UTOqM.pdf', 'ЕГРН'),
(277, 67, '/uploads/objects/doc/67/1539699488_yWZrb6LM.pdf', 'паспорт_Эльшат'),
(278, 67, '/uploads/objects/doc/67/1539699488_iynrczS-.pdf', 'св-ва'),
(279, 67, '/uploads/objects/doc/67/1539699488_Ukz5dpnM.pdf', 'СНИЛС'),
(280, 67, '/uploads/objects/doc/67/1539699581_ylF1R7hS.pdf', 'ДКП от 12.05.2010'),
(281, 67, '/uploads/objects/doc/67/1539699581_Z3UwUUt9.pdf', 'договор аренды'),
(282, 67, '/uploads/objects/doc/67/1539699581_yJLQlftl.pdf', 'доп активы'),
(283, 67, '/uploads/objects/doc/67/1539699608_dOyMDbZF.pdf', 'Выписка по счету 2017-2018 г'),
(284, 68, '/uploads/objects/doc/68/1539701137_qYH2mYRe.jpg', 'ЕГРН ДОМ 1'),
(285, 68, '/uploads/objects/doc/68/1539701137_pJSjTbTX.jpg', 'ЕГРН ДОМ 2'),
(286, 68, '/uploads/objects/doc/68/1539701137_ISBXL6fi.jpg', 'паспорт'),
(287, 68, '/uploads/objects/doc/68/1539701156_X08s__D5.jpg', 'ЕГРН ЗУ 1'),
(288, 68, '/uploads/objects/doc/68/1539701156_QORBDXIT.jpg', 'ЕГРН ЗУ 2'),
(289, 68, '/uploads/objects/doc/68/1539701156_Q6dRBBkq.jpg', 'ЕГРН ЗУ 3'),
(290, 68, '/uploads/objects/doc/68/1539701156_JAHC075F.jpg', 'св-во земля'),
(291, 69, '/uploads/objects/doc/69/1539857579_iOE8O7g5.pdf', 'ДДУ'),
(292, 69, '/uploads/objects/doc/69/1539857579_LmWeSf7q.pdf', 'ЕГРН'),
(293, 69, '/uploads/objects/doc/69/1539857579_b3M10qEo.pdf', 'Паспорт'),
(294, 69, '/uploads/objects/doc/69/1539857579_KWSXblGQ.pdf', 'фото'),
(295, 70, '/uploads/objects/doc/70/1539860525_qLkSdokY.pdf', 'договор дарения'),
(296, 70, '/uploads/objects/doc/70/1539860525_XtmH61N4.pdf', 'ЕГРН'),
(297, 70, '/uploads/objects/doc/70/1539860525_b-lUBuSv.pdf', 'Паспорт'),
(298, 70, '/uploads/objects/doc/70/1539860525_dE0Rwd8a.pdf', 'фото'),
(299, 70, '/uploads/objects/doc/70/1539860537_WqaGdE6M.jpg', 'СНИЛС'),
(300, 71, '/uploads/objects/doc/71/1539861851_mjxtDmH7.pdf', 'договор дарения'),
(301, 71, '/uploads/objects/doc/71/1539861851_QWRfuTmb.pdf', 'ЕГРН'),
(302, 71, '/uploads/objects/doc/71/1539861851_NRV-xA88.pdf', 'кадастровый паспорт'),
(303, 71, '/uploads/objects/doc/71/1539861863__YE6M2Aj.jpg', 'св-во ДОМ'),
(304, 71, '/uploads/objects/doc/71/1539861863_grugHtB0.jpg', 'св-во ЗУ'),
(305, 71, '/uploads/objects/doc/71/1539861863_OlI4CO1s.pdf', 'фото'),
(306, 72, '/uploads/objects/doc/72/1539870630_i4kWkMHk.jpg', 'св-во ДОМ'),
(307, 72, '/uploads/objects/doc/72/1539870630_aAhy3eu-.jpg', 'св-во ЗУ'),
(308, 73, '/uploads/objects/doc/73/1539874749_jMm2Zmv6.pdf', 'ДКП'),
(309, 73, '/uploads/objects/doc/73/1539874749_t7olMHws.pdf', 'догово аренды-'),
(310, 73, '/uploads/objects/doc/73/1539874749_jKgtl7nB.pdf', 'Паспорт'),
(311, 73, '/uploads/objects/doc/73/1539874749_EB8D2dRX.pdf', 'Свидетельство о рег.юр.лица'),
(312, 73, '/uploads/objects/doc/73/1539874759_LtHTMxOg.pdf', 'Свидетельство ФНС'),
(313, 73, '/uploads/objects/doc/73/1539874759_bsttS1yz.pdf', 'Свидетельство'),
(314, 74, '/uploads/objects/doc/74/1539959174_w8cFEbLb.pdf', 'паспорт учредителя директора'),
(315, 74, '/uploads/objects/doc/74/1539959174_O--0ipm_.pdf', 'решение №609'),
(316, 74, '/uploads/objects/doc/74/1539959174_lQ0SzT1e.pdf', 'решение о приватизации'),
(317, 74, '/uploads/objects/doc/74/1539959197_k7W2JQ_k.pdf', 'Решение об обаз.об-ва'),
(318, 74, '/uploads/objects/doc/74/1539959198_8LkykSNV.pdf', 'Св-во о праве'),
(319, 74, '/uploads/objects/doc/74/1539959198_8pdsnhXe.pdf', 'фото'),
(326, 77, '/uploads/objects/doc/77/1540297411_uVs8ayoD.pdf', 'ДКП Трианон'),
(327, 77, '/uploads/objects/doc/77/1540297411_f_nmCUQ8.pdf', 'ЕГРН Трианон АА'),
(328, 77, '/uploads/objects/doc/77/1540297411_8kZ974O0.pdf', 'паспорт'),
(329, 78, '/uploads/objects/doc/78/1540299373_sGjdyBs5.pdf', 'LS 2016 Internal Passport All pages'),
(330, 78, '/uploads/objects/doc/78/1540299373_rptln2Mv.pdf', 'ИП СЕДОВ ЛA декларация по УСН за 2016 год'),
(331, 78, '/uploads/objects/doc/78/1540299373_HzfXjLco.pdf', 'ИП СЕДОВ ЛA декларация по УСН за 2017 год'),
(332, 78, '/uploads/objects/doc/78/1540299391_wc2Ok1US.pdf', 'Решение суда'),
(333, 78, '/uploads/objects/doc/78/1540299391_UUaD1_KW.pdf', 'Свидетельство о праве собственности Басманная'),
(334, 78, '/uploads/objects/doc/78/1540299391_-zumM0Px.pdf', 'Технический паспорт РТИ 2015'),
(335, 78, '/uploads/objects/doc/78/1540299391_V_WLUJtJ.pdf', 'фото пдф'),
(336, 78, '/uploads/objects/doc/78/1540299502_oz4kIrAk.pdf', 'ИП СЕДОВ ЛA декларация по УСН за 2015 год'),
(337, 78, '/uploads/objects/doc/78/1540299569_Lk4YpGx4.pdf', 'ИП СЕДОВ ЛА Поступления 3 кв 2018'),
(338, 80, '/uploads/objects/doc/80/1540455802_EQt-1CCF.pdf', 'ДКП'),
(339, 80, '/uploads/objects/doc/80/1540455802_kfE9pDK8.pdf', 'егрн'),
(340, 80, '/uploads/objects/doc/80/1540455802_AZg05F3H.pdf', 'егрн1'),
(341, 80, '/uploads/objects/doc/80/1540455802_XWmuuQPr.pdf', 'егрн2'),
(342, 80, '/uploads/objects/doc/80/1540455819_qX9c2jHn.pdf', 'паспорт'),
(343, 80, '/uploads/objects/doc/80/1540455819_2RaMYfdO.pdf', 'фото'),
(344, 73, '/uploads/objects/doc/73/1540548173_rA6s05JG.PDF', 'кадастровая выиска (1)'),
(345, 73, '/uploads/objects/doc/73/1540548173_AMqjbDi6.PDF', 'список участников (1)'),
(346, 73, '/uploads/objects/doc/73/1540548173_1sXHOqIT.PDF', 'устав'),
(348, 76, '/uploads/objects/doc/76/1540565909_9lAp--qT.pdf', 'план1'),
(349, 76, '/uploads/objects/doc/76/1540565909_KIqSCe5z.pdf', 'свидетельство'),
(350, 76, '/uploads/objects/doc/76/1540565909_RvQBGiS3.pdf', 'фото'),
(351, 81, '/uploads/objects/doc/81/1540568525_1jKgmcqf.doc', 'Паспортные данные'),
(352, 81, '/uploads/objects/doc/81/1540568525_1W21Girr.docx', 'ДДУ ЖК Тимирязев Парк'),
(353, 81, '/uploads/objects/doc/81/1540568525_NTSZNz5c.docx', 'ДДУ Машиноместо'),
(354, 81, '/uploads/objects/doc/81/1540568525_j_xh6tpa.pdf', 'ДДУ'),
(355, 81, '/uploads/objects/doc/81/1540568525_2LBbmrHA.pdf', 'фото'),
(356, 82, '/uploads/objects/doc/82/1540574137_DACdKHyY.jpg', 'IMG_7024'),
(357, 82, '/uploads/objects/doc/82/1540574137_be9eFmgI.jpg', 'IMG_7025'),
(358, 82, '/uploads/objects/doc/82/1540574137_tL4V-acf.jpg', 'IMG_7026'),
(359, 82, '/uploads/objects/doc/82/1540574137_E7yUomq5.jpg', 'IMG_7027'),
(360, 82, '/uploads/objects/doc/82/1540574137_UZive-7u.jpg', 'IMG_7028'),
(361, 82, '/uploads/objects/doc/82/1540574137_8p97M9Gh.JPG', 'IMG_7829'),
(362, 82, '/uploads/objects/doc/82/1540574137_usmYr2cn.JPG', 'IMG_7830'),
(363, 82, '/uploads/objects/doc/82/1540574137_Z0sa7WbQ.JPG', 'IMG_7831'),
(364, 82, '/uploads/objects/doc/82/1540574137_ZYtx2pLt.JPG', 'IMG_7832'),
(365, 82, '/uploads/objects/doc/82/1540574137_rlVfu_Zm.JPG', 'IMG_7833'),
(366, 82, '/uploads/objects/doc/82/1540574137_tdJRXCeC.JPG', 'IMG_7834'),
(367, 82, '/uploads/objects/doc/82/1540574137_o2Y_D5AE.JPG', 'IMG_7835'),
(368, 82, '/uploads/objects/doc/82/1540574137_Xz2NuzIV.JPG', 'IMG_7836'),
(369, 82, '/uploads/objects/doc/82/1540574137_KdWgjVB8.JPG', 'IMG_7837'),
(370, 82, '/uploads/objects/doc/82/1540574137_I7mGz4R-.JPG', 'IMG_7838'),
(371, 82, '/uploads/objects/doc/82/1540574137_x4g-F7jY.JPG', 'IMG_7839'),
(372, 82, '/uploads/objects/doc/82/1540574137_NR1_NmaH.JPG', 'IMG_8046'),
(373, 82, '/uploads/objects/doc/82/1540574137_qxQ25Jn0.JPG', 'IMG_8047'),
(374, 82, '/uploads/objects/doc/82/1540574137_6Jz8gZTO.JPG', 'IMG_8048'),
(375, 82, '/uploads/objects/doc/82/1540574137_F4UsatK-.JPG', 'IMG_8049'),
(376, 82, '/uploads/objects/doc/82/1540574190_gR8OosH5.JPG', 'IMG_7793'),
(377, 82, '/uploads/objects/doc/82/1540574191_nZOqtScy.JPG', 'IMG_7794'),
(378, 82, '/uploads/objects/doc/82/1540574191_GjIAe38P.JPG', 'IMG_7795'),
(379, 82, '/uploads/objects/doc/82/1540574191_DQ3TJveG.JPG', 'IMG_7796'),
(380, 82, '/uploads/objects/doc/82/1540574191_QJvPKFav.JPG', 'IMG_7797'),
(381, 82, '/uploads/objects/doc/82/1540574191_-MFjs6op.JPG', 'IMG_7798'),
(382, 82, '/uploads/objects/doc/82/1540574191_3QjnsSw4.JPG', 'IMG_7799'),
(383, 82, '/uploads/objects/doc/82/1540574191_BoIJKj9e.JPG', 'IMG_7800'),
(384, 82, '/uploads/objects/doc/82/1540574191_5Qv-RNgt.JPG', 'IMG_7801'),
(385, 82, '/uploads/objects/doc/82/1540574191_EtD_N3Re.JPG', 'IMG_7802'),
(386, 82, '/uploads/objects/doc/82/1540574191_AZWXqima.JPG', 'IMG_7804'),
(387, 82, '/uploads/objects/doc/82/1540574191_hbA69gZ1.JPG', 'IMG_7805'),
(388, 82, '/uploads/objects/doc/82/1540574191_ryg_BCsy.JPG', 'IMG_7806'),
(389, 82, '/uploads/objects/doc/82/1540574191_wm1UuqA2.JPG', 'IMG_7807'),
(390, 82, '/uploads/objects/doc/82/1540574191_iq5nXLPI.JPG', 'IMG_7808'),
(391, 82, '/uploads/objects/doc/82/1540574191_tAVyEQo_.JPG', 'IMG_7809'),
(392, 82, '/uploads/objects/doc/82/1540574191_OsPzCbCE.JPG', 'IMG_7810'),
(393, 82, '/uploads/objects/doc/82/1540574191_F06hOLA2.JPG', 'IMG_7811'),
(394, 82, '/uploads/objects/doc/82/1540574191_XuIjun7T.JPG', 'IMG_7812'),
(395, 82, '/uploads/objects/doc/82/1540574191_mKt5C4tx.JPG', 'IMG_7813'),
(396, 76, '/uploads/objects/doc/76/1540816794_JvlU9c2W.pdf', 'ДКП'),
(397, 83, '/uploads/objects/doc/83/1540980730_YAMORBmd.pdf', 'Аренда'),
(398, 83, '/uploads/objects/doc/83/1540980730_Qm5Ypb2f.pdf', 'выписка егрн объект '),
(399, 83, '/uploads/objects/doc/83/1540980730_UYnErLfC.jpg', 'Магнит'),
(400, 83, '/uploads/objects/doc/83/1540980730_N_ouxErb.pdf', 'паспорт Полуниной '),
(401, 83, '/uploads/objects/doc/83/1540980745_c3uQOvD8.pdf', 'свидетельство о собственности, договор купли и передаточный акт (1)'),
(402, 83, '/uploads/objects/doc/83/1540980745_pZNtoYIB.pdf', 'учёт изменений '),
(403, 84, '/uploads/objects/doc/84/1540982012_giAX1pzs.pdf', 'дкп'),
(404, 84, '/uploads/objects/doc/84/1540982012_ybln2dW5.jpg', 'Св-во'),
(405, 84, '/uploads/objects/doc/84/1540982013_TIenB_3t.jpg', 'СНИЛС'),
(406, 84, '/uploads/objects/doc/84/1540982013_uLqG4nqz.pdf', 'фото'),
(407, 84, '/uploads/objects/doc/84/1540982465_zEWxTZws.pdf', 'паспорт Деньга Л.А.'),
(408, 84, '/uploads/objects/doc/84/1540982719_y9pu6vXD.pdf', 'техническая док'),
(409, 85, '/uploads/objects/doc/85/1540990915_C3kbNbTY.pdf', 'БТИ_27'),
(410, 85, '/uploads/objects/doc/85/1540990915_iWMaiSOv.pdf', 'выписка ЕГРП'),
(411, 85, '/uploads/objects/doc/85/1540990915_d0lSNNfv.pdf', 'ДКП'),
(412, 85, '/uploads/objects/doc/85/1540990915_ej61o6Vv.pdf', 'Свво_Арбат29_285'),
(413, 85, '/uploads/objects/doc/85/1540990915_SzYqr-Rd.pdf', 'Экспликация_27'),
(414, 76, '/uploads/objects/doc/76/1541144987_9JmSRczh.pdf', 'паспорт'),
(415, 86, '/uploads/objects/doc/86/1541148956_oPmaR9p9.pdf', 'ДДУ + акт'),
(416, 86, '/uploads/objects/doc/86/1541148956_Z5RlYKlG.pdf', 'ЕГРН'),
(417, 86, '/uploads/objects/doc/86/1541148956_WXiDO_cA.pdf', 'Паспорт'),
(418, 86, '/uploads/objects/doc/86/1541148956_fMSNaBu0.pdf', 'фото'),
(419, 87, '/uploads/objects/doc/87/1541156051_uuHYdHH-.pdf', 'Основание'),
(420, 87, '/uploads/objects/doc/87/1541156051_zxNSPfQI.pdf', 'Св-во на собственность'),
(421, 87, '/uploads/objects/doc/87/1541156051_VKU58cAv.pdf', 'Св-во о смерти'),
(422, 87, '/uploads/objects/doc/87/1541156051_bNsYbZAO.pdf', 'Фотографии объекта'),
(423, 88, '/uploads/objects/doc/88/1541169585_k8aCcOyH.pdf', 'Свидетельство 57-58'),
(424, 88, '/uploads/objects/doc/88/1541169585_DeMjWcH3.pdf', 'фото'),
(425, 90, '/uploads/objects/doc/90/1541507014_A9dQy3Ib.pdf', 'егрн'),
(426, 90, '/uploads/objects/doc/90/1541507014_JybC4TAT.pdf', 'паспорт заемщика'),
(427, 90, '/uploads/objects/doc/90/1541507014_I05zIFe8.pdf', 'правоустановка'),
(428, 91, '/uploads/objects/doc/91/1541578446_dPH4SVnt.pdf', 'ЕГРН'),
(429, 91, '/uploads/objects/doc/91/1541578446_jKgOgm-t.pdf', 'фото'),
(430, 92, '/uploads/objects/doc/92/1541579816_RrnCpI3X.pdf', 'equifax'),
(431, 92, '/uploads/objects/doc/92/1541579816_QJa-0lF4.PDF', 'дог куп'),
(432, 92, '/uploads/objects/doc/92/1541579816_Qzap3cZ6.pdf', 'НБКИ'),
(433, 92, '/uploads/objects/doc/92/1541579816_CG9Na4nv.PDF', 'паспорт 2'),
(434, 92, '/uploads/objects/doc/92/1541579827_mkQzax_I.PDF', 'Паспорт'),
(435, 92, '/uploads/objects/doc/92/1541579827_K6QIeoKj.PDF', 'план'),
(436, 92, '/uploads/objects/doc/92/1541579827_c4Qp5vMG.PDF', 'свж'),
(438, 90, '/uploads/objects/doc/90/1541583678_tV71qG4C.pdf', 'фото'),
(439, 93, '/uploads/objects/doc/93/1541584877_2ScIoWsT.jpg', 'свидетельство 001'),
(440, 93, '/uploads/objects/doc/93/1541584877_xV-Bv9gK.jpg', 'свидетельство'),
(441, 93, '/uploads/objects/doc/93/1541584877_9wbvXL4w.pdf', 'тех паспорт'),
(442, 93, '/uploads/objects/doc/93/1541584877_8NTEgtuK.pdf', 'Фото'),
(443, 93, '/uploads/objects/doc/93/1541584912_SI_bna5b.doc', 'А К Т (1)'),
(444, 93, '/uploads/objects/doc/93/1541584912_p7Bt5Xby.jpg', 'выписка из домовой книги'),
(445, 93, '/uploads/objects/doc/93/1541584912_Nzc7KxgS.doc', 'ПДКП Юдино (1)'),
(446, 94, '/uploads/objects/doc/94/1541669133_FJtpaRfx.jpg', 'ЗУ св-во'),
(447, 94, '/uploads/objects/doc/94/1541669133_5sSRcxuo.jpg', 'св-во 1'),
(448, 94, '/uploads/objects/doc/94/1541669133_cVw06kN_.jpg', 'св-во'),
(449, 95, '/uploads/objects/doc/95/1541768438_HN1Y8NX5.pdf', 'паспорт'),
(450, 95, '/uploads/objects/doc/95/1541768438_TnspGw4Z.jpg', 'св-во ДОМ'),
(451, 95, '/uploads/objects/doc/95/1541768439_xq1mISoN.jpg', 'св-во ЗУ'),
(452, 95, '/uploads/objects/doc/95/1541768439_vglXdaaq.pdf', 'фото'),
(453, 96, '/uploads/objects/doc/96/1541771174_Y48m6Z_3.doc', 'оцкнка б.б.'),
(455, 97, '/uploads/objects/doc/97/1542016100_PRTRjKZJ.pdf', 'Договор купли продажи земельного участка '),
(456, 97, '/uploads/objects/doc/97/1542016151_YaogY0rh.pdf', 'паспорт'),
(457, 97, '/uploads/objects/doc/97/1542016192_D16gOjFA.pdf', 'свидетельство_дом'),
(458, 98, '/uploads/objects/doc/98/1542017995_iEQIYRpD.PDF', 'Выписка ЕГРН на Дом'),
(459, 98, '/uploads/objects/doc/98/1542017995_GfGuhS-8.PDF', 'Выписка ЕГРН на Участок'),
(460, 98, '/uploads/objects/doc/98/1542018008_pMPegugb.PDF', 'Договор дарения на Дом'),
(461, 98, '/uploads/objects/doc/98/1542018008_qlfOq-Li.PDF', 'Технический паспорт на Дом'),
(462, 99, '/uploads/objects/doc/99/1542020981_nKSk3KXC.pdf', 'ДКП Абраамян'),
(463, 99, '/uploads/objects/doc/99/1542020981_ceLPJCcc.pdf', 'ЕГРН Абраамян'),
(464, 99, '/uploads/objects/doc/99/1542020981_wX50PZSk.pdf', 'паспорт Абраамян'),
(465, 99, '/uploads/objects/doc/99/1542020981_WV5DwgqA.pdf', 'фото'),
(466, 98, '/uploads/objects/doc/98/1542024047_EkfRHfEQ.pdf', 'Мингалимов паспорт'),
(467, 98, '/uploads/objects/doc/98/1542024121_XAjsWNIm.PDF', 'Паспорт_Мингалимова Р. Р._все страницы'),
(468, 98, '/uploads/objects/doc/98/1542024152_xsR8Q0Lr.PDF', 'Снилс_Мингалимов'),
(469, 97, '/uploads/objects/doc/97/1542024753_WtObloiW.pdf', 'фото'),
(470, 100, '/uploads/objects/doc/100/1542032977_nScXk0oQ.pdf', 'паспорт'),
(471, 100, '/uploads/objects/doc/100/1542032977_2RCTYyH8.jpg', 'св-во'),
(472, 100, '/uploads/objects/doc/100/1542032977_Ft20HT5g.pdf', 'фото'),
(473, 101, '/uploads/objects/doc/101/1542102337_2Mj1sIEf.pdf', 'ДДУ'),
(474, 101, '/uploads/objects/doc/101/1542102338_rxYmF2H9.pdf', 'Договор уступки'),
(475, 101, '/uploads/objects/doc/101/1542102338_SJFUoA5t.pdf', 'ЕГРП'),
(476, 101, '/uploads/objects/doc/101/1542102338_HGZp_4_U.pdf', 'паспорт'),
(477, 101, '/uploads/objects/doc/101/1542102382_dRaAwDNQ.pdf', 'Абилова'),
(478, 101, '/uploads/objects/doc/101/1542102382_rRkhEJRG.pdf', 'фото'),
(479, 102, '/uploads/objects/doc/102/1542106785_eDl1JzQW.pdf', 'ДКП'),
(480, 102, '/uploads/objects/doc/102/1542106785_Pog9S9JP.pdf', 'ЕГРН'),
(481, 102, '/uploads/objects/doc/102/1542106785_u7aH_aco.pdf', 'фото все'),
(482, 102, '/uploads/objects/doc/102/1542106792_qaxClq_R.pdf', 'паспорт'),
(483, 103, '/uploads/objects/doc/103/1542195083_34or0kSC.pdf', 'паспорт'),
(484, 103, '/uploads/objects/doc/103/1542195098_Qy9Idngu.jpg', 'выписка из домовой'),
(485, 103, '/uploads/objects/doc/103/1542195098_Pgs2mPT_.jpg', 'Договор дарения новый 1'),
(486, 103, '/uploads/objects/doc/103/1542195098_GG_7eqUc.jpg', 'Договор дарения новый 2'),
(487, 103, '/uploads/objects/doc/103/1542195098_zP6s3toK.jpg', 'Договор передачи 2'),
(488, 104, '/uploads/objects/doc/104/1542197362_7B_j_vhd.pdf', 'ДД'),
(489, 104, '/uploads/objects/doc/104/1542197362_qF-vKJ2F.pdf', 'ЕГРН'),
(490, 105, '/uploads/objects/doc/105/1542203884_DvEJFV-U.PDF', 'постановление'),
(491, 105, '/uploads/objects/doc/105/1542203884_-7R6rnUS.PDF', 'постановление2 (2) (1)'),
(492, 105, '/uploads/objects/doc/105/1542203884_z4iAOFM8.PDF', 'постановление2 (2)'),
(495, 105, '/uploads/objects/doc/105/1542204027_W3EvJHZ0.jpg', 'паспорт'),
(496, 105, '/uploads/objects/doc/105/1542204027_S_JZQTmo.jpg', 'прописка'),
(497, 105, '/uploads/objects/doc/105/1542204034_kU105KA1.pdf', 'Договор залога'),
(498, 107, '/uploads/objects/doc/107/1542288822_oTUZmSpK.PDF', 'ДКП квартира'),
(499, 107, '/uploads/objects/doc/107/1542288822__h9sT7ts.PDF', 'паспорт'),
(500, 107, '/uploads/objects/doc/107/1542288822_477Y83pW.PDF', 'св-во'),
(501, 107, '/uploads/objects/doc/107/1542288823_7eOLMP1D.PDF', 'снилс'),
(502, 107, '/uploads/objects/doc/107/1542288849_8DHWhbGJ.PDF', 'Договор машиноместо'),
(503, 107, '/uploads/objects/doc/107/1542288849_LcIddjMG.PDF', 'егрн парковка'),
(504, 107, '/uploads/objects/doc/107/1542288849_QVv7J_QT.pdf', 'фото'),
(505, 106, '/uploads/objects/doc/106/1542348818_IEmFFSWi.pdf', 'Св-во ОГРН'),
(506, 106, '/uploads/objects/doc/106/1542348818_dI2nmKB4.pdf', 'НДС 1кв. 2018г.'),
(507, 106, '/uploads/objects/doc/106/1542348818_dZFqtg9s.pdf', 'НДС 2кв. 2018г.'),
(508, 106, '/uploads/objects/doc/106/1542348818_db2wAtMd.pdf', 'НДС 3 кв 18 с кв'),
(509, 106, '/uploads/objects/doc/106/1542348818_1NXFBkzR.pdf', 'Приказ о назаначениии Саркисян Т.Г. 21.09.2004'),
(510, 106, '/uploads/objects/doc/106/1542348818_vI-XoaDe.pdf', 'Приказ о принятии на работу Суханова А.Д.'),
(511, 106, '/uploads/objects/doc/106/1542348818_CeuStfAt.pdf', 'Протоколо №1 от 09.09.04г.'),
(512, 106, '/uploads/objects/doc/106/1542348818_EDvORjPG.pdf', 'Протоколо №1-08 от11.02.08г.'),
(513, 106, '/uploads/objects/doc/106/1542348818_P_atVxwN.pdf', 'Решение о продлении полном.ген.дир. 09.08.18г. 5-18'),
(514, 106, '/uploads/objects/doc/106/1542348818_CQ1o8TRK.pdf', 'Св-во внесений изменений в ЕГРЮЛ'),
(515, 106, '/uploads/objects/doc/106/1542348818_XEAPGWxl.pdf', 'Св-во ИНН КПП'),
(516, 106, '/uploads/objects/doc/106/1542348844_KOCWgjlt.pdf', 'Налог на прибыль 2кв. 2018г.'),
(517, 106, '/uploads/objects/doc/106/1542348844_22hGaGWS.xlsx', 'Краткая Анкета (1)'),
(518, 106, '/uploads/objects/doc/106/1542348844_se2V2jtQ.docx', 'Карточка организации Компакторс Русь'),
(519, 106, '/uploads/objects/doc/106/1542348844_rtp_elzi.pdf', 'акт к дог.2В-04 от 30.11.04'),
(520, 106, '/uploads/objects/doc/106/1542348844_uQGt5GdB.pdf', 'Баланс на 30.09.2018г.'),
(521, 106, '/uploads/objects/doc/106/1542348844_7i8dgX_c.pdf', 'Баланс Ф2 2017'),
(522, 106, '/uploads/objects/doc/106/1542348844_aWmGliz-.pdf', 'дог.2В-04 от 30.11.04'),
(523, 106, '/uploads/objects/doc/106/1542348844_B5IKOPcS.pdf', 'ЕГРН_на_пом_III_pdf__стр__2_из_3_'),
(524, 106, '/uploads/objects/doc/106/1542348844_ZCkFcapB.pdf', 'Налог на прибыль 1кв. 2018г.'),
(525, 106, '/uploads/objects/doc/106/1542348861_IM3TQIhx.pdf', 'фото'),
(526, 106, '/uploads/objects/doc/106/1542348861_JbWIvkNV.pdf', 'ЕГРН на пом III'),
(527, 106, '/uploads/objects/doc/106/1542348861_Ht5xmVhp.pdf', 'ЕГРН на пом XIV'),
(528, 108, '/uploads/objects/doc/108/1542350110_vHrFovZs.pdf', 'ДКП'),
(529, 108, '/uploads/objects/doc/108/1542350110_IW7Yk49X.pdf', 'паспорт'),
(530, 108, '/uploads/objects/doc/108/1542350110_UMnlMcNt.pdf', 'свидетельство'),
(531, 108, '/uploads/objects/doc/108/1542350110_oTc-BapE.pdf', 'тех.jpeg'),
(532, 108, '/uploads/objects/doc/108/1542350110_8Oka5wHk.pdf', 'фото'),
(533, 109, '/uploads/objects/doc/109/1542352290_OOEirusL.pdf', 'договор уступки'),
(534, 109, '/uploads/objects/doc/109/1542352290_6TD1TdU8.pdf', 'кадастр'),
(535, 109, '/uploads/objects/doc/109/1542352290_kxCDtJpk.pdf', 'паспорт'),
(536, 109, '/uploads/objects/doc/109/1542352290_iwl6vNqA.pdf', 'решение суда'),
(537, 109, '/uploads/objects/doc/109/1542352290_-IHQI13P.pdf', 'свидетельство'),
(538, 109, '/uploads/objects/doc/109/1542352290_tHobdl9Y.pdf', 'фото'),
(539, 110, '/uploads/objects/doc/110/1542353426_KNb596nA.pdf', 'ДКП'),
(540, 110, '/uploads/objects/doc/110/1542353426_KuOkdZN8.pdf', 'паспорт'),
(541, 110, '/uploads/objects/doc/110/1542353426_Js-LsHsv.pdf', 'поэтаж'),
(542, 110, '/uploads/objects/doc/110/1542353426_bAojGn-l.pdf', 'свидетельство'),
(543, 110, '/uploads/objects/doc/110/1542353426_-unJM8rp.pdf', 'фото'),
(544, 110, '/uploads/objects/doc/110/1542353426_ozF4c9oS.pdf', 'экспл'),
(545, 111, '/uploads/objects/doc/111/1542358698__DCNWecX.pdf', 'СНИЛС'),
(546, 111, '/uploads/objects/doc/111/1542358698_R6Ho0AXn.pdf', 'фото'),
(547, 111, '/uploads/objects/doc/111/1542358716_jy20ACr2.pdf', 'Кадастровый паспорт плюс домовая книга'),
(548, 111, '/uploads/objects/doc/111/1542358716_aOBh5Ck2.pdf', 'Паспорт Наталия'),
(549, 111, '/uploads/objects/doc/111/1542358735_4r4Yo1t4.pdf', 'дкп'),
(550, 111, '/uploads/objects/doc/111/1542358735_JDbo0tZT.pdf', 'документы'),
(551, 112, '/uploads/objects/doc/112/1542633329_tJLZAiMo.pdf', 'фото'),
(552, 112, '/uploads/objects/doc/112/1542633453_-Iko7nyv.pdf', 'ДКПК'),
(553, 112, '/uploads/objects/doc/112/1542633453_v9FKLu-O.pdf', 'Паспорт собственника'),
(554, 112, '/uploads/objects/doc/112/1542633453_36ggPO7F.pdf', 'Св-во Бурденко'),
(555, 113, '/uploads/objects/doc/113/1542647981_m5HENteZ.pdf', 'ДКП'),
(556, 113, '/uploads/objects/doc/113/1542647981_K98a_W_Y.pdf', 'кадастр'),
(557, 113, '/uploads/objects/doc/113/1542647981_63rZBKSo.pdf', 'Паспорт Ильгиз'),
(558, 113, '/uploads/objects/doc/113/1542647981_nPrw1C6U.pdf', 'Паспорт Резеда'),
(559, 113, '/uploads/objects/doc/113/1542647981_da3yrtZO.pdf', 'передаточный акт'),
(560, 113, '/uploads/objects/doc/113/1542647981_jk4pa8KC.pdf', 'решение о разделе земли'),
(561, 113, '/uploads/objects/doc/113/1542647981_YB_bcvp8.pdf', 'Свед-во дом.jpg'),
(562, 113, '/uploads/objects/doc/113/1542647981_WX1kb965.pdf', 'Свед-во о разделе.jpg'),
(563, 113, '/uploads/objects/doc/113/1542647981_Mij4zwE9.pdf', 'Свед-во участок.jpg'),
(564, 113, '/uploads/objects/doc/113/1542647981_5ivYEa45.pdf', 'снилс'),
(565, 113, '/uploads/objects/doc/113/1542647981_4_gT3OPr.pdf', 'Стаховое Ильгиз.jpg'),
(566, 113, '/uploads/objects/doc/113/1542647981_sptMkjGw.pdf', 'техпаспорт'),
(567, 113, '/uploads/objects/doc/113/1542647981_x95O5I6n.pdf', 'фото'),
(568, 115, '/uploads/objects/doc/115/1542717319_O5OppNZB.pdf', 'БТИ 10.07.2006'),
(569, 115, '/uploads/objects/doc/115/1542717319_XTqV3w6q.pdf', 'Козиторская, 17'),
(570, 115, '/uploads/objects/doc/115/1542717319_2HogIYK2.pdf', 'Свидетельство Композиторская, 17 (оборот) (2)'),
(571, 115, '/uploads/objects/doc/115/1542717319_5q3FF3SI.pdf', 'Свидетельство Композиторская, 17'),
(572, 115, '/uploads/objects/doc/115/1542717680_lhnAk9OM.pdf', 'презентация с данными'),
(573, 115, '/uploads/objects/doc/115/1542717696_chCaG6eq.jpg', 'план'),
(574, 115, '/uploads/objects/doc/115/1542717696_a5af8Dur.pdf', 'Свидетельство паркинг'),
(575, 115, '/uploads/objects/doc/115/1542719648_Yynog_or.pdf', 'фото'),
(576, 117, '/uploads/objects/doc/117/1542804121_bLK0PkHG.pdf', 'ДД'),
(577, 117, '/uploads/objects/doc/117/1542804121_2e35ly-a.jpg', 'Свидетельство д51а'),
(578, 117, '/uploads/objects/doc/117/1542804121_0D2380bP.jpg', 'Свидетельство земля д51а'),
(579, 117, '/uploads/objects/doc/117/1542804121_yMxAV7Cg.pdf', 'фото'),
(580, 116, '/uploads/objects/doc/116/1542804142_s_XVN6kk.pdf', 'свидетельство'),
(581, 116, '/uploads/objects/doc/116/1542804142_Y-vUCHuu.pdf', 'фото'),
(582, 118, '/uploads/objects/doc/118/1542964724_EiBaakLl.pdf', 'Договор купли-продажи недвижимости №1 3 этаж здания зарегистрированный.doc'),
(583, 118, '/uploads/objects/doc/118/1542964724_dDsjAvbw.pdf', 'Доп .согл.к дог.КП  по 3 этажу от 15.07.13 стр.1'),
(584, 118, '/uploads/objects/doc/118/1542964724_4ANTxShF.pdf', 'Доп .согл.к дог.КП  по 3 этажу от 15.07.13 стр.2'),
(585, 118, '/uploads/objects/doc/118/1542964724_ovAJol7x.pdf', 'Кадастровый паспорт 3 этаж стр.2'),
(586, 118, '/uploads/objects/doc/118/1542964762_pNTMtWJI.PDF', 'паспорт (1)'),
(587, 118, '/uploads/objects/doc/118/1542964762_Db8KUGu1.pdf', 'План 3 этажа'),
(588, 118, '/uploads/objects/doc/118/1542964762_cd10kq95.pdf', 'Свидетельство бизнесцентр 3 этаж'),
(589, 118, '/uploads/objects/doc/118/1542964762_GsILrSx2.pdf', 'фото'),
(590, 119, '/uploads/objects/doc/119/1542976400_SvADtJfU.jpeg', 'паспорт (1)'),
(591, 119, '/uploads/objects/doc/119/1542976400_YNIsOX_d.jpeg', 'паспорт 2'),
(592, 119, '/uploads/objects/doc/119/1542976400_LiBmwcmf.jpeg', 'прописка'),
(593, 119, '/uploads/objects/doc/119/1542976400_VxQJxbyT.jpeg', 'св-во'),
(594, 120, '/uploads/objects/doc/120/1543305473_7SBH8SSH.pdf', 'ДКП'),
(595, 120, '/uploads/objects/doc/120/1543305473_tYw5m2rg.pdf', 'ЕГРН'),
(596, 120, '/uploads/objects/doc/120/1543305473_wsuEfITV.pdf', 'паспорт'),
(597, 120, '/uploads/objects/doc/120/1543305473_pvJGYixo.pdf', 'СНИЛС'),
(598, 120, '/uploads/objects/doc/120/1543305484_OwNjpEha.pdf', 'согласие супруги'),
(599, 120, '/uploads/objects/doc/120/1543305484_ZDiJMaLK.pdf', 'фото'),
(600, 121, '/uploads/objects/doc/121/1543309917_FFR-o1MV.pdf', 'акт исполнения обязательств'),
(601, 121, '/uploads/objects/doc/121/1543309917_KoaAo8Wh.pdf', 'акт сдачи-приемки квартиры'),
(602, 121, '/uploads/objects/doc/121/1543309917_xWt_sGsu.pdf', 'договор об участии в долевом строительстве'),
(603, 121, '/uploads/objects/doc/121/1543309917_pD9Rnvsc.pdf', 'Паспорт'),
(604, 121, '/uploads/objects/doc/121/1543309927_yANqCV0D.pdf', 'свидетельство регистрации права'),
(605, 121, '/uploads/objects/doc/121/1543309927_3Vqxbudj.pdf', 'Фото'),
(606, 122, '/uploads/objects/doc/122/1543318050_Mms_RkAP.pdf', 'Выписка из ЕГРН 16.04.2018'),
(607, 122, '/uploads/objects/doc/122/1543318050_tPOGP-SY.pdf', 'Выписка из ЕГРН 18.01.17 зем.участок'),
(608, 122, '/uploads/objects/doc/122/1543318050_c43Jr02X.pdf', 'Копия паспорта Мкртумов прописка'),
(609, 122, '/uploads/objects/doc/122/1543318050_khUOoD3K.pdf', 'Соглашение №1'),
(610, 122, '/uploads/objects/doc/122/1543318544_sLS9pcjx.pdf', 'Тех. паспорт'),
(611, 122, '/uploads/objects/doc/122/1543318544_40F0yKJo.pdf', 'фото'),
(612, 123, '/uploads/objects/doc/123/1543397828_klDPe2ps.jpg', 'акт'),
(613, 123, '/uploads/objects/doc/123/1543397828_ukLWDiOQ.pdf', 'ДКП'),
(614, 123, '/uploads/objects/doc/123/1543397828_0Pu35gNq.jpg', 'св-во'),
(615, 123, '/uploads/objects/doc/123/1543397828_jQ954FBo.pdf', 'соглашение'),
(616, 123, '/uploads/objects/doc/123/1543397837_p91UrV8y.pdf', 'тех паспорт'),
(617, 123, '/uploads/objects/doc/123/1543397837_6P71D5iS.pdf', 'фото'),
(618, 124, '/uploads/objects/doc/124/1543571727_gCxD_hAp.pdf', 'Барановский'),
(619, 124, '/uploads/objects/doc/124/1543571727_Fx1QvQJH.pdf', 'ДКП'),
(620, 124, '/uploads/objects/doc/124/1543571727_yAhtE4uf.pdf', 'паспорт барановский'),
(621, 124, '/uploads/objects/doc/124/1543571727_GB-EFBGu.pdf', 'свидетельство'),
(622, 124, '/uploads/objects/doc/124/1543571727_zpEFzUJ1.pdf', 'фото'),
(623, 125, '/uploads/objects/doc/125/1543574306_07rN8FpW.pdf', 'Барановская'),
(624, 125, '/uploads/objects/doc/125/1543574306_u0PtIw42.pdf', 'договор дарения'),
(625, 125, '/uploads/objects/doc/125/1543574306_o_gjfD1b.pdf', 'ЕГРН'),
(626, 125, '/uploads/objects/doc/125/1543574306_LgrxksOr.pdf', 'паспорт Барановская'),
(627, 125, '/uploads/objects/doc/125/1543574306_exzNqcqY.pdf', 'фото'),
(628, 125, '/uploads/objects/doc/125/1543574306_tyWIW2Mc.pdf', 'ФССП_2'),
(629, 126, '/uploads/objects/doc/126/1543841937_HiyfuXz_.pdf', 'Договор купли-продажи недвижимости АС - Прима'),
(630, 126, '/uploads/objects/doc/126/1543842111_754fIRkV.pdf', 'Паспорт Галиева Э Т'),
(631, 126, '/uploads/objects/doc/126/1543842139_gjlID6fQ.pdf', 'Приказ №1'),
(632, 126, '/uploads/objects/doc/126/1543842199_v2YqgAqU.pdf', 'Решение о созд ООО Прима Плюс'),
(633, 126, '/uploads/objects/doc/126/1543842252_OMf1VIh_.pdf', 'Лист записи ООО Прима Плюс'),
(634, 127, '/uploads/objects/doc/127/1543849430_F-ZzFV76.jpg', 'ДКП 1'),
(635, 127, '/uploads/objects/doc/127/1543849430_WTpR7RIN.jpg', 'ДКП2 (2)'),
(636, 127, '/uploads/objects/doc/127/1543849458_dgsQeAUO.jpg', '001'),
(637, 127, '/uploads/objects/doc/127/1543849458_okg-nM45.jpg', '002'),
(638, 127, '/uploads/objects/doc/127/1543849458_GzeKf2Uk.jpg', '007'),
(639, 127, '/uploads/objects/doc/127/1543849458_V3IvRdri.jpg', '009'),
(640, 127, '/uploads/objects/doc/127/1543849458_cXoTNBUc.jpg', '010'),
(641, 127, '/uploads/objects/doc/127/1543849458_FVg4ykTi.jpg', '011'),
(643, 127, '/uploads/objects/doc/127/1543849458_kkkrnSg1.jpg', '013'),
(645, 129, '/uploads/objects/doc/129/1544007692_Ptnwqvc7.pdf', 'ДКП (pdf.io)'),
(646, 129, '/uploads/objects/doc/129/1544008397_1l3aKqPB.pdf', 'Паспорт(pdf.io)'),
(651, 129, '/uploads/objects/doc/129/1544008849_eLb3Dqk7.pdf', 'выписка из домовой книги'),
(652, 129, '/uploads/objects/doc/129/1544008849_lhyNYSgE.pdf', 'док 05 дек. 2018 г., 12_09'),
(653, 129, '/uploads/objects/doc/129/1544008849_krVbKZaN.pdf', 'справка Ватутинки'),
(654, 129, '/uploads/objects/doc/129/1544008849_Mwm6MIe_.pdf', 'ФЛС'),
(655, 129, '/uploads/objects/doc/129/1544009088_PYPKOpPp.docx', 'ЕГРН'),
(656, 130, '/uploads/objects/doc/130/1544454527_nW30BgZZ.pdf', 'Договор купли-продажи квартиры_Косыгина_5-292'),
(657, 130, '/uploads/objects/doc/130/1544454538_QSm6STAq.pdf', 'Паспорт Кузумова А'),
(658, 130, '/uploads/objects/doc/130/1544454554_AfCUUO0K.pdf', 'Соглашение к Договору об открытии КЛ'),
(659, 130, '/uploads/objects/doc/130/1544454564_Z9w4eyY4.pdf', 'Свидетельство на квартиру'),
(660, 130, '/uploads/objects/doc/130/1544454571_CVjl1n8x.pdf', 'Акт передачи имущества'),
(661, 126, '/uploads/objects/doc/126/1544689389_fxeCYwLr.pdf', 'Реестр арендаторов Прима Плюс (печать подпись)'),
(662, 126, '/uploads/objects/doc/126/1544689399_yiJleZuk.pdf', 'Отчетность Прима Плюс (подпись печать)'),
(663, 131, '/uploads/objects/doc/131/1545143458_ixS0mSgo.pdf', 'ЕГРН'),
(664, 131, '/uploads/objects/doc/131/1545143458_y_PzGmlt.pdf', 'паспорт'),
(665, 131, '/uploads/objects/doc/131/1545143458_DwpUi5f5.pdf', 'фото'),
(666, 132, '/uploads/objects/doc/132/1545321585_k3boesje.pdf', 'договор дарения'),
(667, 132, '/uploads/objects/doc/132/1545321585_AkjCyUMo.pdf', 'ЕГРН'),
(668, 132, '/uploads/objects/doc/132/1545321585__3o9i0mU.pdf', 'фото'),
(669, 133, '/uploads/objects/doc/133/1547113493_v_1z0z8c.JPG', 'св-во ДОМ'),
(670, 133, '/uploads/objects/doc/133/1547113493_23dCx1R8.JPG', 'св-во ЗУ'),
(671, 133, '/uploads/objects/doc/133/1547113493_xKkvGKjG.pdf', 'фото'),
(672, 133, '/uploads/objects/doc/133/1547113501_TP6v0GKk.JPG', 'паспорт 1'),
(673, 133, '/uploads/objects/doc/133/1547113501_U63c-xTM.JPG', 'паспорт 2'),
(674, 133, '/uploads/objects/doc/133/1547113510_xr4BvV-w.JPG', 'дкп1'),
(675, 133, '/uploads/objects/doc/133/1547113510_cS2xb4uz.JPG', 'дкп2'),
(676, 133, '/uploads/objects/doc/133/1547113510_ClkyvODF.JPG', 'дкп3'),
(678, 136, '/uploads/objects/doc/136/1548690242_v1PSl0Ry.jpg', '24-hours-phone-service_318-61519');

-- --------------------------------------------------------

--
-- Table structure for table `object_img`
--

DROP TABLE IF EXISTS `object_img`;
CREATE TABLE `object_img` (
  `id` int(11) NOT NULL,
  `object_id` int(11) DEFAULT NULL,
  `img` varchar(255) DEFAULT NULL,
  `sort` int(3) DEFAULT NULL,
  `img_min` varchar(255) DEFAULT NULL
) ENGINE=InnoDB DEFAULT CHARSET=utf8;

--
-- Truncate table before insert `object_img`
--

TRUNCATE TABLE `object_img`;
--
-- Dumping data for table `object_img`
--

INSERT INTO `object_img` (`id`, `object_id`, `img`, `sort`, `img_min`) VALUES
(44, 43, '/uploads/objects/img/43/1538511023_dlLiGFfK.jpg', 16, '/uploads/objects/img/43/1538511023_dlLiGFfK_min.jpg'),
(45, 43, '/uploads/objects/img/43/1538511023_wZIx8qM5.jpg', 17, '/uploads/objects/img/43/1538511023_wZIx8qM5_min.jpg'),
(46, 43, '/uploads/objects/img/43/1538511024_vTlP4O-r.jpg', 18, '/uploads/objects/img/43/1538511024_vTlP4O-r_min.jpg'),
(47, 43, '/uploads/objects/img/43/1538511024_LtzGQCVN.jpg', 19, '/uploads/objects/img/43/1538511024_LtzGQCVN_min.jpg'),
(48, 43, '/uploads/objects/img/43/1538511024_M_WX1wMR.jpg', 20, '/uploads/objects/img/43/1538511024_M_WX1wMR_min.jpg'),
(52, 42, '/uploads/objects/img/42/1538568825_cNP2fORD.jpeg', 9, '/uploads/objects/img/42/1538568825_cNP2fORD_min.jpeg'),
(53, 45, '/uploads/objects/img/45/1538576917_ucipwAh6.png', 10, '/uploads/objects/img/45/1538576917_ucipwAh6_min.png'),
(54, 45, '/uploads/objects/img/45/1538576919_Ru8jvkms.png', 11, '/uploads/objects/img/45/1538576919_Ru8jvkms_min.png'),
(55, 45, '/uploads/objects/img/45/1538576922_JMko5RfJ.png', 12, '/uploads/objects/img/45/1538576922_JMko5RfJ_min.png'),
(56, 45, '/uploads/objects/img/45/1538576924_Eur_kLTW.png', 13, '/uploads/objects/img/45/1538576924_Eur_kLTW_min.png'),
(57, 45, '/uploads/objects/img/45/1538576926_cZMEu3Vk.png', 14, '/uploads/objects/img/45/1538576926_cZMEu3Vk_min.png'),
(58, 45, '/uploads/objects/img/45/1538576928_qclDqMJ5.png', 15, '/uploads/objects/img/45/1538576928_qclDqMJ5_min.png'),
(59, 45, '/uploads/objects/img/45/1538576929_-qzWeDyr.png', 16, '/uploads/objects/img/45/1538576929_-qzWeDyr_min.png'),
(60, 45, '/uploads/objects/img/45/1538576931_B5Hc1pae.png', 17, '/uploads/objects/img/45/1538576931_B5Hc1pae_min.png'),
(61, 45, '/uploads/objects/img/45/1538576934_MsF6Rnn6.png', 18, '/uploads/objects/img/45/1538576934_MsF6Rnn6_min.png'),
(62, 45, '/uploads/objects/img/45/1538576938_7lvAvNFD.png', 19, '/uploads/objects/img/45/1538576938_7lvAvNFD_min.png'),
(63, 46, '/uploads/objects/img/46/1538607055_nqXbXvbw.jpg', 20, '/uploads/objects/img/46/1538607055_nqXbXvbw_min.jpg'),
(64, 46, '/uploads/objects/img/46/1538607062_BxTnR_w8.jpg', 21, '/uploads/objects/img/46/1538607062_BxTnR_w8_min.jpg'),
(65, 46, '/uploads/objects/img/46/1538607064_QPpv18mb.jpg', 22, '/uploads/objects/img/46/1538607064_QPpv18mb_min.jpg'),
(66, 46, '/uploads/objects/img/46/1538607065_zCuWTrW3.jpg', 23, '/uploads/objects/img/46/1538607065_zCuWTrW3_min.jpg'),
(67, 46, '/uploads/objects/img/46/1538607067_gazevLkn.jpg', 24, '/uploads/objects/img/46/1538607067_gazevLkn_min.jpg'),
(68, 46, '/uploads/objects/img/46/1538607067_Xoz2g2Ow.jpg', 25, '/uploads/objects/img/46/1538607067_Xoz2g2Ow_min.jpg'),
(69, 46, '/uploads/objects/img/46/1538607069_-4HlgC9Z.jpg', 26, '/uploads/objects/img/46/1538607069_-4HlgC9Z_min.jpg'),
(70, 46, '/uploads/objects/img/46/1538607071_4SGGRteB.jpg', 0, '/uploads/objects/img/46/1538607071_4SGGRteB_min.jpg'),
(71, 46, '/uploads/objects/img/46/1538607071_tXCU8G3Z.jpg', 28, '/uploads/objects/img/46/1538607071_tXCU8G3Z_min.jpg'),
(72, 46, '/uploads/objects/img/46/1538607072_7SskurET.jpg', 29, '/uploads/objects/img/46/1538607072_7SskurET_min.jpg'),
(73, 47, '/uploads/objects/img/47/1538609767_UEUGu-QY.jpg', 30, '/uploads/objects/img/47/1538609767_UEUGu-QY_min.jpg'),
(74, 47, '/uploads/objects/img/47/1538609768_Jpxo3HBA.jpg', 31, '/uploads/objects/img/47/1538609768_Jpxo3HBA_min.jpg'),
(75, 47, '/uploads/objects/img/47/1538609768_kyk8_0OS.jpg', 32, '/uploads/objects/img/47/1538609768_kyk8_0OS_min.jpg'),
(76, 48, '/uploads/objects/img/48/1538611307_HNpnoMyv.jpg', 0, '/uploads/objects/img/48/1538611307_HNpnoMyv_min.jpg'),
(77, 48, '/uploads/objects/img/48/1538611307_sVCUXxIs.jpg', 34, '/uploads/objects/img/48/1538611307_sVCUXxIs_min.jpg'),
(78, 48, '/uploads/objects/img/48/1538611307_s-0q2C4f.jpg', 1, '/uploads/objects/img/48/1538611307_s-0q2C4f_min.jpg'),
(79, 48, '/uploads/objects/img/48/1538611307_M5nazqLO.jpg', 36, '/uploads/objects/img/48/1538611307_M5nazqLO_min.jpg'),
(80, 48, '/uploads/objects/img/48/1538611307_fzM7M1N_.jpg', 37, '/uploads/objects/img/48/1538611307_fzM7M1N__min.jpg'),
(81, 48, '/uploads/objects/img/48/1538611307_Bidk1GoI.jpg', 38, '/uploads/objects/img/48/1538611307_Bidk1GoI_min.jpg'),
(82, 48, '/uploads/objects/img/48/1538611307_CGQk6_Am.jpg', 39, '/uploads/objects/img/48/1538611307_CGQk6_Am_min.jpg'),
(83, 48, '/uploads/objects/img/48/1538611307_uU_mQAlW.jpg', 40, '/uploads/objects/img/48/1538611307_uU_mQAlW_min.jpg'),
(84, 48, '/uploads/objects/img/48/1538611307_u-FvK1jR.jpg', 41, '/uploads/objects/img/48/1538611307_u-FvK1jR_min.jpg'),
(85, 49, '/uploads/objects/img/49/1538654161_zOMud0mg.jpg', 42, '/uploads/objects/img/49/1538654161_zOMud0mg_min.jpg'),
(86, 49, '/uploads/objects/img/49/1538654179_uzkz5gW4.jpg', 43, '/uploads/objects/img/49/1538654179_uzkz5gW4_min.jpg'),
(87, 49, '/uploads/objects/img/49/1538654241_r6qWLpFn.jpg', 44, '/uploads/objects/img/49/1538654241_r6qWLpFn_min.jpg'),
(88, 49, '/uploads/objects/img/49/1538654455_lMkV8-pr.png', 0, '/uploads/objects/img/49/1538654455_lMkV8-pr_min.png'),
(89, 49, '/uploads/objects/img/49/1538654523_i9JJfRdG.png', 46, '/uploads/objects/img/49/1538654523_i9JJfRdG_min.png'),
(90, 50, '/uploads/objects/img/50/1538660608_MRC6Ohm1.png', 47, '/uploads/objects/img/50/1538660608_MRC6Ohm1_min.png'),
(91, 51, '/uploads/objects/img/51/1538664780_4xZYL5O8.jpg', 48, '/uploads/objects/img/51/1538664780_4xZYL5O8_min.jpg'),
(92, 51, '/uploads/objects/img/51/1538664781_h5K13JH_.jpg', 49, '/uploads/objects/img/51/1538664781_h5K13JH__min.jpg'),
(93, 51, '/uploads/objects/img/51/1538664781_egZXhXFe.jpg', 50, '/uploads/objects/img/51/1538664781_egZXhXFe_min.jpg'),
(94, 51, '/uploads/objects/img/51/1538664782_ES_BsTD5.jpg', 51, '/uploads/objects/img/51/1538664782_ES_BsTD5_min.jpg'),
(95, 51, '/uploads/objects/img/51/1538664782_eQ18R5b0.jpg', 52, '/uploads/objects/img/51/1538664782_eQ18R5b0_min.jpg'),
(96, 51, '/uploads/objects/img/51/1538664782_qpbKCMwZ.jpg', 53, '/uploads/objects/img/51/1538664782_qpbKCMwZ_min.jpg'),
(97, 51, '/uploads/objects/img/51/1538664785_IXhsAylv.jpg', 54, '/uploads/objects/img/51/1538664785_IXhsAylv_min.jpg'),
(98, 51, '/uploads/objects/img/51/1538664788_P4bg5_SW.jpg', 55, '/uploads/objects/img/51/1538664788_P4bg5_SW_min.jpg'),
(99, 51, '/uploads/objects/img/51/1538664792_LwEdYu7l.jpg', 0, '/uploads/objects/img/51/1538664792_LwEdYu7l_min.jpg'),
(100, 51, '/uploads/objects/img/51/1538664792_MmHjs5Cc.jpg', 57, '/uploads/objects/img/51/1538664792_MmHjs5Cc_min.jpg'),
(101, 52, '/uploads/objects/img/52/1538667964_oYqHonC2.png', 58, '/uploads/objects/img/52/1538667964_oYqHonC2_min.png'),
(102, 51, '/uploads/objects/img/51/1538824127_2wwNl2Bb.png', 59, '/uploads/objects/img/51/1538824127_2wwNl2Bb_min.png'),
(103, 51, '/uploads/objects/img/51/1538824127_1z_u2dYV.png', 60, '/uploads/objects/img/51/1538824127_1z_u2dYV_min.png'),
(104, 54, '/uploads/objects/img/54/1538983710_edlHr24O.jpg', 61, '/uploads/objects/img/54/1538983710_edlHr24O_min.jpg'),
(105, 54, '/uploads/objects/img/54/1538983710_msphH-RD.jpg', 62, '/uploads/objects/img/54/1538983710_msphH-RD_min.jpg'),
(106, 54, '/uploads/objects/img/54/1538983710_sWD2fEP4.jpg', 63, '/uploads/objects/img/54/1538983710_sWD2fEP4_min.jpg'),
(107, 54, '/uploads/objects/img/54/1538983710_yFGAt7cs.jpg', 64, '/uploads/objects/img/54/1538983710_yFGAt7cs_min.jpg'),
(108, 54, '/uploads/objects/img/54/1538983710_mUo8W19F.jpg', 65, '/uploads/objects/img/54/1538983710_mUo8W19F_min.jpg'),
(109, 54, '/uploads/objects/img/54/1538983710_OMsukuMU.jpg', 66, '/uploads/objects/img/54/1538983710_OMsukuMU_min.jpg'),
(110, 54, '/uploads/objects/img/54/1538983710_HyIMIzGu.jpg', 67, '/uploads/objects/img/54/1538983710_HyIMIzGu_min.jpg'),
(111, 54, '/uploads/objects/img/54/1538983710_cAhvbvTv.jpg', 68, '/uploads/objects/img/54/1538983710_cAhvbvTv_min.jpg'),
(112, 54, '/uploads/objects/img/54/1538983710_VXJ4FhCZ.jpg', 69, '/uploads/objects/img/54/1538983710_VXJ4FhCZ_min.jpg'),
(113, 54, '/uploads/objects/img/54/1538983710_-rwg4Kyk.jpg', 70, '/uploads/objects/img/54/1538983710_-rwg4Kyk_min.jpg'),
(114, 56, '/uploads/objects/img/56/1539185102_ORbs0EYC.jpg', 71, '/uploads/objects/img/56/1539185102_ORbs0EYC_min.jpg'),
(115, 56, '/uploads/objects/img/56/1539185102_IXwhVCRu.jpeg', 72, '/uploads/objects/img/56/1539185102_IXwhVCRu_min.jpeg'),
(116, 56, '/uploads/objects/img/56/1539185102_Cctr3Ee6.jpeg', 73, '/uploads/objects/img/56/1539185102_Cctr3Ee6_min.jpeg'),
(117, 56, '/uploads/objects/img/56/1539185102_nYpEJGGQ.jpeg', 74, '/uploads/objects/img/56/1539185102_nYpEJGGQ_min.jpeg'),
(118, 56, '/uploads/objects/img/56/1539185102_tcMyc_Hy.jpeg', 75, '/uploads/objects/img/56/1539185102_tcMyc_Hy_min.jpeg'),
(119, 57, '/uploads/objects/img/57/1539253431_aA1Q2rG3.jpg', 76, '/uploads/objects/img/57/1539253431_aA1Q2rG3_min.jpg'),
(120, 57, '/uploads/objects/img/57/1539253431_L2MID1bi.jpg', 77, '/uploads/objects/img/57/1539253431_L2MID1bi_min.jpg'),
(121, 57, '/uploads/objects/img/57/1539253431_Oi4oonKu.jpg', 78, '/uploads/objects/img/57/1539253431_Oi4oonKu_min.jpg'),
(122, 57, '/uploads/objects/img/57/1539253432_q5H-R4Bz.jpg', 0, '/uploads/objects/img/57/1539253432_q5H-R4Bz_min.jpg'),
(123, 57, '/uploads/objects/img/57/1539253432_8vXRX3Cb.jpg', 80, '/uploads/objects/img/57/1539253432_8vXRX3Cb_min.jpg'),
(124, 57, '/uploads/objects/img/57/1539253432_DjksnGk7.jpg', 81, '/uploads/objects/img/57/1539253432_DjksnGk7_min.jpg'),
(125, 57, '/uploads/objects/img/57/1539253432_fDXC-5aV.jpg', 82, '/uploads/objects/img/57/1539253432_fDXC-5aV_min.jpg'),
(126, 59, '/uploads/objects/img/59/1539604270_4u7deTqu.png', 82, '/uploads/objects/img/59/1539604270_4u7deTqu_min.png'),
(127, 59, '/uploads/objects/img/59/1539604271_UX1fTANy.png', 83, '/uploads/objects/img/59/1539604271_UX1fTANy_min.png'),
(128, 59, '/uploads/objects/img/59/1539604271_BE2EQ_nw.png', 84, '/uploads/objects/img/59/1539604271_BE2EQ_nw_min.png'),
(129, 59, '/uploads/objects/img/59/1539604271_MYY2y5ha.png', 85, '/uploads/objects/img/59/1539604271_MYY2y5ha_min.png'),
(130, 59, '/uploads/objects/img/59/1539604273_8qQKkdWe.png', 86, '/uploads/objects/img/59/1539604273_8qQKkdWe_min.png'),
(131, 59, '/uploads/objects/img/59/1539604273_u1h8bNH9.png', 87, '/uploads/objects/img/59/1539604273_u1h8bNH9_min.png'),
(132, 59, '/uploads/objects/img/59/1539604273_udCNLeQ0.png', 88, '/uploads/objects/img/59/1539604273_udCNLeQ0_min.png'),
(133, 59, '/uploads/objects/img/59/1539604273_eXbT7nwV.png', 89, '/uploads/objects/img/59/1539604273_eXbT7nwV_min.png'),
(134, 59, '/uploads/objects/img/59/1539604273_bdKd-kkY.png', 90, '/uploads/objects/img/59/1539604273_bdKd-kkY_min.png'),
(135, 59, '/uploads/objects/img/59/1539604273_zoGNLATq.png', 91, '/uploads/objects/img/59/1539604273_zoGNLATq_min.png'),
(136, 60, '/uploads/objects/img/60/1539606560_92QsC6pR.jpeg', 92, '/uploads/objects/img/60/1539606560_92QsC6pR_min.jpeg'),
(137, 60, '/uploads/objects/img/60/1539606562_aGks_p-c.jpeg', 93, '/uploads/objects/img/60/1539606562_aGks_p-c_min.jpeg'),
(138, 60, '/uploads/objects/img/60/1539606563_Hs1m4e4L.jpeg', 0, '/uploads/objects/img/60/1539606563_Hs1m4e4L_min.jpeg'),
(139, 60, '/uploads/objects/img/60/1539606564_4DP92Gvd.jpeg', 95, '/uploads/objects/img/60/1539606564_4DP92Gvd_min.jpeg'),
(140, 60, '/uploads/objects/img/60/1539606565_VtN1o68J.jpeg', 96, '/uploads/objects/img/60/1539606565_VtN1o68J_min.jpeg'),
(141, 60, '/uploads/objects/img/60/1539606566_v5GK8dz_.jpeg', 97, '/uploads/objects/img/60/1539606566_v5GK8dz__min.jpeg'),
(142, 60, '/uploads/objects/img/60/1539606567_QLCyOsDQ.jpeg', 98, '/uploads/objects/img/60/1539606567_QLCyOsDQ_min.jpeg'),
(143, 60, '/uploads/objects/img/60/1539606568_w3YiCUMh.jpeg', 99, '/uploads/objects/img/60/1539606568_w3YiCUMh_min.jpeg'),
(144, 60, '/uploads/objects/img/60/1539606569_Y2igKV9z.jpeg', 100, '/uploads/objects/img/60/1539606569_Y2igKV9z_min.jpeg'),
(145, 60, '/uploads/objects/img/60/1539606570_A89RIHmF.jpeg', 101, '/uploads/objects/img/60/1539606570_A89RIHmF_min.jpeg'),
(146, 62, '/uploads/objects/img/62/1539666983_WoQQ3IPd.jpg', 102, '/uploads/objects/img/62/1539666983_WoQQ3IPd_min.jpg'),
(147, 62, '/uploads/objects/img/62/1539666983_Qmf1z_oX.jpg', 103, '/uploads/objects/img/62/1539666983_Qmf1z_oX_min.jpg'),
(148, 62, '/uploads/objects/img/62/1539666983_-wZqwKCy.jpg', 104, '/uploads/objects/img/62/1539666983_-wZqwKCy_min.jpg'),
(149, 62, '/uploads/objects/img/62/1539666983_60ZhoIAl.jpg', 105, '/uploads/objects/img/62/1539666983_60ZhoIAl_min.jpg'),
(150, 63, '/uploads/objects/img/63/1539682409_Tnj23k4T.jpg', 106, '/uploads/objects/img/63/1539682409_Tnj23k4T_min.jpg'),
(151, 63, '/uploads/objects/img/63/1539682410_qPBWr2ta.jpg', 107, '/uploads/objects/img/63/1539682410_qPBWr2ta_min.jpg'),
(152, 63, '/uploads/objects/img/63/1539682411_7hzbBP4k.jpg', 108, '/uploads/objects/img/63/1539682411_7hzbBP4k_min.jpg'),
(153, 63, '/uploads/objects/img/63/1539682412_n2FrnTxW.jpg', 109, '/uploads/objects/img/63/1539682412_n2FrnTxW_min.jpg'),
(154, 63, '/uploads/objects/img/63/1539682413_-_bLYQOt.jpg', 110, '/uploads/objects/img/63/1539682413_-_bLYQOt_min.jpg'),
(155, 63, '/uploads/objects/img/63/1539682414_kCu5Xsj-.jpg', 111, '/uploads/objects/img/63/1539682414_kCu5Xsj-_min.jpg'),
(156, 63, '/uploads/objects/img/63/1539682415_kVL7ujyJ.jpg', 112, '/uploads/objects/img/63/1539682415_kVL7ujyJ_min.jpg'),
(157, 63, '/uploads/objects/img/63/1539682416_5Ii1Amxd.jpg', 113, '/uploads/objects/img/63/1539682416_5Ii1Amxd_min.jpg'),
(158, 63, '/uploads/objects/img/63/1539682435_1VqwpCjl.jpg', 114, '/uploads/objects/img/63/1539682435_1VqwpCjl_min.jpg'),
(159, 63, '/uploads/objects/img/63/1539682459_8xdpe14n.jpg', 115, '/uploads/objects/img/63/1539682459_8xdpe14n_min.jpg'),
(160, 63, '/uploads/objects/img/63/1539682460_PFM2UZvZ.jpg', 116, '/uploads/objects/img/63/1539682460_PFM2UZvZ_min.jpg'),
(161, 64, '/uploads/objects/img/64/1539687112_kDiluY4X.jpg', 117, '/uploads/objects/img/64/1539687112_kDiluY4X_min.jpg'),
(162, 64, '/uploads/objects/img/64/1539687112_SI00-_Fc.jpg', 118, '/uploads/objects/img/64/1539687112_SI00-_Fc_min.jpg'),
(163, 64, '/uploads/objects/img/64/1539687112_3MKqxQ34.jpg', 119, '/uploads/objects/img/64/1539687112_3MKqxQ34_min.jpg'),
(164, 65, '/uploads/objects/img/65/1539690051_E_WXrj8X.jpg', 120, '/uploads/objects/img/65/1539690051_E_WXrj8X_min.jpg'),
(165, 65, '/uploads/objects/img/65/1539690051_-ttJGjZa.jpg', 121, '/uploads/objects/img/65/1539690051_-ttJGjZa_min.jpg'),
(166, 65, '/uploads/objects/img/65/1539690052_ee26gwMI.jpg', 122, '/uploads/objects/img/65/1539690052_ee26gwMI_min.jpg'),
(168, 58, '/uploads/objects/img/58/1539693005_LX2f7nft.png', 124, '/uploads/objects/img/58/1539693005_LX2f7nft_min.png'),
(169, 66, '/uploads/objects/img/66/1539693095_2SDfnyyL.png', 125, '/uploads/objects/img/66/1539693095_2SDfnyyL_min.png'),
(170, 67, '/uploads/objects/img/67/1539699107_E4yPbPbP.jpeg', 126, '/uploads/objects/img/67/1539699107_E4yPbPbP_min.jpeg'),
(171, 67, '/uploads/objects/img/67/1539699108_NGql6l5U.jpeg', 127, '/uploads/objects/img/67/1539699108_NGql6l5U_min.jpeg'),
(172, 67, '/uploads/objects/img/67/1539699109_7npPll43.jpeg', 128, '/uploads/objects/img/67/1539699109_7npPll43_min.jpeg'),
(173, 67, '/uploads/objects/img/67/1539699109__xkr4GIf.jpeg', 129, '/uploads/objects/img/67/1539699109__xkr4GIf_min.jpeg'),
(174, 67, '/uploads/objects/img/67/1539699112_658eJm9T.jpeg', 130, '/uploads/objects/img/67/1539699112_658eJm9T_min.jpeg'),
(175, 67, '/uploads/objects/img/67/1539699113_knfGJwwa.jpeg', 131, '/uploads/objects/img/67/1539699113_knfGJwwa_min.jpeg'),
(176, 67, '/uploads/objects/img/67/1539699114_mFzeKIWu.jpeg', 132, '/uploads/objects/img/67/1539699114_mFzeKIWu_min.jpeg'),
(177, 67, '/uploads/objects/img/67/1539699115_OhYvdi7A.jpeg', 133, '/uploads/objects/img/67/1539699115_OhYvdi7A_min.jpeg'),
(178, 67, '/uploads/objects/img/67/1539699116_8zb4iMZO.jpeg', 134, '/uploads/objects/img/67/1539699116_8zb4iMZO_min.jpeg'),
(179, 67, '/uploads/objects/img/67/1539699117_eA_mO5xV.jpeg', 135, '/uploads/objects/img/67/1539699117_eA_mO5xV_min.jpeg'),
(180, 67, '/uploads/objects/img/67/1539699148_8-jXHsM7.png', 136, '/uploads/objects/img/67/1539699148_8-jXHsM7_min.png'),
(181, 68, '/uploads/objects/img/68/1539700667_g6M7Om9I.jpg', 137, '/uploads/objects/img/68/1539700667_g6M7Om9I_min.jpg'),
(182, 68, '/uploads/objects/img/68/1539700667_Qr3OvIRd.jpg', 138, '/uploads/objects/img/68/1539700667_Qr3OvIRd_min.jpg'),
(183, 68, '/uploads/objects/img/68/1539700667_r2ExZ9Nv.jpg', 139, '/uploads/objects/img/68/1539700667_r2ExZ9Nv_min.jpg'),
(184, 68, '/uploads/objects/img/68/1539700667_ECjTo-GX.jpg', 140, '/uploads/objects/img/68/1539700667_ECjTo-GX_min.jpg'),
(185, 68, '/uploads/objects/img/68/1539700667_60QFnAgZ.jpg', 141, '/uploads/objects/img/68/1539700667_60QFnAgZ_min.jpg'),
(186, 68, '/uploads/objects/img/68/1539700667_JRINp4jI.jpg', 142, '/uploads/objects/img/68/1539700667_JRINp4jI_min.jpg'),
(187, 68, '/uploads/objects/img/68/1539700667_oKTKal6F.jpg', 143, '/uploads/objects/img/68/1539700667_oKTKal6F_min.jpg'),
(188, 68, '/uploads/objects/img/68/1539700668_6Gs6i6GW.jpg', 144, '/uploads/objects/img/68/1539700668_6Gs6i6GW_min.jpg'),
(189, 68, '/uploads/objects/img/68/1539700668_kig24N0_.jpg', 0, '/uploads/objects/img/68/1539700668_kig24N0__min.jpg'),
(190, 68, '/uploads/objects/img/68/1539700668_XBGnL9Rj.jpg', 146, '/uploads/objects/img/68/1539700668_XBGnL9Rj_min.jpg'),
(191, 69, '/uploads/objects/img/69/1539857168_LKuFWkx1.jpg', 147, '/uploads/objects/img/69/1539857168_LKuFWkx1_min.jpg'),
(192, 69, '/uploads/objects/img/69/1539857168_NliFtOm5.jpg', 148, '/uploads/objects/img/69/1539857168_NliFtOm5_min.jpg'),
(193, 69, '/uploads/objects/img/69/1539857168_bm8S9EWp.jpg', 149, '/uploads/objects/img/69/1539857168_bm8S9EWp_min.jpg'),
(194, 69, '/uploads/objects/img/69/1539857168_MRNzdWOX.jpg', 150, '/uploads/objects/img/69/1539857168_MRNzdWOX_min.jpg'),
(195, 69, '/uploads/objects/img/69/1539857168_NGsQeUUU.jpg', 0, '/uploads/objects/img/69/1539857168_NGsQeUUU_min.jpg'),
(196, 69, '/uploads/objects/img/69/1539857168_M6R3k-lg.jpg', 152, '/uploads/objects/img/69/1539857168_M6R3k-lg_min.jpg'),
(197, 69, '/uploads/objects/img/69/1539857168_UqrqgyOY.jpg', 153, '/uploads/objects/img/69/1539857168_UqrqgyOY_min.jpg'),
(198, 69, '/uploads/objects/img/69/1539857168_UqNzI5um.jpg', 154, '/uploads/objects/img/69/1539857168_UqNzI5um_min.jpg'),
(199, 69, '/uploads/objects/img/69/1539857168_ExXg6MIl.jpg', 155, '/uploads/objects/img/69/1539857168_ExXg6MIl_min.jpg'),
(200, 70, '/uploads/objects/img/70/1539860483__v4IF2Z3.jpg', 156, '/uploads/objects/img/70/1539860483__v4IF2Z3_min.jpg'),
(201, 70, '/uploads/objects/img/70/1539860483_0E-tTIqh.jpg', 157, '/uploads/objects/img/70/1539860483_0E-tTIqh_min.jpg'),
(202, 70, '/uploads/objects/img/70/1539860483_QOJ3tce1.jpg', 158, '/uploads/objects/img/70/1539860483_QOJ3tce1_min.jpg'),
(203, 70, '/uploads/objects/img/70/1539860483_A4JBYT8i.jpg', 159, '/uploads/objects/img/70/1539860483_A4JBYT8i_min.jpg'),
(204, 70, '/uploads/objects/img/70/1539860483_IFcaEH2E.jpg', 160, '/uploads/objects/img/70/1539860483_IFcaEH2E_min.jpg'),
(205, 70, '/uploads/objects/img/70/1539860484_Rheep9zD.jpg', 161, '/uploads/objects/img/70/1539860484_Rheep9zD_min.jpg'),
(206, 70, '/uploads/objects/img/70/1539860485_7H2rd2-C.png', 0, '/uploads/objects/img/70/1539860485_7H2rd2-C_min.png'),
(208, 71, '/uploads/objects/img/71/1539861972__pplI3fs.jpg', 163, '/uploads/objects/img/71/1539861972__pplI3fs_min.jpg'),
(209, 71, '/uploads/objects/img/71/1539861973_fjwrKsKD.jpg', 164, '/uploads/objects/img/71/1539861973_fjwrKsKD_min.jpg'),
(210, 71, '/uploads/objects/img/71/1539861973_eFd8tzAC.jpg', 165, '/uploads/objects/img/71/1539861973_eFd8tzAC_min.jpg'),
(211, 71, '/uploads/objects/img/71/1539861973_Da04euyc.jpg', 166, '/uploads/objects/img/71/1539861973_Da04euyc_min.jpg'),
(212, 71, '/uploads/objects/img/71/1539861973_ie1-r70r.jpg', 167, '/uploads/objects/img/71/1539861973_ie1-r70r_min.jpg'),
(213, 71, '/uploads/objects/img/71/1539861973_wOG_G4Fl.jpg', 168, '/uploads/objects/img/71/1539861973_wOG_G4Fl_min.jpg'),
(214, 71, '/uploads/objects/img/71/1539861973_gQ7RU_kS.jpg', 169, '/uploads/objects/img/71/1539861973_gQ7RU_kS_min.jpg'),
(215, 71, '/uploads/objects/img/71/1539861973_McEYVqUo.jpg', 170, '/uploads/objects/img/71/1539861973_McEYVqUo_min.jpg'),
(216, 71, '/uploads/objects/img/71/1539861973_V_ST0m2u.jpg', 171, '/uploads/objects/img/71/1539861973_V_ST0m2u_min.jpg'),
(217, 71, '/uploads/objects/img/71/1539861973_aserDSXD.jpg', 172, '/uploads/objects/img/71/1539861973_aserDSXD_min.jpg'),
(218, 72, '/uploads/objects/img/72/1539870610_Ei8mcNB9.jpg', 173, '/uploads/objects/img/72/1539870610_Ei8mcNB9_min.jpg'),
(219, 72, '/uploads/objects/img/72/1539870610_hSl1bxZK.jpg', 174, '/uploads/objects/img/72/1539870610_hSl1bxZK_min.jpg'),
(220, 72, '/uploads/objects/img/72/1539870610_p3wpLeu8.jpg', 175, '/uploads/objects/img/72/1539870610_p3wpLeu8_min.jpg'),
(221, 73, '/uploads/objects/img/73/1539874721_JmVCkUj_.jpg', 173, '/uploads/objects/img/73/1539874721_JmVCkUj__min.jpg'),
(222, 73, '/uploads/objects/img/73/1539874722_g1nxtIjz.jpg', 174, '/uploads/objects/img/73/1539874722_g1nxtIjz_min.jpg'),
(223, 73, '/uploads/objects/img/73/1539874722_BGlK9sai.jpg', 175, '/uploads/objects/img/73/1539874722_BGlK9sai_min.jpg'),
(224, 73, '/uploads/objects/img/73/1539874722_c4S-3Qqt.jpg', 0, '/uploads/objects/img/73/1539874722_c4S-3Qqt_min.jpg'),
(225, 50, '/uploads/objects/img/50/1539957865_CVhH6wGe.jpg', 176, '/uploads/objects/img/50/1539957865_CVhH6wGe_min.jpg'),
(226, 74, '/uploads/objects/img/74/1539958508_XkKbWk-r.jpg', 177, '/uploads/objects/img/74/1539958508_XkKbWk-r_min.jpg'),
(227, 75, '/uploads/objects/img/75/1540205453_2Ayj4jBr.png', 178, '/uploads/objects/img/75/1540205453_2Ayj4jBr_min.png'),
(228, 75, '/uploads/objects/img/75/1540205454_ssvDEFEA.png', 179, '/uploads/objects/img/75/1540205454_ssvDEFEA_min.png'),
(229, 75, '/uploads/objects/img/75/1540205454_zZvifCy8.png', 180, '/uploads/objects/img/75/1540205454_zZvifCy8_min.png'),
(230, 76, '/uploads/objects/img/76/1540211679_qQ_6agSc.jpg', 181, '/uploads/objects/img/76/1540211679_qQ_6agSc_min.jpg'),
(231, 76, '/uploads/objects/img/76/1540211680_yXZ1xtdE.jpg', 182, '/uploads/objects/img/76/1540211680_yXZ1xtdE_min.jpg'),
(232, 76, '/uploads/objects/img/76/1540211683_J8VACNBt.jpg', 183, '/uploads/objects/img/76/1540211683_J8VACNBt_min.jpg'),
(233, 76, '/uploads/objects/img/76/1540211683_mnhdivbc.jpg', 184, '/uploads/objects/img/76/1540211683_mnhdivbc_min.jpg'),
(234, 76, '/uploads/objects/img/76/1540211683_NZaqsVx1.jpg', 185, '/uploads/objects/img/76/1540211683_NZaqsVx1_min.jpg'),
(235, 77, '/uploads/objects/img/77/1540289853_l8livxno.jpg', 186, '/uploads/objects/img/77/1540289853_l8livxno_min.jpg'),
(236, 77, '/uploads/objects/img/77/1540289853_im248-uE.jpg', 187, '/uploads/objects/img/77/1540289853_im248-uE_min.jpg'),
(237, 77, '/uploads/objects/img/77/1540289853_HkZQd3vy.jpg', 188, '/uploads/objects/img/77/1540289853_HkZQd3vy_min.jpg'),
(238, 78, '/uploads/objects/img/78/1540299331_3egTexZI.jpg', 189, '/uploads/objects/img/78/1540299331_3egTexZI_min.jpg'),
(239, 78, '/uploads/objects/img/78/1540299331_d121bL-A.jpg', 190, '/uploads/objects/img/78/1540299331_d121bL-A_min.jpg'),
(240, 78, '/uploads/objects/img/78/1540299331_rY1prPVf.jpg', 191, '/uploads/objects/img/78/1540299331_rY1prPVf_min.jpg'),
(241, 78, '/uploads/objects/img/78/1540299331_2OIsDuBR.jpg', 192, '/uploads/objects/img/78/1540299331_2OIsDuBR_min.jpg'),
(242, 78, '/uploads/objects/img/78/1540299331_FLr4Ym59.jpg', 193, '/uploads/objects/img/78/1540299331_FLr4Ym59_min.jpg'),
(243, 78, '/uploads/objects/img/78/1540299331_Fjevl4nP.jpg', 194, '/uploads/objects/img/78/1540299331_Fjevl4nP_min.jpg'),
(244, 78, '/uploads/objects/img/78/1540299332_vWW94tm6.jpg', 195, '/uploads/objects/img/78/1540299332_vWW94tm6_min.jpg'),
(245, 78, '/uploads/objects/img/78/1540299332_jr4778JV.jpg', 196, '/uploads/objects/img/78/1540299332_jr4778JV_min.jpg'),
(246, 78, '/uploads/objects/img/78/1540299332_gs4fp9rW.jpg', 197, '/uploads/objects/img/78/1540299332_gs4fp9rW_min.jpg'),
(247, 78, '/uploads/objects/img/78/1540299332_elK6EyRe.jpg', 198, '/uploads/objects/img/78/1540299332_elK6EyRe_min.jpg'),
(251, 78, '/uploads/objects/img/78/1540367474_meDElo0w.jpg', 199, '/uploads/objects/img/78/1540367474_meDElo0w_min.jpg'),
(252, 78, '/uploads/objects/img/78/1540371397_qsuMoU0N.jpg', 200, '/uploads/objects/img/78/1540371397_qsuMoU0N_min.jpg'),
(253, 80, '/uploads/objects/img/80/1540455777_4A0wDZy1.png', 201, '/uploads/objects/img/80/1540455777_4A0wDZy1_min.png'),
(254, 80, '/uploads/objects/img/80/1540455777_LxbzSXBq.png', 202, '/uploads/objects/img/80/1540455777_LxbzSXBq_min.png'),
(255, 80, '/uploads/objects/img/80/1540455778_MAVwqn9l.png', 203, '/uploads/objects/img/80/1540455778_MAVwqn9l_min.png'),
(256, 80, '/uploads/objects/img/80/1540455779_0Hrr9ju-.png', 204, '/uploads/objects/img/80/1540455779_0Hrr9ju-_min.png'),
(257, 80, '/uploads/objects/img/80/1540455779_nqpC-M3_.png', 205, '/uploads/objects/img/80/1540455779_nqpC-M3__min.png'),
(258, 80, '/uploads/objects/img/80/1540455779_aI6txo4k.png', 206, '/uploads/objects/img/80/1540455779_aI6txo4k_min.png'),
(259, 80, '/uploads/objects/img/80/1540455779_W1Pzig6j.png', 207, '/uploads/objects/img/80/1540455779_W1Pzig6j_min.png'),
(260, 80, '/uploads/objects/img/80/1540455779_SxaR8m72.png', 208, '/uploads/objects/img/80/1540455779_SxaR8m72_min.png'),
(261, 80, '/uploads/objects/img/80/1540455780_X5e8_rbH.png', 1, '/uploads/objects/img/80/1540455780_X5e8_rbH_min.png'),
(262, 80, '/uploads/objects/img/80/1540455781_Ihuvfq8S.png', 0, '/uploads/objects/img/80/1540455781_Ihuvfq8S_min.png'),
(263, 81, '/uploads/objects/img/81/1540568455_GWk1Z7zl.jpg', 211, '/uploads/objects/img/81/1540568455_GWk1Z7zl_min.jpg'),
(264, 81, '/uploads/objects/img/81/1540568455_q-tA0pQw.jpg', 212, '/uploads/objects/img/81/1540568455_q-tA0pQw_min.jpg'),
(265, 81, '/uploads/objects/img/81/1540568455_VPmmyWsM.jpg', 213, '/uploads/objects/img/81/1540568455_VPmmyWsM_min.jpg'),
(266, 81, '/uploads/objects/img/81/1540568456_bM9uPm-I.jpg', 214, '/uploads/objects/img/81/1540568456_bM9uPm-I_min.jpg'),
(267, 81, '/uploads/objects/img/81/1540568456_OgG7t1u0.jpg', 215, '/uploads/objects/img/81/1540568456_OgG7t1u0_min.jpg'),
(268, 81, '/uploads/objects/img/81/1540568456_5wV8P9D5.jpg', 216, '/uploads/objects/img/81/1540568456_5wV8P9D5_min.jpg'),
(269, 81, '/uploads/objects/img/81/1540568548_DR8cDUy1.jpg', 217, '/uploads/objects/img/81/1540568548_DR8cDUy1_min.jpg'),
(270, 82, '/uploads/objects/img/82/1540573388_gOtF8F38.jpg', 218, '/uploads/objects/img/82/1540573388_gOtF8F38_min.jpg'),
(271, 82, '/uploads/objects/img/82/1540573388_IhjtMP8e.jpg', 219, '/uploads/objects/img/82/1540573388_IhjtMP8e_min.jpg'),
(272, 82, '/uploads/objects/img/82/1540573388_yGDvtZKI.jpg', 220, '/uploads/objects/img/82/1540573388_yGDvtZKI_min.jpg'),
(273, 82, '/uploads/objects/img/82/1540573388_d_NKuj_w.jpg', 221, '/uploads/objects/img/82/1540573388_d_NKuj_w_min.jpg'),
(274, 82, '/uploads/objects/img/82/1540573388_tsd6upue.jpg', 222, '/uploads/objects/img/82/1540573388_tsd6upue_min.jpg'),
(275, 82, '/uploads/objects/img/82/1540573388_3puCzNvS.jpg', 223, '/uploads/objects/img/82/1540573388_3puCzNvS_min.jpg'),
(276, 82, '/uploads/objects/img/82/1540573388_F7zXT4RX.jpg', 224, '/uploads/objects/img/82/1540573388_F7zXT4RX_min.jpg'),
(277, 82, '/uploads/objects/img/82/1540573388_kfMMaPRq.jpg', 225, '/uploads/objects/img/82/1540573388_kfMMaPRq_min.jpg'),
(278, 83, '/uploads/objects/img/83/1540980682_X3DxzrPD.jpg', 226, '/uploads/objects/img/83/1540980682_X3DxzrPD_min.jpg'),
(279, 83, '/uploads/objects/img/83/1540980689_lmvwm3Kp.jpg', 227, '/uploads/objects/img/83/1540980689_lmvwm3Kp_min.jpg'),
(280, 83, '/uploads/objects/img/83/1540980691_UQSIfjs5.jpg', 228, '/uploads/objects/img/83/1540980691_UQSIfjs5_min.jpg'),
(281, 83, '/uploads/objects/img/83/1540980692_NnN3o5aA.jpg', 229, '/uploads/objects/img/83/1540980692_NnN3o5aA_min.jpg'),
(282, 83, '/uploads/objects/img/83/1540980694_GWnQLSLP.jpg', 230, '/uploads/objects/img/83/1540980694_GWnQLSLP_min.jpg'),
(283, 83, '/uploads/objects/img/83/1540980695_A5KxAl3D.jpg', 231, '/uploads/objects/img/83/1540980695_A5KxAl3D_min.jpg'),
(284, 84, '/uploads/objects/img/84/1540981947_mSU8uM8p.jpg', 232, '/uploads/objects/img/84/1540981947_mSU8uM8p_min.jpg'),
(285, 84, '/uploads/objects/img/84/1540981947_QlNWAR-T.jpg', 233, '/uploads/objects/img/84/1540981947_QlNWAR-T_min.jpg'),
(286, 84, '/uploads/objects/img/84/1540981948_ejebFiLt.jpg', 234, '/uploads/objects/img/84/1540981948_ejebFiLt_min.jpg'),
(287, 84, '/uploads/objects/img/84/1540981948_THxLJElf.jpg', 235, '/uploads/objects/img/84/1540981948_THxLJElf_min.jpg'),
(288, 84, '/uploads/objects/img/84/1540981948_ShHC-ktd.jpg', 236, '/uploads/objects/img/84/1540981948_ShHC-ktd_min.jpg'),
(289, 84, '/uploads/objects/img/84/1540981948_3gTtpuAZ.jpg', 237, '/uploads/objects/img/84/1540981948_3gTtpuAZ_min.jpg'),
(290, 84, '/uploads/objects/img/84/1540981948_Gu48lRbv.jpg', 238, '/uploads/objects/img/84/1540981948_Gu48lRbv_min.jpg'),
(291, 84, '/uploads/objects/img/84/1540981948_6Go1hbes.jpg', 239, '/uploads/objects/img/84/1540981948_6Go1hbes_min.jpg'),
(292, 84, '/uploads/objects/img/84/1540981948_y_ofKCOV.jpg', 240, '/uploads/objects/img/84/1540981948_y_ofKCOV_min.jpg'),
(293, 84, '/uploads/objects/img/84/1540981948_J9igaPgf.jpg', 241, '/uploads/objects/img/84/1540981948_J9igaPgf_min.jpg'),
(294, 85, '/uploads/objects/img/85/1540990704_QuMrCMPr.jpg', 242, '/uploads/objects/img/85/1540990704_QuMrCMPr_min.jpg'),
(295, 86, '/uploads/objects/img/86/1541148929_FPtWBCrF.jpg', 243, '/uploads/objects/img/86/1541148929_FPtWBCrF_min.jpg'),
(296, 86, '/uploads/objects/img/86/1541148930_xOhNqTp4.jpg', 244, '/uploads/objects/img/86/1541148930_xOhNqTp4_min.jpg'),
(297, 86, '/uploads/objects/img/86/1541148930_vCDyyVBg.jpg', 245, '/uploads/objects/img/86/1541148930_vCDyyVBg_min.jpg'),
(298, 86, '/uploads/objects/img/86/1541148930_iZ-I-To_.jpg', 246, '/uploads/objects/img/86/1541148930_iZ-I-To__min.jpg'),
(299, 86, '/uploads/objects/img/86/1541148930_mzWzy6f6.jpg', 247, '/uploads/objects/img/86/1541148930_mzWzy6f6_min.jpg'),
(300, 86, '/uploads/objects/img/86/1541148930_O_ZY0Byu.jpg', 1, '/uploads/objects/img/86/1541148930_O_ZY0Byu_min.jpg'),
(301, 86, '/uploads/objects/img/86/1541148931_Yb3hRnOL.jpg', 3, '/uploads/objects/img/86/1541148931_Yb3hRnOL_min.jpg'),
(302, 86, '/uploads/objects/img/86/1541148931_ubpDxLGJ.jpg', 0, '/uploads/objects/img/86/1541148931_ubpDxLGJ_min.jpg'),
(303, 86, '/uploads/objects/img/86/1541148931_0rMcqiMs.jpg', 251, '/uploads/objects/img/86/1541148931_0rMcqiMs_min.jpg'),
(304, 87, '/uploads/objects/img/87/1541156030_dQ7reBsE.jpg', 252, '/uploads/objects/img/87/1541156030_dQ7reBsE_min.jpg'),
(305, 87, '/uploads/objects/img/87/1541156030_uMihIodw.jpg', 253, '/uploads/objects/img/87/1541156030_uMihIodw_min.jpg'),
(306, 87, '/uploads/objects/img/87/1541156030_73lMnE9m.jpg', 254, '/uploads/objects/img/87/1541156030_73lMnE9m_min.jpg'),
(307, 87, '/uploads/objects/img/87/1541156030_-It2azPN.jpg', 255, '/uploads/objects/img/87/1541156030_-It2azPN_min.jpg'),
(308, 87, '/uploads/objects/img/87/1541156030_gNBD1IvY.jpg', 256, '/uploads/objects/img/87/1541156030_gNBD1IvY_min.jpg'),
(309, 87, '/uploads/objects/img/87/1541156030_VWKbfBR7.jpg', 257, '/uploads/objects/img/87/1541156030_VWKbfBR7_min.jpg'),
(310, 87, '/uploads/objects/img/87/1541156031_fEDq8D8L.jpg', 258, '/uploads/objects/img/87/1541156031_fEDq8D8L_min.jpg'),
(311, 87, '/uploads/objects/img/87/1541156031_aFBO02Cf.png', 259, '/uploads/objects/img/87/1541156031_aFBO02Cf_min.png'),
(312, 88, '/uploads/objects/img/88/1541169650_-uL-Yrp2.jpg', 260, '/uploads/objects/img/88/1541169650_-uL-Yrp2_min.jpg'),
(316, 88, '/uploads/objects/img/88/1541169650_3YkCK8KL.jpg', 261, '/uploads/objects/img/88/1541169650_3YkCK8KL_min.jpg'),
(317, 88, '/uploads/objects/img/88/1541169650_oziEgLuq.jpg', 262, '/uploads/objects/img/88/1541169650_oziEgLuq_min.jpg'),
(318, 88, '/uploads/objects/img/88/1541169678_mRXZ6nD5.jpg', 263, '/uploads/objects/img/88/1541169678_mRXZ6nD5_min.jpg'),
(319, 88, '/uploads/objects/img/88/1541169678_4G62FLwl.jpg', 264, '/uploads/objects/img/88/1541169678_4G62FLwl_min.jpg'),
(320, 88, '/uploads/objects/img/88/1541169714_TKKazyeq.jpg', 265, '/uploads/objects/img/88/1541169714_TKKazyeq_min.jpg'),
(321, 88, '/uploads/objects/img/88/1541169714_IhgZW502.jpg', 266, '/uploads/objects/img/88/1541169714_IhgZW502_min.jpg'),
(322, 88, '/uploads/objects/img/88/1541169714_t3VaL9JD.jpg', 267, '/uploads/objects/img/88/1541169714_t3VaL9JD_min.jpg'),
(323, 88, '/uploads/objects/img/88/1541169714_x-Db8mzX.jpg', 268, '/uploads/objects/img/88/1541169714_x-Db8mzX_min.jpg'),
(324, 88, '/uploads/objects/img/88/1541169714_UYIAKPt1.jpg', 269, '/uploads/objects/img/88/1541169714_UYIAKPt1_min.jpg'),
(325, 88, '/uploads/objects/img/88/1541409258_UZGtHpd0.jpg', 270, '/uploads/objects/img/88/1541409258_UZGtHpd0_min.jpg'),
(326, 90, '/uploads/objects/img/90/1541506904_IaihSFMr.jpg', 271, '/uploads/objects/img/90/1541506904_IaihSFMr_min.jpg'),
(327, 90, '/uploads/objects/img/90/1541506905_KrcwylK7.jpg', 272, '/uploads/objects/img/90/1541506905_KrcwylK7_min.jpg'),
(328, 90, '/uploads/objects/img/90/1541506905_I7eJNjqh.jpg', 273, '/uploads/objects/img/90/1541506905_I7eJNjqh_min.jpg'),
(329, 90, '/uploads/objects/img/90/1541506905_qq9bfPuu.jpg', 274, '/uploads/objects/img/90/1541506905_qq9bfPuu_min.jpg'),
(330, 90, '/uploads/objects/img/90/1541506905_T1ecLEHM.jpg', 275, '/uploads/objects/img/90/1541506905_T1ecLEHM_min.jpg'),
(331, 90, '/uploads/objects/img/90/1541506905_4gQa07qP.jpg', 276, '/uploads/objects/img/90/1541506905_4gQa07qP_min.jpg'),
(332, 90, '/uploads/objects/img/90/1541506905_et_-WS-j.jpg', 277, '/uploads/objects/img/90/1541506905_et_-WS-j_min.jpg'),
(333, 90, '/uploads/objects/img/90/1541506905_YoFlsdjn.pdf', 278, '/uploads/objects/img/90/1541506905_YoFlsdjn_min.pdf'),
(334, 91, '/uploads/objects/img/91/1541578429_qqyHC0uk.jpeg', 279, '/uploads/objects/img/91/1541578429_qqyHC0uk_min.jpeg'),
(335, 91, '/uploads/objects/img/91/1541578429_tc6ySmDT.jpeg', 280, '/uploads/objects/img/91/1541578429_tc6ySmDT_min.jpeg'),
(336, 91, '/uploads/objects/img/91/1541578429_ghmsgMDO.jpeg', 281, '/uploads/objects/img/91/1541578429_ghmsgMDO_min.jpeg'),
(337, 91, '/uploads/objects/img/91/1541578429_ZN74NCQK.jpeg', 282, '/uploads/objects/img/91/1541578429_ZN74NCQK_min.jpeg'),
(338, 91, '/uploads/objects/img/91/1541578429_eaBeien6.jpeg', 283, '/uploads/objects/img/91/1541578429_eaBeien6_min.jpeg'),
(339, 91, '/uploads/objects/img/91/1541578429_U3wpkhhC.jpeg', 284, '/uploads/objects/img/91/1541578429_U3wpkhhC_min.jpeg'),
(340, 91, '/uploads/objects/img/91/1541578429_iFuwUKP_.jpeg', 285, '/uploads/objects/img/91/1541578429_iFuwUKP__min.jpeg'),
(341, 91, '/uploads/objects/img/91/1541578429_6x2-AXNq.jpeg', 286, '/uploads/objects/img/91/1541578429_6x2-AXNq_min.jpeg'),
(342, 91, '/uploads/objects/img/91/1541578430_VufgeVPU.jpeg', 287, '/uploads/objects/img/91/1541578430_VufgeVPU_min.jpeg'),
(343, 91, '/uploads/objects/img/91/1541578430_QoD_q-3j.jpeg', 288, '/uploads/objects/img/91/1541578430_QoD_q-3j_min.jpeg'),
(345, 93, '/uploads/objects/img/93/1541584843_WH-tSXKo.jpeg', 290, '/uploads/objects/img/93/1541584843_WH-tSXKo_min.jpeg'),
(346, 93, '/uploads/objects/img/93/1541584843_x85941Df.jpeg', 291, '/uploads/objects/img/93/1541584843_x85941Df_min.jpeg'),
(347, 93, '/uploads/objects/img/93/1541584844_Uw7dC5m1.jpeg', 292, '/uploads/objects/img/93/1541584844_Uw7dC5m1_min.jpeg'),
(348, 93, '/uploads/objects/img/93/1541584844_PyMCV0x-.jpeg', 293, '/uploads/objects/img/93/1541584844_PyMCV0x-_min.jpeg'),
(349, 93, '/uploads/objects/img/93/1541584844_b28Kg3Rv.jpeg', 294, '/uploads/objects/img/93/1541584844_b28Kg3Rv_min.jpeg'),
(350, 93, '/uploads/objects/img/93/1541584844_HQnjt6eL.jpeg', 295, '/uploads/objects/img/93/1541584844_HQnjt6eL_min.jpeg'),
(351, 93, '/uploads/objects/img/93/1541584845_MWRL8Fcp.jpeg', 296, '/uploads/objects/img/93/1541584845_MWRL8Fcp_min.jpeg'),
(352, 93, '/uploads/objects/img/93/1541584845_JAWv9COq.jpeg', 297, '/uploads/objects/img/93/1541584845_JAWv9COq_min.jpeg'),
(353, 93, '/uploads/objects/img/93/1541584845_CtM7NcdQ.jpeg', 298, '/uploads/objects/img/93/1541584845_CtM7NcdQ_min.jpeg'),
(354, 93, '/uploads/objects/img/93/1541663126_9AMKATTX.jpg', 299, '/uploads/objects/img/93/1541663126_9AMKATTX_min.jpg'),
(355, 92, '/uploads/objects/img/92/1541663543_PT3JHrI4.jpg', 299, '/uploads/objects/img/92/1541663543_PT3JHrI4_min.jpg'),
(356, 92, '/uploads/objects/img/92/1541664544_uFSw9S8C.jpg', 300, '/uploads/objects/img/92/1541664544_uFSw9S8C_min.jpg'),
(357, 92, '/uploads/objects/img/92/1541665016_NufcugLn.jpg', 301, '/uploads/objects/img/92/1541665016_NufcugLn_min.jpg'),
(358, 92, '/uploads/objects/img/92/1541665020_uZpFpT83.jpg', 302, '/uploads/objects/img/92/1541665020_uZpFpT83_min.jpg'),
(359, 92, '/uploads/objects/img/92/1541665020_Kb2sWpiA.jpg', 303, '/uploads/objects/img/92/1541665020_Kb2sWpiA_min.jpg'),
(360, 92, '/uploads/objects/img/92/1541665020_Yx1TxOlB.jpg', 304, '/uploads/objects/img/92/1541665020_Yx1TxOlB_min.jpg'),
(361, 92, '/uploads/objects/img/92/1541665024_ia-PG4GB.jpg', 305, '/uploads/objects/img/92/1541665024_ia-PG4GB_min.jpg'),
(362, 92, '/uploads/objects/img/92/1541665025_pj6dmxd6.jpg', 306, '/uploads/objects/img/92/1541665025_pj6dmxd6_min.jpg'),
(363, 92, '/uploads/objects/img/92/1541665026_ZYPsqs8Q.jpg', 307, '/uploads/objects/img/92/1541665026_ZYPsqs8Q_min.jpg'),
(364, 92, '/uploads/objects/img/92/1541665027_8CczhiBY.jpg', 308, '/uploads/objects/img/92/1541665027_8CczhiBY_min.jpg'),
(365, 92, '/uploads/objects/img/92/1541665027_cC1gbDgQ.jpg', 309, '/uploads/objects/img/92/1541665027_cC1gbDgQ_min.jpg'),
(366, 92, '/uploads/objects/img/92/1541665922_POep7U_P.jpg', 310, '/uploads/objects/img/92/1541665922_POep7U_P_min.jpg'),
(367, 94, '/uploads/objects/img/94/1541668999_CQ-JyqKN.jpg', 311, '/uploads/objects/img/94/1541668999_CQ-JyqKN_min.jpg'),
(368, 94, '/uploads/objects/img/94/1541669000_h5GUt7bw.jpg', 312, '/uploads/objects/img/94/1541669000_h5GUt7bw_min.jpg'),
(369, 94, '/uploads/objects/img/94/1541669001_McNlmu4j.jpg', 313, '/uploads/objects/img/94/1541669001_McNlmu4j_min.jpg'),
(370, 94, '/uploads/objects/img/94/1541669001_ru4wsc21.jpg', 314, '/uploads/objects/img/94/1541669001_ru4wsc21_min.jpg'),
(371, 94, '/uploads/objects/img/94/1541669002_Tk-rvbmh.jpg', 315, '/uploads/objects/img/94/1541669002_Tk-rvbmh_min.jpg'),
(372, 94, '/uploads/objects/img/94/1541669002_YH9RPdAH.jpg', 316, '/uploads/objects/img/94/1541669002_YH9RPdAH_min.jpg'),
(373, 94, '/uploads/objects/img/94/1541669002_YQI19T6X.jpg', 317, '/uploads/objects/img/94/1541669002_YQI19T6X_min.jpg'),
(374, 94, '/uploads/objects/img/94/1541669003_YM_ekSRa.jpg', 318, '/uploads/objects/img/94/1541669003_YM_ekSRa_min.jpg'),
(375, 95, '/uploads/objects/img/95/1541768423_8QlQut5E.jpg', 319, '/uploads/objects/img/95/1541768423_8QlQut5E_min.jpg'),
(376, 95, '/uploads/objects/img/95/1541768423_iv_Ksp5x.jpg', 320, '/uploads/objects/img/95/1541768423_iv_Ksp5x_min.jpg'),
(377, 95, '/uploads/objects/img/95/1541768423_tYB77fA8.jpg', 321, '/uploads/objects/img/95/1541768423_tYB77fA8_min.jpg'),
(378, 95, '/uploads/objects/img/95/1541768423__xDcPEoZ.jpg', 322, '/uploads/objects/img/95/1541768423__xDcPEoZ_min.jpg'),
(379, 95, '/uploads/objects/img/95/1541768423_-RuR-iGI.jpg', 323, '/uploads/objects/img/95/1541768423_-RuR-iGI_min.jpg'),
(380, 95, '/uploads/objects/img/95/1541768423_8QfufmcM.jpg', 324, '/uploads/objects/img/95/1541768423_8QfufmcM_min.jpg'),
(381, 95, '/uploads/objects/img/95/1541768423_WMdyWSPR.jpg', 325, '/uploads/objects/img/95/1541768423_WMdyWSPR_min.jpg'),
(382, 96, '/uploads/objects/img/96/1541771155_u-ezVmTe.jpg', 326, '/uploads/objects/img/96/1541771155_u-ezVmTe_min.jpg'),
(383, 96, '/uploads/objects/img/96/1541771155_CBCGszeG.jpg', 327, '/uploads/objects/img/96/1541771155_CBCGszeG_min.jpg'),
(384, 96, '/uploads/objects/img/96/1541771156_1LK67eFH.jpg', 328, '/uploads/objects/img/96/1541771156_1LK67eFH_min.jpg'),
(385, 96, '/uploads/objects/img/96/1541771157_p-Bx7GZS.jpg', 329, '/uploads/objects/img/96/1541771157_p-Bx7GZS_min.jpg'),
(386, 96, '/uploads/objects/img/96/1541771158_yZfeBxLy.jpg', 330, '/uploads/objects/img/96/1541771158_yZfeBxLy_min.jpg'),
(387, 96, '/uploads/objects/img/96/1541771158_cSYLzJOz.jpg', 331, '/uploads/objects/img/96/1541771158_cSYLzJOz_min.jpg'),
(388, 96, '/uploads/objects/img/96/1541771159_ZDPeJqaV.jpg', 332, '/uploads/objects/img/96/1541771159_ZDPeJqaV_min.jpg'),
(389, 96, '/uploads/objects/img/96/1541771159_qnF8lwJ-.jpg', 333, '/uploads/objects/img/96/1541771159_qnF8lwJ-_min.jpg'),
(390, 97, '/uploads/objects/img/97/1542016031_56d57-x2.jpg', 334, '/uploads/objects/img/97/1542016031_56d57-x2_min.jpg'),
(391, 97, '/uploads/objects/img/97/1542016032_Kz85F2QI.jpg', 335, '/uploads/objects/img/97/1542016032_Kz85F2QI_min.jpg'),
(392, 97, '/uploads/objects/img/97/1542016032_AXWkcfIC.jpg', 336, '/uploads/objects/img/97/1542016032_AXWkcfIC_min.jpg'),
(393, 97, '/uploads/objects/img/97/1542016032_8KAHDW9P.jpg', 337, '/uploads/objects/img/97/1542016032_8KAHDW9P_min.jpg'),
(394, 97, '/uploads/objects/img/97/1542016032_VyUUTUcD.jpg', 338, '/uploads/objects/img/97/1542016032_VyUUTUcD_min.jpg'),
(395, 98, '/uploads/objects/img/98/1542017972_robiM0O6.jpg', 339, '/uploads/objects/img/98/1542017972_robiM0O6_min.jpg'),
(396, 98, '/uploads/objects/img/98/1542017975_-OxAe5O1.jpg', 340, '/uploads/objects/img/98/1542017975_-OxAe5O1_min.jpg'),
(397, 98, '/uploads/objects/img/98/1542017975_Zj5LoyTE.jpg', 341, '/uploads/objects/img/98/1542017975_Zj5LoyTE_min.jpg'),
(398, 98, '/uploads/objects/img/98/1542017976_mkg6pvs5.jpg', 342, '/uploads/objects/img/98/1542017976_mkg6pvs5_min.jpg'),
(399, 98, '/uploads/objects/img/98/1542017978_AfIGRhoh.jpg', 343, '/uploads/objects/img/98/1542017978_AfIGRhoh_min.jpg'),
(400, 98, '/uploads/objects/img/98/1542017979_ZQf2S7zq.jpg', 344, '/uploads/objects/img/98/1542017979_ZQf2S7zq_min.jpg'),
(401, 98, '/uploads/objects/img/98/1542017979_OUEjWPow.jpg', 345, '/uploads/objects/img/98/1542017979_OUEjWPow_min.jpg'),
(402, 99, '/uploads/objects/img/99/1542020959_OsfophK8.jpg', 346, '/uploads/objects/img/99/1542020959_OsfophK8_min.jpg'),
(403, 99, '/uploads/objects/img/99/1542020959_mc8vJTbN.jpg', 1, '/uploads/objects/img/99/1542020959_mc8vJTbN_min.jpg'),
(404, 99, '/uploads/objects/img/99/1542020959_d-Hi4cPd.jpg', 0, '/uploads/objects/img/99/1542020959_d-Hi4cPd_min.jpg'),
(405, 98, '/uploads/objects/img/98/1542023285_h_h82kwx.jpg', 349, '/uploads/objects/img/98/1542023285_h_h82kwx_min.jpg'),
(406, 97, '/uploads/objects/img/97/1542024732_SEKpWjMj.jpg', 350, '/uploads/objects/img/97/1542024732_SEKpWjMj_min.jpg'),
(407, 97, '/uploads/objects/img/97/1542024732_LYo85SmA.jpg', 351, '/uploads/objects/img/97/1542024732_LYo85SmA_min.jpg'),
(408, 97, '/uploads/objects/img/97/1542024732_kiJaXeCY.jpg', 352, '/uploads/objects/img/97/1542024732_kiJaXeCY_min.jpg'),
(409, 100, '/uploads/objects/img/100/1542032910_XCPKTwaf.jpg', 353, '/uploads/objects/img/100/1542032910_XCPKTwaf_min.jpg'),
(410, 100, '/uploads/objects/img/100/1542032911_VkRLX4r7.jpg', 354, '/uploads/objects/img/100/1542032911_VkRLX4r7_min.jpg'),
(411, 100, '/uploads/objects/img/100/1542032911_xxGnmoUg.jpg', 355, '/uploads/objects/img/100/1542032911_xxGnmoUg_min.jpg'),
(412, 100, '/uploads/objects/img/100/1542032911_mosc20kx.jpg', 356, '/uploads/objects/img/100/1542032911_mosc20kx_min.jpg'),
(413, 100, '/uploads/objects/img/100/1542032911_eTtbupGg.jpg', 357, '/uploads/objects/img/100/1542032911_eTtbupGg_min.jpg'),
(414, 100, '/uploads/objects/img/100/1542032912_vPhwCe-G.jpg', 358, '/uploads/objects/img/100/1542032912_vPhwCe-G_min.jpg'),
(415, 100, '/uploads/objects/img/100/1542032912_xj4MHKk8.jpg', 359, '/uploads/objects/img/100/1542032912_xj4MHKk8_min.jpg'),
(416, 100, '/uploads/objects/img/100/1542032912_dxfkRnBC.png', 360, '/uploads/objects/img/100/1542032912_dxfkRnBC_min.png'),
(417, 100, '/uploads/objects/img/100/1542032912_Fal7YwRu.jpg', 361, '/uploads/objects/img/100/1542032912_Fal7YwRu_min.jpg'),
(418, 100, '/uploads/objects/img/100/1542032912_CVNmneBX.jpg', 362, '/uploads/objects/img/100/1542032912_CVNmneBX_min.jpg'),
(419, 99, '/uploads/objects/img/99/1542034077_VyNpaUpp.jpg', 363, '/uploads/objects/img/99/1542034077_VyNpaUpp_min.jpg'),
(420, 96, '/uploads/objects/img/96/1542035424_R0KFPWnI.jpg', 364, '/uploads/objects/img/96/1542035424_R0KFPWnI_min.jpg'),
(421, 101, '/uploads/objects/img/101/1542102117_VJUaAKGp.jpg', 365, '/uploads/objects/img/101/1542102117_VJUaAKGp_min.jpg'),
(422, 101, '/uploads/objects/img/101/1542102117_Rnn2eFTU.jpg', 366, '/uploads/objects/img/101/1542102117_Rnn2eFTU_min.jpg'),
(423, 101, '/uploads/objects/img/101/1542102117__ulRliRO.jpg', 367, '/uploads/objects/img/101/1542102117__ulRliRO_min.jpg'),
(424, 101, '/uploads/objects/img/101/1542102117_Q3h1zvUI.jpg', 368, '/uploads/objects/img/101/1542102117_Q3h1zvUI_min.jpg'),
(425, 101, '/uploads/objects/img/101/1542102117_oCF4Gf1Z.jpg', 369, '/uploads/objects/img/101/1542102117_oCF4Gf1Z_min.jpg'),
(426, 101, '/uploads/objects/img/101/1542102117_Iupi3Cr8.jpg', 370, '/uploads/objects/img/101/1542102117_Iupi3Cr8_min.jpg'),
(427, 101, '/uploads/objects/img/101/1542102118_pccREVPy.jpg', 371, '/uploads/objects/img/101/1542102118_pccREVPy_min.jpg'),
(428, 101, '/uploads/objects/img/101/1542102118__vv0FtvP.jpg', 372, '/uploads/objects/img/101/1542102118__vv0FtvP_min.jpg'),
(429, 101, '/uploads/objects/img/101/1542102118_bBI52z4P.jpg', 373, '/uploads/objects/img/101/1542102118_bBI52z4P_min.jpg'),
(430, 101, '/uploads/objects/img/101/1542102118_rhBSV87Y.png', 374, '/uploads/objects/img/101/1542102118_rhBSV87Y_min.png'),
(431, 102, '/uploads/objects/img/102/1542106765_XtyN0xse.jpeg', 375, '/uploads/objects/img/102/1542106765_XtyN0xse_min.jpeg'),
(432, 102, '/uploads/objects/img/102/1542106765_fiURBTYE.jpeg', 376, '/uploads/objects/img/102/1542106765_fiURBTYE_min.jpeg'),
(433, 102, '/uploads/objects/img/102/1542106765_mb_GREvP.jpeg', 377, '/uploads/objects/img/102/1542106765_mb_GREvP_min.jpeg'),
(434, 102, '/uploads/objects/img/102/1542106765_7wjbNi6t.jpeg', 378, '/uploads/objects/img/102/1542106765_7wjbNi6t_min.jpeg'),
(435, 102, '/uploads/objects/img/102/1542106766_ju4UgH3K.jpeg', 379, '/uploads/objects/img/102/1542106766_ju4UgH3K_min.jpeg'),
(436, 102, '/uploads/objects/img/102/1542106766_7JR3yMrl.jpeg', 380, '/uploads/objects/img/102/1542106766_7JR3yMrl_min.jpeg'),
(437, 102, '/uploads/objects/img/102/1542106766_SmlzA8JD.jpeg', 381, '/uploads/objects/img/102/1542106766_SmlzA8JD_min.jpeg'),
(438, 102, '/uploads/objects/img/102/1542106766_MmMyInxP.jpeg', 382, '/uploads/objects/img/102/1542106766_MmMyInxP_min.jpeg'),
(439, 101, '/uploads/objects/img/101/1542111094_kJyamBkS.jpg', 383, '/uploads/objects/img/101/1542111094_kJyamBkS_min.jpg'),
(440, 103, '/uploads/objects/img/103/1542195050_oGArnjOP.jpg', 384, '/uploads/objects/img/103/1542195050_oGArnjOP_min.jpg'),
(441, 103, '/uploads/objects/img/103/1542195051_kWpNRTen.png', 385, '/uploads/objects/img/103/1542195051_kWpNRTen_min.png'),
(442, 103, '/uploads/objects/img/103/1542195051_WApDlkFk.jpg', 386, '/uploads/objects/img/103/1542195051_WApDlkFk_min.jpg'),
(443, 103, '/uploads/objects/img/103/1542195052_JTkpKaHT.jpg', 387, '/uploads/objects/img/103/1542195052_JTkpKaHT_min.jpg'),
(444, 104, '/uploads/objects/img/104/1542197221_rgvug7TO.jpg', 388, '/uploads/objects/img/104/1542197221_rgvug7TO_min.jpg'),
(445, 104, '/uploads/objects/img/104/1542197221_2QibHSCn.jpg', 389, '/uploads/objects/img/104/1542197221_2QibHSCn_min.jpg'),
(446, 104, '/uploads/objects/img/104/1542197222_NkVijmWq.jpg', 390, '/uploads/objects/img/104/1542197222_NkVijmWq_min.jpg'),
(447, 104, '/uploads/objects/img/104/1542197222_AWwdNQ_b.jpg', 391, '/uploads/objects/img/104/1542197222_AWwdNQ_b_min.jpg'),
(448, 104, '/uploads/objects/img/104/1542197222_u3l3lJBJ.jpg', 392, '/uploads/objects/img/104/1542197222_u3l3lJBJ_min.jpg'),
(449, 104, '/uploads/objects/img/104/1542197222_oyd4V8Th.jpg', 393, '/uploads/objects/img/104/1542197222_oyd4V8Th_min.jpg'),
(450, 104, '/uploads/objects/img/104/1542197223_Kqrf17G3.jpg', 394, '/uploads/objects/img/104/1542197223_Kqrf17G3_min.jpg'),
(451, 105, '/uploads/objects/img/105/1542203856_HfdHw-qE.jpg', 395, '/uploads/objects/img/105/1542203856_HfdHw-qE_min.jpg'),
(452, 105, '/uploads/objects/img/105/1542203857_cWUFJSh2.jpg', 396, '/uploads/objects/img/105/1542203857_cWUFJSh2_min.jpg'),
(453, 105, '/uploads/objects/img/105/1542203857_QAk3ksFl.jpg', 397, '/uploads/objects/img/105/1542203857_QAk3ksFl_min.jpg'),
(454, 105, '/uploads/objects/img/105/1542215188_5tvh9DLD.jpg', 398, '/uploads/objects/img/105/1542215188_5tvh9DLD_min.jpg'),
(455, 106, '/uploads/objects/img/106/1542279489_NjZzpvOW.jpg', 399, '/uploads/objects/img/106/1542279489_NjZzpvOW_min.jpg'),
(456, 106, '/uploads/objects/img/106/1542279489_Lm3RA2DH.jpg', 400, '/uploads/objects/img/106/1542279489_Lm3RA2DH_min.jpg'),
(457, 106, '/uploads/objects/img/106/1542279489_sMUspECj.jpg', 401, '/uploads/objects/img/106/1542279489_sMUspECj_min.jpg'),
(458, 106, '/uploads/objects/img/106/1542279489_ZgjK7i18.jpg', 402, '/uploads/objects/img/106/1542279489_ZgjK7i18_min.jpg'),
(459, 106, '/uploads/objects/img/106/1542279489_s19Q_k70.jpg', 403, '/uploads/objects/img/106/1542279489_s19Q_k70_min.jpg'),
(460, 106, '/uploads/objects/img/106/1542279489_sQbqjOdr.jpg', 404, '/uploads/objects/img/106/1542279489_sQbqjOdr_min.jpg'),
(461, 106, '/uploads/objects/img/106/1542279490_QRO2ABXt.jpg', 405, '/uploads/objects/img/106/1542279490_QRO2ABXt_min.jpg'),
(462, 106, '/uploads/objects/img/106/1542279490_Wb8VdJvx.jpg', 406, '/uploads/objects/img/106/1542279490_Wb8VdJvx_min.jpg'),
(463, 106, '/uploads/objects/img/106/1542279490_cZrCwRDn.png', 407, '/uploads/objects/img/106/1542279490_cZrCwRDn_min.png'),
(464, 107, '/uploads/objects/img/107/1542288789_nrv7hCCj.jpeg', 408, '/uploads/objects/img/107/1542288789_nrv7hCCj_min.jpeg'),
(465, 107, '/uploads/objects/img/107/1542288789_sG9MO0C0.jpeg', 409, '/uploads/objects/img/107/1542288789_sG9MO0C0_min.jpeg'),
(466, 107, '/uploads/objects/img/107/1542288789_SLxjlJ70.jpeg', 410, '/uploads/objects/img/107/1542288789_SLxjlJ70_min.jpeg'),
(467, 107, '/uploads/objects/img/107/1542288789_aXKMX_lA.jpeg', 411, '/uploads/objects/img/107/1542288789_aXKMX_lA_min.jpeg'),
(468, 107, '/uploads/objects/img/107/1542288790_ES8lvXFJ.jpeg', 412, '/uploads/objects/img/107/1542288790_ES8lvXFJ_min.jpeg'),
(469, 107, '/uploads/objects/img/107/1542288790_xkbtInKS.jpeg', 413, '/uploads/objects/img/107/1542288790_xkbtInKS_min.jpeg'),
(470, 107, '/uploads/objects/img/107/1542288790_wksQPP4X.jpeg', 414, '/uploads/objects/img/107/1542288790_wksQPP4X_min.jpeg');
INSERT INTO `object_img` (`id`, `object_id`, `img`, `sort`, `img_min`) VALUES
(471, 107, '/uploads/objects/img/107/1542288790_zvMqBraq.jpeg', 415, '/uploads/objects/img/107/1542288790_zvMqBraq_min.jpeg'),
(472, 107, '/uploads/objects/img/107/1542288790_F7liHz6s.jpeg', 416, '/uploads/objects/img/107/1542288790_F7liHz6s_min.jpeg'),
(473, 107, '/uploads/objects/img/107/1542288790_3r57ymmJ.jpeg', 417, '/uploads/objects/img/107/1542288790_3r57ymmJ_min.jpeg'),
(474, 107, '/uploads/objects/img/107/1542288798_XyjhJbYd.jpeg', 418, '/uploads/objects/img/107/1542288798_XyjhJbYd_min.jpeg'),
(475, 108, '/uploads/objects/img/108/1542349887_7CsdlrJ4.jpg', 419, '/uploads/objects/img/108/1542349887_7CsdlrJ4_min.jpg'),
(476, 108, '/uploads/objects/img/108/1542349890_xW8HiXYE.jpg', 420, '/uploads/objects/img/108/1542349890_xW8HiXYE_min.jpg'),
(477, 108, '/uploads/objects/img/108/1542349890_L2f2L8Aw.jpg', 421, '/uploads/objects/img/108/1542349890_L2f2L8Aw_min.jpg'),
(478, 108, '/uploads/objects/img/108/1542349890_VNPIcaud.jpg', 422, '/uploads/objects/img/108/1542349890_VNPIcaud_min.jpg'),
(479, 108, '/uploads/objects/img/108/1542349890_d5GowcR9.jpg', 423, '/uploads/objects/img/108/1542349890_d5GowcR9_min.jpg'),
(480, 108, '/uploads/objects/img/108/1542349891_xh9a1sZE.jpg', 424, '/uploads/objects/img/108/1542349891_xh9a1sZE_min.jpg'),
(481, 108, '/uploads/objects/img/108/1542349892_TRkNu5v7.pdf', 425, '/uploads/objects/img/108/1542349892_TRkNu5v7_min.pdf'),
(482, 108, '/uploads/objects/img/108/1542349892_RMUcIQrM.jpg', 426, '/uploads/objects/img/108/1542349892_RMUcIQrM_min.jpg'),
(483, 108, '/uploads/objects/img/108/1542349893_26vxgfHp.jpg', 427, '/uploads/objects/img/108/1542349893_26vxgfHp_min.jpg'),
(484, 108, '/uploads/objects/img/108/1542349893_R6glvtpz.jpg', 428, '/uploads/objects/img/108/1542349893_R6glvtpz_min.jpg'),
(485, 109, '/uploads/objects/img/109/1542351992_iZAKDTSx.jpg', 429, '/uploads/objects/img/109/1542351992_iZAKDTSx_min.jpg'),
(486, 109, '/uploads/objects/img/109/1542351992_oB8m-9Xi.jpg', 430, '/uploads/objects/img/109/1542351992_oB8m-9Xi_min.jpg'),
(487, 109, '/uploads/objects/img/109/1542351994_qiNqqnL2.jpg', 431, '/uploads/objects/img/109/1542351994_qiNqqnL2_min.jpg'),
(488, 109, '/uploads/objects/img/109/1542351996_u7i_vOG_.jpg', 432, '/uploads/objects/img/109/1542351996_u7i_vOG__min.jpg'),
(489, 109, '/uploads/objects/img/109/1542351997_oIacWRa2.jpg', 433, '/uploads/objects/img/109/1542351997_oIacWRa2_min.jpg'),
(490, 109, '/uploads/objects/img/109/1542351997_HRWQ9ml4.jpg', 434, '/uploads/objects/img/109/1542351997_HRWQ9ml4_min.jpg'),
(491, 109, '/uploads/objects/img/109/1542351997_xv-OL9EJ.jpg', 435, '/uploads/objects/img/109/1542351997_xv-OL9EJ_min.jpg'),
(492, 109, '/uploads/objects/img/109/1542351997_RosAsWBo.jpg', 436, '/uploads/objects/img/109/1542351997_RosAsWBo_min.jpg'),
(493, 109, '/uploads/objects/img/109/1542351998_g1pd6_xn.jpg', 437, '/uploads/objects/img/109/1542351998_g1pd6_xn_min.jpg'),
(494, 109, '/uploads/objects/img/109/1542351998_Hze0iPiv.jpg', 438, '/uploads/objects/img/109/1542351998_Hze0iPiv_min.jpg'),
(495, 110, '/uploads/objects/img/110/1542353232_T6VNN6PR.jpg', 439, '/uploads/objects/img/110/1542353232_T6VNN6PR_min.jpg'),
(496, 110, '/uploads/objects/img/110/1542353234_YFv7eDL-.jpg', 440, '/uploads/objects/img/110/1542353234_YFv7eDL-_min.jpg'),
(497, 110, '/uploads/objects/img/110/1542353234_z0wtzAPW.jpg', 441, '/uploads/objects/img/110/1542353234_z0wtzAPW_min.jpg'),
(498, 110, '/uploads/objects/img/110/1542353234_zMyDYnRS.jpg', 442, '/uploads/objects/img/110/1542353234_zMyDYnRS_min.jpg'),
(499, 110, '/uploads/objects/img/110/1542353235_Oyxo-1ME.jpg', 443, '/uploads/objects/img/110/1542353235_Oyxo-1ME_min.jpg'),
(500, 110, '/uploads/objects/img/110/1542353235_1auLOuj1.jpg', 444, '/uploads/objects/img/110/1542353235_1auLOuj1_min.jpg'),
(501, 110, '/uploads/objects/img/110/1542353236_-a5sdrg9.jpg', 445, '/uploads/objects/img/110/1542353236_-a5sdrg9_min.jpg'),
(502, 111, '/uploads/objects/img/111/1542358625_WT6teTOy.jpg', 446, '/uploads/objects/img/111/1542358625_WT6teTOy_min.jpg'),
(503, 111, '/uploads/objects/img/111/1542358626_83ZiZxWl.jpg', 447, '/uploads/objects/img/111/1542358626_83ZiZxWl_min.jpg'),
(504, 111, '/uploads/objects/img/111/1542358626_BI6p9YoJ.jpg', 448, '/uploads/objects/img/111/1542358626_BI6p9YoJ_min.jpg'),
(505, 111, '/uploads/objects/img/111/1542358626_D9gfym6b.jpg', 449, '/uploads/objects/img/111/1542358626_D9gfym6b_min.jpg'),
(506, 111, '/uploads/objects/img/111/1542358626_zi2AMoRG.jpg', 450, '/uploads/objects/img/111/1542358626_zi2AMoRG_min.jpg'),
(507, 111, '/uploads/objects/img/111/1542358626_Fw_IZ72B.jpg', 451, '/uploads/objects/img/111/1542358626_Fw_IZ72B_min.jpg'),
(508, 111, '/uploads/objects/img/111/1542358637_yAI3i8GW.jpg', 452, '/uploads/objects/img/111/1542358637_yAI3i8GW_min.jpg'),
(509, 111, '/uploads/objects/img/111/1542358637_a6WS73Qo.jpg', 453, '/uploads/objects/img/111/1542358637_a6WS73Qo_min.jpg'),
(510, 111, '/uploads/objects/img/111/1542358638_GbdS7Jez.jpg', 454, '/uploads/objects/img/111/1542358638_GbdS7Jez_min.jpg'),
(511, 111, '/uploads/objects/img/111/1542358638_oQ5nqvBZ.jpg', 455, '/uploads/objects/img/111/1542358638_oQ5nqvBZ_min.jpg'),
(512, 111, '/uploads/objects/img/111/1542358638_ep1VufU-.jpg', 456, '/uploads/objects/img/111/1542358638_ep1VufU-_min.jpg'),
(513, 111, '/uploads/objects/img/111/1542358638_oHHttfv5.jpg', 457, '/uploads/objects/img/111/1542358638_oHHttfv5_min.jpg'),
(514, 111, '/uploads/objects/img/111/1542358647_3Uyjeh7B.jpg', 458, '/uploads/objects/img/111/1542358647_3Uyjeh7B_min.jpg'),
(515, 111, '/uploads/objects/img/111/1542358647_Eu4KqWjO.jpg', 459, '/uploads/objects/img/111/1542358647_Eu4KqWjO_min.jpg'),
(516, 111, '/uploads/objects/img/111/1542358647_NkkQig3n.jpg', 460, '/uploads/objects/img/111/1542358647_NkkQig3n_min.jpg'),
(517, 111, '/uploads/objects/img/111/1542358648_xaT4dRd2.jpg', 461, '/uploads/objects/img/111/1542358648_xaT4dRd2_min.jpg'),
(518, 111, '/uploads/objects/img/111/1542358648_aFW4REY3.jpg', 462, '/uploads/objects/img/111/1542358648_aFW4REY3_min.jpg'),
(519, 111, '/uploads/objects/img/111/1542358648_NB_wj6QZ.jpg', 463, '/uploads/objects/img/111/1542358648_NB_wj6QZ_min.jpg'),
(520, 111, '/uploads/objects/img/111/1542358648_8srlLOBH.jpg', 464, '/uploads/objects/img/111/1542358648_8srlLOBH_min.jpg'),
(521, 112, '/uploads/objects/img/112/1542633121_iSAU0ORR.jpg', 465, '/uploads/objects/img/112/1542633121_iSAU0ORR_min.jpg'),
(522, 112, '/uploads/objects/img/112/1542633121_TXgLZ3S_.jpg', 466, '/uploads/objects/img/112/1542633121_TXgLZ3S__min.jpg'),
(523, 112, '/uploads/objects/img/112/1542633122_dLfJezLi.jpg', 467, '/uploads/objects/img/112/1542633122_dLfJezLi_min.jpg'),
(524, 112, '/uploads/objects/img/112/1542633122_XD5iF5W7.jpg', 468, '/uploads/objects/img/112/1542633122_XD5iF5W7_min.jpg'),
(525, 112, '/uploads/objects/img/112/1542633122_XCgdS5y1.jpg', 469, '/uploads/objects/img/112/1542633122_XCgdS5y1_min.jpg'),
(526, 112, '/uploads/objects/img/112/1542633123_8SN8KD0x.jpg', 470, '/uploads/objects/img/112/1542633123_8SN8KD0x_min.jpg'),
(527, 112, '/uploads/objects/img/112/1542633123_Q5HrW_6B.jpg', 471, '/uploads/objects/img/112/1542633123_Q5HrW_6B_min.jpg'),
(528, 112, '/uploads/objects/img/112/1542633123_8hKlXucs.jpg', 472, '/uploads/objects/img/112/1542633123_8hKlXucs_min.jpg'),
(529, 112, '/uploads/objects/img/112/1542633123_tvDgJlJM.jpg', 473, '/uploads/objects/img/112/1542633123_tvDgJlJM_min.jpg'),
(530, 112, '/uploads/objects/img/112/1542633124_nNbh56bv.jpg', 474, '/uploads/objects/img/112/1542633124_nNbh56bv_min.jpg'),
(531, 115, '/uploads/objects/img/115/1542717084_XK5nkxai.jpg', 475, '/uploads/objects/img/115/1542717084_XK5nkxai_min.jpg'),
(532, 115, '/uploads/objects/img/115/1542717084_SFpGMVZE.jpg', 476, '/uploads/objects/img/115/1542717084_SFpGMVZE_min.jpg'),
(533, 115, '/uploads/objects/img/115/1542717084_DnIcAyFv.jpg', 477, '/uploads/objects/img/115/1542717084_DnIcAyFv_min.jpg'),
(534, 115, '/uploads/objects/img/115/1542717084_J33-Bp1s.jpg', 478, '/uploads/objects/img/115/1542717084_J33-Bp1s_min.jpg'),
(535, 115, '/uploads/objects/img/115/1542717084_jDhxjwW4.jpg', 479, '/uploads/objects/img/115/1542717084_jDhxjwW4_min.jpg'),
(536, 115, '/uploads/objects/img/115/1542717084__wv6ZTmq.jpg', 480, '/uploads/objects/img/115/1542717084__wv6ZTmq_min.jpg'),
(537, 115, '/uploads/objects/img/115/1542717084_ESWnUxQv.jpg', 481, '/uploads/objects/img/115/1542717084_ESWnUxQv_min.jpg'),
(538, 115, '/uploads/objects/img/115/1542717084_EYD_ZaDf.jpg', 482, '/uploads/objects/img/115/1542717084_EYD_ZaDf_min.jpg'),
(539, 115, '/uploads/objects/img/115/1542717084_Lw1JQgK0.jpg', 483, '/uploads/objects/img/115/1542717084_Lw1JQgK0_min.jpg'),
(540, 115, '/uploads/objects/img/115/1542717084_oqHeOh4s.jpg', 484, '/uploads/objects/img/115/1542717084_oqHeOh4s_min.jpg'),
(541, 115, '/uploads/objects/img/115/1542717100__2ey2Cqg.jpg', 485, '/uploads/objects/img/115/1542717100__2ey2Cqg_min.jpg'),
(542, 115, '/uploads/objects/img/115/1542717100_yYdMUowL.jpg', 486, '/uploads/objects/img/115/1542717100_yYdMUowL_min.jpg'),
(543, 115, '/uploads/objects/img/115/1542717100__XonXov-.jpg', 487, '/uploads/objects/img/115/1542717100__XonXov-_min.jpg'),
(544, 115, '/uploads/objects/img/115/1542717100__nBsWq0r.jpg', 488, '/uploads/objects/img/115/1542717100__nBsWq0r_min.jpg'),
(545, 115, '/uploads/objects/img/115/1542717100_VTiCNwak.jpg', 489, '/uploads/objects/img/115/1542717100_VTiCNwak_min.jpg'),
(546, 115, '/uploads/objects/img/115/1542717100_r6RCZB-w.jpg', 490, '/uploads/objects/img/115/1542717100_r6RCZB-w_min.jpg'),
(547, 115, '/uploads/objects/img/115/1542717100_yyv0XtX7.jpg', 491, '/uploads/objects/img/115/1542717100_yyv0XtX7_min.jpg'),
(548, 117, '/uploads/objects/img/117/1542803964_hVWyUt5S.jpg', 492, '/uploads/objects/img/117/1542803964_hVWyUt5S_min.jpg'),
(549, 117, '/uploads/objects/img/117/1542803965_sXzHZ_VZ.jpg', 493, '/uploads/objects/img/117/1542803965_sXzHZ_VZ_min.jpg'),
(550, 117, '/uploads/objects/img/117/1542803965_UO0w_w4U.jpg', 494, '/uploads/objects/img/117/1542803965_UO0w_w4U_min.jpg'),
(551, 117, '/uploads/objects/img/117/1542803965_l2lPAyZq.jpg', 495, '/uploads/objects/img/117/1542803965_l2lPAyZq_min.jpg'),
(552, 117, '/uploads/objects/img/117/1542803965_VKxY3Djn.jpg', 496, '/uploads/objects/img/117/1542803965_VKxY3Djn_min.jpg'),
(553, 117, '/uploads/objects/img/117/1542803965_iwiKiK36.jpg', 497, '/uploads/objects/img/117/1542803965_iwiKiK36_min.jpg'),
(554, 117, '/uploads/objects/img/117/1542803965_69ihFi9H.jpg', 498, '/uploads/objects/img/117/1542803965_69ihFi9H_min.jpg'),
(564, 116, '/uploads/objects/img/116/1542805350_btFcS5Mo.jpg', 499, '/uploads/objects/img/116/1542805350_btFcS5Mo_min.jpg'),
(565, 116, '/uploads/objects/img/116/1542805351_gC15-VOc.jpg', 500, '/uploads/objects/img/116/1542805351_gC15-VOc_min.jpg'),
(566, 116, '/uploads/objects/img/116/1542805351_yY7ufYEc.jpg', 501, '/uploads/objects/img/116/1542805351_yY7ufYEc_min.jpg'),
(567, 116, '/uploads/objects/img/116/1542805351_kCKaW20E.jpg', 502, '/uploads/objects/img/116/1542805351_kCKaW20E_min.jpg'),
(568, 116, '/uploads/objects/img/116/1542805352_SD8BV4p8.jpg', 503, '/uploads/objects/img/116/1542805352_SD8BV4p8_min.jpg'),
(569, 116, '/uploads/objects/img/116/1542805352_5bNFVGGJ.jpg', 504, '/uploads/objects/img/116/1542805352_5bNFVGGJ_min.jpg'),
(570, 116, '/uploads/objects/img/116/1542805353_bS3Kzau-.jpg', 505, '/uploads/objects/img/116/1542805353_bS3Kzau-_min.jpg'),
(571, 116, '/uploads/objects/img/116/1542805354_yTxwxMIl.jpg', 506, '/uploads/objects/img/116/1542805354_yTxwxMIl_min.jpg'),
(572, 118, '/uploads/objects/img/118/1542964703_OT-C8oFJ.jpg', 507, '/uploads/objects/img/118/1542964703_OT-C8oFJ_min.jpg'),
(573, 118, '/uploads/objects/img/118/1542964704_fkyCjYDU.jpg', 508, '/uploads/objects/img/118/1542964704_fkyCjYDU_min.jpg'),
(574, 118, '/uploads/objects/img/118/1542964704_1gawBHlY.jpg', 509, '/uploads/objects/img/118/1542964704_1gawBHlY_min.jpg'),
(575, 118, '/uploads/objects/img/118/1542964704_K8lp76xl.jpg', 510, '/uploads/objects/img/118/1542964704_K8lp76xl_min.jpg'),
(576, 118, '/uploads/objects/img/118/1542964704_FKiQ4yMg.jpg', 511, '/uploads/objects/img/118/1542964704_FKiQ4yMg_min.jpg'),
(577, 118, '/uploads/objects/img/118/1542964704_fmtxcY8e.jpg', 512, '/uploads/objects/img/118/1542964704_fmtxcY8e_min.jpg'),
(578, 118, '/uploads/objects/img/118/1542964704_u2hIO--_.jpg', 513, '/uploads/objects/img/118/1542964704_u2hIO--__min.jpg'),
(579, 119, '/uploads/objects/img/119/1542976386_yR2zRfmw.jpeg', 514, '/uploads/objects/img/119/1542976386_yR2zRfmw_min.jpeg'),
(580, 119, '/uploads/objects/img/119/1542976386_5yI3Z7TH.jpeg', 515, '/uploads/objects/img/119/1542976386_5yI3Z7TH_min.jpeg'),
(581, 119, '/uploads/objects/img/119/1542976386_RFIsNypj.jpeg', 516, '/uploads/objects/img/119/1542976386_RFIsNypj_min.jpeg'),
(582, 119, '/uploads/objects/img/119/1542976387_yppQDdqV.png', 517, '/uploads/objects/img/119/1542976387_yppQDdqV_min.png'),
(583, 120, '/uploads/objects/img/120/1543305445_luDXXlp0.jpg', 518, '/uploads/objects/img/120/1543305445_luDXXlp0_min.jpg'),
(584, 120, '/uploads/objects/img/120/1543305445_69oJKtF5.jpg', 519, '/uploads/objects/img/120/1543305445_69oJKtF5_min.jpg'),
(585, 120, '/uploads/objects/img/120/1543305445_X1xpIi0z.jpg', 520, '/uploads/objects/img/120/1543305445_X1xpIi0z_min.jpg'),
(586, 120, '/uploads/objects/img/120/1543305445_NjMT-qRf.jpg', 521, '/uploads/objects/img/120/1543305445_NjMT-qRf_min.jpg'),
(587, 120, '/uploads/objects/img/120/1543305452_BJFNiiJa.jpg', 522, '/uploads/objects/img/120/1543305452_BJFNiiJa_min.jpg'),
(588, 121, '/uploads/objects/img/121/1543309869_pc73pxuP.jpg', 523, '/uploads/objects/img/121/1543309869_pc73pxuP_min.jpg'),
(589, 121, '/uploads/objects/img/121/1543309870_ezHMGMUN.jpg', 524, '/uploads/objects/img/121/1543309870_ezHMGMUN_min.jpg'),
(590, 121, '/uploads/objects/img/121/1543309871_X5Os1b1S.jpg', 525, '/uploads/objects/img/121/1543309871_X5Os1b1S_min.jpg'),
(591, 121, '/uploads/objects/img/121/1543309872_iLuQrxN_.jpg', 526, '/uploads/objects/img/121/1543309872_iLuQrxN__min.jpg'),
(592, 121, '/uploads/objects/img/121/1543309872_E9hms157.jpg', 527, '/uploads/objects/img/121/1543309872_E9hms157_min.jpg'),
(593, 121, '/uploads/objects/img/121/1543309872_zXsIiZ8V.png', 528, '/uploads/objects/img/121/1543309872_zXsIiZ8V_min.png'),
(594, 121, '/uploads/objects/img/121/1543309894_4O0H3IJW.jpg', 529, '/uploads/objects/img/121/1543309894_4O0H3IJW_min.jpg'),
(595, 121, '/uploads/objects/img/121/1543309894_Ib0PqjXi.jpg', 530, '/uploads/objects/img/121/1543309894_Ib0PqjXi_min.jpg'),
(596, 121, '/uploads/objects/img/121/1543309897_fqjX7Grb.jpg', 531, '/uploads/objects/img/121/1543309897_fqjX7Grb_min.jpg'),
(597, 121, '/uploads/objects/img/121/1543309897_PMo1FhWT.jpg', 532, '/uploads/objects/img/121/1543309897_PMo1FhWT_min.jpg'),
(598, 121, '/uploads/objects/img/121/1543309898_-LK7GKkW.jpg', 533, '/uploads/objects/img/121/1543309898_-LK7GKkW_min.jpg'),
(599, 122, '/uploads/objects/img/122/1543317952_frAyoLiF.jpg', 534, '/uploads/objects/img/122/1543317952_frAyoLiF_min.jpg'),
(600, 122, '/uploads/objects/img/122/1543317956_wYv7oB7s.jpg', 535, '/uploads/objects/img/122/1543317956_wYv7oB7s_min.jpg'),
(601, 122, '/uploads/objects/img/122/1543317957_TxupG98L.jpg', 536, '/uploads/objects/img/122/1543317957_TxupG98L_min.jpg'),
(602, 122, '/uploads/objects/img/122/1543317957_oNKl8ZwT.jpg', 537, '/uploads/objects/img/122/1543317957_oNKl8ZwT_min.jpg'),
(603, 122, '/uploads/objects/img/122/1543317958_iPuXkJfx.jpg', 538, '/uploads/objects/img/122/1543317958_iPuXkJfx_min.jpg'),
(604, 122, '/uploads/objects/img/122/1543317958_xXA0YBjE.jpg', 539, '/uploads/objects/img/122/1543317958_xXA0YBjE_min.jpg'),
(605, 122, '/uploads/objects/img/122/1543317989_TF3Eb_u4.jpg', 540, '/uploads/objects/img/122/1543317989_TF3Eb_u4_min.jpg'),
(606, 122, '/uploads/objects/img/122/1543317989_UjOakjpp.jpg', 541, '/uploads/objects/img/122/1543317989_UjOakjpp_min.jpg'),
(607, 122, '/uploads/objects/img/122/1543317990_lNaSTQ31.jpg', 542, '/uploads/objects/img/122/1543317990_lNaSTQ31_min.jpg'),
(608, 122, '/uploads/objects/img/122/1543317990_EUfs01ji.jpg', 543, '/uploads/objects/img/122/1543317990_EUfs01ji_min.jpg'),
(609, 122, '/uploads/objects/img/122/1543317992_2yQgOaVD.jpg', 544, '/uploads/objects/img/122/1543317992_2yQgOaVD_min.jpg'),
(610, 122, '/uploads/objects/img/122/1543317994_W7TyVr8i.jpg', 545, '/uploads/objects/img/122/1543317994_W7TyVr8i_min.jpg'),
(611, 122, '/uploads/objects/img/122/1543318016_OtVn_IMH.jpg', 546, '/uploads/objects/img/122/1543318016_OtVn_IMH_min.jpg'),
(612, 122, '/uploads/objects/img/122/1543318016_cqCTAvQm.jpg', 547, '/uploads/objects/img/122/1543318016_cqCTAvQm_min.jpg'),
(613, 122, '/uploads/objects/img/122/1543318016_a4Mc0pNc.jpg', 548, '/uploads/objects/img/122/1543318016_a4Mc0pNc_min.jpg'),
(614, 122, '/uploads/objects/img/122/1543318018_Kuy2E4nU.jpg', 549, '/uploads/objects/img/122/1543318018_Kuy2E4nU_min.jpg'),
(615, 122, '/uploads/objects/img/122/1543318018_X7NsDzVg.jpg', 550, '/uploads/objects/img/122/1543318018_X7NsDzVg_min.jpg'),
(616, 122, '/uploads/objects/img/122/1543318019_1x_EKtuE.jpg', 551, '/uploads/objects/img/122/1543318019_1x_EKtuE_min.jpg'),
(617, 122, '/uploads/objects/img/122/1543318020_-lH5Asq1.jpg', 552, '/uploads/objects/img/122/1543318020_-lH5Asq1_min.jpg'),
(618, 122, '/uploads/objects/img/122/1543318020_2HrUZB3k.jpg', 553, '/uploads/objects/img/122/1543318020_2HrUZB3k_min.jpg'),
(619, 123, '/uploads/objects/img/123/1543397801_iDno2m2I.jpg', 554, '/uploads/objects/img/123/1543397801_iDno2m2I_min.jpg'),
(620, 123, '/uploads/objects/img/123/1543397801_H4UZf-C4.jpg', 555, '/uploads/objects/img/123/1543397801_H4UZf-C4_min.jpg'),
(621, 123, '/uploads/objects/img/123/1543397801_uNKf5vN5.jpg', 556, '/uploads/objects/img/123/1543397801_uNKf5vN5_min.jpg'),
(622, 123, '/uploads/objects/img/123/1543397801_vDQA1hgN.jpg', 557, '/uploads/objects/img/123/1543397801_vDQA1hgN_min.jpg'),
(623, 123, '/uploads/objects/img/123/1543397801_yv43juIg.jpg', 558, '/uploads/objects/img/123/1543397801_yv43juIg_min.jpg'),
(624, 123, '/uploads/objects/img/123/1543397801_0hg5y7hZ.jpg', 559, '/uploads/objects/img/123/1543397801_0hg5y7hZ_min.jpg'),
(625, 123, '/uploads/objects/img/123/1543397810_FLne_Ul1.jpg', 560, '/uploads/objects/img/123/1543397810_FLne_Ul1_min.jpg'),
(626, 123, '/uploads/objects/img/123/1543397810_uAqGAPUf.jpg', 561, '/uploads/objects/img/123/1543397810_uAqGAPUf_min.jpg'),
(627, 123, '/uploads/objects/img/123/1543397810_nTp-dWTQ.jpg', 562, '/uploads/objects/img/123/1543397810_nTp-dWTQ_min.jpg'),
(628, 123, '/uploads/objects/img/123/1543397810_L0EtAx0E.jpg', 563, '/uploads/objects/img/123/1543397810_L0EtAx0E_min.jpg'),
(629, 123, '/uploads/objects/img/123/1543397810_yLnZoOFH.jpg', 564, '/uploads/objects/img/123/1543397810_yLnZoOFH_min.jpg'),
(630, 123, '/uploads/objects/img/123/1543397810_JM8sjK7h.jpg', 565, '/uploads/objects/img/123/1543397810_JM8sjK7h_min.jpg'),
(631, 124, '/uploads/objects/img/124/1543571044_UwodbzLI.jpg', 566, '/uploads/objects/img/124/1543571044_UwodbzLI_min.jpg'),
(632, 124, '/uploads/objects/img/124/1543571045_nHsgLvM4.jpg', 567, '/uploads/objects/img/124/1543571045_nHsgLvM4_min.jpg'),
(633, 124, '/uploads/objects/img/124/1543571045_x8Fe72T_.jpg', 568, '/uploads/objects/img/124/1543571045_x8Fe72T__min.jpg'),
(634, 124, '/uploads/objects/img/124/1543571045_yBhVWZ1q.jpg', 569, '/uploads/objects/img/124/1543571045_yBhVWZ1q_min.jpg'),
(635, 124, '/uploads/objects/img/124/1543571045_8ujzzt88.jpg', 570, '/uploads/objects/img/124/1543571045_8ujzzt88_min.jpg'),
(636, 124, '/uploads/objects/img/124/1543571046_vGN_tfQg.jpg', 571, '/uploads/objects/img/124/1543571046_vGN_tfQg_min.jpg'),
(637, 124, '/uploads/objects/img/124/1543571046_94kFJsww.jpg', 572, '/uploads/objects/img/124/1543571046_94kFJsww_min.jpg'),
(638, 124, '/uploads/objects/img/124/1543571046_Yh0YevzT.jpg', 573, '/uploads/objects/img/124/1543571046_Yh0YevzT_min.jpg'),
(639, 125, '/uploads/objects/img/125/1543573690_Dh0QWmRH.jpg', 574, '/uploads/objects/img/125/1543573690_Dh0QWmRH_min.jpg'),
(640, 125, '/uploads/objects/img/125/1543573690_u7OYdq8J.jpg', 575, '/uploads/objects/img/125/1543573690_u7OYdq8J_min.jpg'),
(641, 125, '/uploads/objects/img/125/1543573690_VH2Mtjdr.jpg', 576, '/uploads/objects/img/125/1543573690_VH2Mtjdr_min.jpg'),
(642, 125, '/uploads/objects/img/125/1543573690_6QRSSS6q.jpg', 577, '/uploads/objects/img/125/1543573690_6QRSSS6q_min.jpg'),
(643, 125, '/uploads/objects/img/125/1543573690_iCCdc6M7.jpg', 578, '/uploads/objects/img/125/1543573690_iCCdc6M7_min.jpg'),
(644, 125, '/uploads/objects/img/125/1543573691_bnHpluSi.jpg', 579, '/uploads/objects/img/125/1543573691_bnHpluSi_min.jpg'),
(645, 125, '/uploads/objects/img/125/1543573691_ZRmkwoE0.jpg', 580, '/uploads/objects/img/125/1543573691_ZRmkwoE0_min.jpg'),
(646, 125, '/uploads/objects/img/125/1543573691_tbx3QdEW.jpg', 581, '/uploads/objects/img/125/1543573691_tbx3QdEW_min.jpg'),
(647, 125, '/uploads/objects/img/125/1543573693_L8cQMxYB.jpg', 0, '/uploads/objects/img/125/1543573693_L8cQMxYB_min.jpg'),
(648, 126, '/uploads/objects/img/126/1543841202_c0g4H7dq.jpg', 583, '/uploads/objects/img/126/1543841202_c0g4H7dq_min.jpg'),
(649, 126, '/uploads/objects/img/126/1543841202_gfSD4c3O.jpg', 584, '/uploads/objects/img/126/1543841202_gfSD4c3O_min.jpg'),
(650, 126, '/uploads/objects/img/126/1543841217_1uFOQ_yf.jpg', 585, '/uploads/objects/img/126/1543841217_1uFOQ_yf_min.jpg'),
(651, 126, '/uploads/objects/img/126/1543841218_nk00WdEE.jpg', 586, '/uploads/objects/img/126/1543841218_nk00WdEE_min.jpg'),
(652, 126, '/uploads/objects/img/126/1543841224_1-R7IgXB.jpg', 587, '/uploads/objects/img/126/1543841224_1-R7IgXB_min.jpg'),
(653, 126, '/uploads/objects/img/126/1543841827_l0gQ22fL.jpg', 0, '/uploads/objects/img/126/1543841827_l0gQ22fL_min.jpg'),
(654, 127, '/uploads/objects/img/127/1543849366_fAZ5tkC9.jpg', 589, '/uploads/objects/img/127/1543849366_fAZ5tkC9_min.jpg'),
(655, 127, '/uploads/objects/img/127/1543849367_8znukqjw.jpg', 590, '/uploads/objects/img/127/1543849367_8znukqjw_min.jpg'),
(656, 127, '/uploads/objects/img/127/1543849368_tSaCrtg6.jpg', 591, '/uploads/objects/img/127/1543849368_tSaCrtg6_min.jpg'),
(657, 127, '/uploads/objects/img/127/1543849368_xEARjjLY.jpg', 592, '/uploads/objects/img/127/1543849368_xEARjjLY_min.jpg'),
(658, 127, '/uploads/objects/img/127/1543849369_MOdzf4lD.jpg', 593, '/uploads/objects/img/127/1543849369_MOdzf4lD_min.jpg'),
(659, 127, '/uploads/objects/img/127/1543849369_UAgqv0bI.jpg', 594, '/uploads/objects/img/127/1543849369_UAgqv0bI_min.jpg'),
(660, 127, '/uploads/objects/img/127/1543849370_ZA6p2pj3.jpg', 595, '/uploads/objects/img/127/1543849370_ZA6p2pj3_min.jpg'),
(661, 127, '/uploads/objects/img/127/1543849370_WbFJlqII.jpg', 596, '/uploads/objects/img/127/1543849370_WbFJlqII_min.jpg'),
(662, 127, '/uploads/objects/img/127/1543849370_CWQCS3Dk.jpg', 597, '/uploads/objects/img/127/1543849370_CWQCS3Dk_min.jpg'),
(663, 127, '/uploads/objects/img/127/1543849370_ijE1ayYv.jpg', 598, '/uploads/objects/img/127/1543849370_ijE1ayYv_min.jpg'),
(666, 129, '/uploads/objects/img/129/1544003372_6oFZIsKn.jpeg', 601, '/uploads/objects/img/129/1544003372_6oFZIsKn_min.jpeg'),
(667, 129, '/uploads/objects/img/129/1544003373_iTdpI-v2.jpeg', 602, '/uploads/objects/img/129/1544003373_iTdpI-v2_min.jpeg'),
(668, 129, '/uploads/objects/img/129/1544003373_6v8TGf7-.jpeg', 603, '/uploads/objects/img/129/1544003373_6v8TGf7-_min.jpeg'),
(669, 129, '/uploads/objects/img/129/1544003373_YW1Q_O94.jpeg', 604, '/uploads/objects/img/129/1544003373_YW1Q_O94_min.jpeg'),
(670, 129, '/uploads/objects/img/129/1544003373_ThnCJHyb.jpeg', 605, '/uploads/objects/img/129/1544003373_ThnCJHyb_min.jpeg'),
(671, 129, '/uploads/objects/img/129/1544003373_hwl0PZps.jpeg', 606, '/uploads/objects/img/129/1544003373_hwl0PZps_min.jpeg'),
(672, 129, '/uploads/objects/img/129/1544003373_K3G-igsj.jpeg', 607, '/uploads/objects/img/129/1544003373_K3G-igsj_min.jpeg'),
(673, 129, '/uploads/objects/img/129/1544003373_VI5ZYlyH.jpeg', 608, '/uploads/objects/img/129/1544003373_VI5ZYlyH_min.jpeg'),
(674, 129, '/uploads/objects/img/129/1544003373_Z4f3fzR6.jpeg', 609, '/uploads/objects/img/129/1544003373_Z4f3fzR6_min.jpeg'),
(675, 129, '/uploads/objects/img/129/1544003431_Fi1LMx9j.jpg', 0, '/uploads/objects/img/129/1544003431_Fi1LMx9j_min.jpg'),
(676, 130, '/uploads/objects/img/130/1544454504_qyb-PN1h.jpg', 609, '/uploads/objects/img/130/1544454504_qyb-PN1h_min.jpg'),
(677, 131, '/uploads/objects/img/131/1545143366_buWoZ7-s.jpg', 610, '/uploads/objects/img/131/1545143366_buWoZ7-s_min.jpg'),
(678, 131, '/uploads/objects/img/131/1545143368_DCR7wlwN.jpg', 611, '/uploads/objects/img/131/1545143368_DCR7wlwN_min.jpg'),
(679, 131, '/uploads/objects/img/131/1545143368_yPClmsD9.jpg', 612, '/uploads/objects/img/131/1545143368_yPClmsD9_min.jpg'),
(680, 131, '/uploads/objects/img/131/1545143368_qheVDE_M.jpg', 613, '/uploads/objects/img/131/1545143368_qheVDE_M_min.jpg'),
(681, 131, '/uploads/objects/img/131/1545143369_S9q5ArV9.jpg', 614, '/uploads/objects/img/131/1545143369_S9q5ArV9_min.jpg'),
(682, 131, '/uploads/objects/img/131/1545143369_rgsS3jXl.jpg', 615, '/uploads/objects/img/131/1545143369_rgsS3jXl_min.jpg'),
(683, 132, '/uploads/objects/img/132/1545321420_RDC1MBKO.jpg', 616, '/uploads/objects/img/132/1545321420_RDC1MBKO_min.jpg'),
(684, 132, '/uploads/objects/img/132/1545321421__hz0140z.jpg', 617, '/uploads/objects/img/132/1545321421__hz0140z_min.jpg'),
(685, 132, '/uploads/objects/img/132/1545321421_J4fzPJim.jpg', 618, '/uploads/objects/img/132/1545321421_J4fzPJim_min.jpg'),
(686, 132, '/uploads/objects/img/132/1545321421_8CEg3p8-.jpg', 619, '/uploads/objects/img/132/1545321421_8CEg3p8-_min.jpg'),
(687, 132, '/uploads/objects/img/132/1545321421_uq3Cc796.jpg', 620, '/uploads/objects/img/132/1545321421_uq3Cc796_min.jpg'),
(688, 132, '/uploads/objects/img/132/1545321421_ul80qXk7.jpg', 621, '/uploads/objects/img/132/1545321421_ul80qXk7_min.jpg'),
(689, 132, '/uploads/objects/img/132/1545321421_ma5itCrt.jpg', 622, '/uploads/objects/img/132/1545321421_ma5itCrt_min.jpg'),
(690, 132, '/uploads/objects/img/132/1545321421_as82i6ww.jpg', 623, '/uploads/objects/img/132/1545321421_as82i6ww_min.jpg'),
(691, 132, '/uploads/objects/img/132/1545321421_DJKDlcyG.jpg', 624, '/uploads/objects/img/132/1545321421_DJKDlcyG_min.jpg'),
(692, 132, '/uploads/objects/img/132/1545321421_PgYiIqNB.jpg', 625, '/uploads/objects/img/132/1545321421_PgYiIqNB_min.jpg'),
(693, 133, '/uploads/objects/img/133/1547113443_RG8FXc87.jpg', 626, '/uploads/objects/img/133/1547113443_RG8FXc87_min.jpg'),
(694, 133, '/uploads/objects/img/133/1547113443_2xleC7tk.jpg', 627, '/uploads/objects/img/133/1547113443_2xleC7tk_min.jpg'),
(695, 133, '/uploads/objects/img/133/1547113443_pcnYI4oN.jpg', 628, '/uploads/objects/img/133/1547113443_pcnYI4oN_min.jpg'),
(696, 133, '/uploads/objects/img/133/1547113443_-XHKoGnJ.jpg', 629, '/uploads/objects/img/133/1547113443_-XHKoGnJ_min.jpg'),
(697, 133, '/uploads/objects/img/133/1547113443_dIXMo3AN.jpg', 630, '/uploads/objects/img/133/1547113443_dIXMo3AN_min.jpg'),
(698, 133, '/uploads/objects/img/133/1547113467_BiUXDXps.jpg', 631, '/uploads/objects/img/133/1547113467_BiUXDXps_min.jpg'),
(699, 133, '/uploads/objects/img/133/1547113467_CqJSzx1-.jpg', 632, '/uploads/objects/img/133/1547113467_CqJSzx1-_min.jpg'),
(700, 133, '/uploads/objects/img/133/1547113467_LFncJRLh.jpg', 633, '/uploads/objects/img/133/1547113467_LFncJRLh_min.jpg'),
(701, 133, '/uploads/objects/img/133/1547113467_83NBWzg8.jpg', 634, '/uploads/objects/img/133/1547113467_83NBWzg8_min.jpg'),
(702, 133, '/uploads/objects/img/133/1547113467_NF51-K1t.jpg', 635, '/uploads/objects/img/133/1547113467_NF51-K1t_min.jpg'),
(703, 133, '/uploads/objects/img/133/1547113467_FCW0F-eH.jpg', 636, '/uploads/objects/img/133/1547113467_FCW0F-eH_min.jpg'),
(704, 133, '/uploads/objects/img/133/1547113467_As6pP_lv.jpg', 637, '/uploads/objects/img/133/1547113467_As6pP_lv_min.jpg'),
(705, 133, '/uploads/objects/img/133/1547113467_SkspFNiN.jpg', 638, '/uploads/objects/img/133/1547113467_SkspFNiN_min.jpg'),
(706, 133, '/uploads/objects/img/133/1547113468_VqDmefmu.jpg', 639, '/uploads/objects/img/133/1547113468_VqDmefmu_min.jpg'),
(707, 133, '/uploads/objects/img/133/1547113468_1JDCpJLP.jpg', 640, '/uploads/objects/img/133/1547113468_1JDCpJLP_min.jpg'),
(712, 136, '/uploads/objects/img/136/1548690060_ACNWKEJG.jpg', 641, '/uploads/objects/img/136/1548690060_ACNWKEJG_min.jpg');

-- --------------------------------------------------------

--
-- Table structure for table `object_tag`
--

DROP TABLE IF EXISTS `object_tag`;
CREATE TABLE `object_tag` (
  `object_id` int(11) NOT NULL,
  `tag_id` int(11) NOT NULL
) ENGINE=MyISAM DEFAULT CHARSET=utf8;

--
-- Truncate table before insert `object_tag`
--

TRUNCATE TABLE `object_tag`;
--
-- Dumping data for table `object_tag`
--

INSERT INTO `object_tag` (`object_id`, `tag_id`) VALUES
(40, 1),
(39, 1),
(41, 1),
(42, 1),
(43, 1),
(44, 1),
(46, 1),
(47, 1),
(48, 1),
(54, 1),
(56, 1),
(62, 1),
(64, 1),
(65, 1),
(50, 1),
(77, 1),
(79, 1),
(76, 1),
(81, 1),
(85, 1),
(89, 1),
(90, 1),
(93, 1),
(92, 1),
(106, 1),
(108, 1),
(109, 1),
(110, 1),
(112, 1),
(116, 1),
(131, 1),
(132, 1),
(134, 3),
(135, 2),
(136, 3);

-- --------------------------------------------------------

--
-- Table structure for table `object_type`
--

DROP TABLE IF EXISTS `object_type`;
CREATE TABLE `object_type` (
  `id` int(11) NOT NULL,
  `title` varchar(255) NOT NULL
) ENGINE=InnoDB DEFAULT CHARSET=utf8;

--
-- Truncate table before insert `object_type`
--

TRUNCATE TABLE `object_type`;
--
-- Dumping data for table `object_type`
--

INSERT INTO `object_type` (`id`, `title`) VALUES
(1, 'Квартира'),
(2, 'Дом'),
(3, 'Коммерция'),
(4, 'Комнаты');

-- --------------------------------------------------------

--
-- Table structure for table `participation_passport`
--

DROP TABLE IF EXISTS `participation_passport`;
CREATE TABLE `participation_passport` (
  `participation_id` int(11) DEFAULT NULL,
  `passport_id` int(11) DEFAULT NULL
) ENGINE=MyISAM DEFAULT CHARSET=utf8;

--
-- Truncate table before insert `participation_passport`
--

TRUNCATE TABLE `participation_passport`;
-- --------------------------------------------------------

--
-- Table structure for table `passport_attribute`
--

DROP TABLE IF EXISTS `passport_attribute`;
CREATE TABLE `passport_attribute` (
  `passport_id` int(11) NOT NULL,
  `attribute_id` int(11) NOT NULL,
  `value` varchar(255) NOT NULL
) ENGINE=InnoDB DEFAULT CHARSET=utf8;

--
-- Truncate table before insert `passport_attribute`
--

TRUNCATE TABLE `passport_attribute`;
--
-- Dumping data for table `passport_attribute`
--

INSERT INTO `passport_attribute` (`passport_id`, `attribute_id`, `value`) VALUES
(17, 7, '3');

-- --------------------------------------------------------

--
-- Table structure for table `passport_attribute_checkbox`
--

DROP TABLE IF EXISTS `passport_attribute_checkbox`;
CREATE TABLE `passport_attribute_checkbox` (
  `passport_id` int(11) DEFAULT NULL,
  `attribute_id` int(11) DEFAULT NULL,
  `group_id` int(11) DEFAULT NULL
) ENGINE=InnoDB DEFAULT CHARSET=utf8;

--
-- Truncate table before insert `passport_attribute_checkbox`
--

TRUNCATE TABLE `passport_attribute_checkbox`;
--
-- Dumping data for table `passport_attribute_checkbox`
--

INSERT INTO `passport_attribute_checkbox` (`passport_id`, `attribute_id`, `group_id`) VALUES
(18, 2, 14);

-- --------------------------------------------------------

--
-- Table structure for table `passport_attribute_radio`
--

DROP TABLE IF EXISTS `passport_attribute_radio`;
CREATE TABLE `passport_attribute_radio` (
  `passport_id` int(11) DEFAULT NULL,
  `attribute_id` int(11) DEFAULT NULL,
  `group_id` int(11) DEFAULT NULL
) ENGINE=InnoDB DEFAULT CHARSET=utf8;

--
-- Truncate table before insert `passport_attribute_radio`
--

TRUNCATE TABLE `passport_attribute_radio`;
-- --------------------------------------------------------

--
-- Table structure for table `payment`
--

DROP TABLE IF EXISTS `payment`;
CREATE TABLE `payment` (
  `id` int(11) NOT NULL,
  `user_id` int(11) DEFAULT NULL,
  `tariff_id` int(11) DEFAULT NULL,
  `price` decimal(11,2) DEFAULT NULL,
  `discount` varchar(255) DEFAULT NULL,
  `created_at` int(11) DEFAULT NULL
) ENGINE=InnoDB DEFAULT CHARSET=utf8;

--
-- Truncate table before insert `payment`
--

TRUNCATE TABLE `payment`;
-- --------------------------------------------------------

--
-- Table structure for table `region`
--

DROP TABLE IF EXISTS `region`;
CREATE TABLE `region` (
  `id` int(11) NOT NULL,
  `name` char(50) NOT NULL
) ENGINE=InnoDB DEFAULT CHARSET=utf8mb4;

--
-- Truncate table before insert `region`
--

TRUNCATE TABLE `region`;
--
-- Dumping data for table `region`
--

INSERT INTO `region` (`id`, `name`) VALUES
(3, 'Адыгея'),
(4, 'Алтайский край'),
(5, 'Амурская обл.'),
(6, 'Архангельская обл.'),
(7, 'Астраханская обл.'),
(8, 'Башкортостан'),
(9, 'Белгородская обл.'),
(10, 'Брянская обл.'),
(11, 'Бурятия'),
(12, 'Владимирская обл.'),
(14, 'Волгоградская обл.'),
(15, 'Вологодская обл.'),
(16, 'Воронежская обл.'),
(17, 'Дагестан'),
(18, 'Еврейская обл.'),
(19, 'Ивановская обл.'),
(20, 'Иркутская обл.'),
(21, 'Кабардино-Балкария'),
(22, 'Калининградская обл.'),
(23, 'Калмыкия'),
(24, 'Калужская обл.'),
(25, 'Камчатская обл.'),
(79, 'Карачаево-Черкесская Республика'),
(26, 'Карелия'),
(27, 'Кемеровская обл.'),
(28, 'Кировская обл.'),
(29, 'Коми'),
(30, 'Костромская обл.'),
(31, 'Краснодарский край'),
(32, 'Красноярский край'),
(13, 'Крым АР.'),
(33, 'Курганская обл.'),
(34, 'Курская обл.'),
(35, 'Липецкая обл.'),
(36, 'Магаданская обл.'),
(37, 'Марий Эл'),
(38, 'Мордовия'),
(1, 'Москва и Московская обл.'),
(39, 'Мурманская обл.'),
(40, 'Нижегородская'),
(41, 'Новгородская обл.'),
(42, 'Новосибирская обл.'),
(43, 'Омская обл.'),
(44, 'Оренбургская обл.'),
(45, 'Орловская обл.'),
(46, 'Пензенская обл.'),
(47, 'Пермский край'),
(48, 'Приморский край'),
(49, 'Псковская обл.'),
(50, 'Ростовская обл.'),
(51, 'Рязанская обл.'),
(52, 'Самарская обл.'),
(2, 'Санкт-Петербург и область'),
(53, 'Саратовская обл.'),
(54, 'Саха'),
(55, 'Сахалин'),
(56, 'Свердловская обл.'),
(57, 'Северная Осетия'),
(58, 'Смоленская обл.'),
(59, 'Ставропольский край'),
(60, 'Тамбовская обл.'),
(61, 'Татарстан'),
(62, 'Тверская обл.'),
(63, 'Томская обл.'),
(64, 'Тува'),
(65, 'Тульская обл.'),
(66, 'Тюменская обл. и Ханты-Мансийский АО'),
(67, 'Удмуртия'),
(68, 'Ульяновская обл.'),
(69, 'Уральская обл.'),
(70, 'Хабаровский край'),
(71, 'Хакасия'),
(72, 'Челябинская обл.'),
(73, 'Чечено-Ингушетия'),
(74, 'Читинская обл.'),
(75, 'Чувашия'),
(76, 'Чукотский АО'),
(77, 'Ямало-Ненецкий АО'),
(78, 'Ярославская обл.');

-- --------------------------------------------------------

--
-- Table structure for table `room_object_user`
--

DROP TABLE IF EXISTS `room_object_user`;
CREATE TABLE `room_object_user` (
  `object_id` int(11) NOT NULL,
  `user_id` int(11) NOT NULL,
  `sum` int(11) NOT NULL,
  `rate` int(11) DEFAULT NULL,
  `comment` text,
  `created_at` int(11) DEFAULT NULL,
  `active` int(1) DEFAULT NULL,
  `term` int(11) NOT NULL,
  `schedule_payments` int(11) NOT NULL,
  `nks` int(11) NOT NULL
) ENGINE=InnoDB DEFAULT CHARSET=utf8;

--
-- Truncate table before insert `room_object_user`
--

TRUNCATE TABLE `room_object_user`;
--
-- Dumping data for table `room_object_user`
--

INSERT INTO `room_object_user` (`object_id`, `user_id`, `sum`, `rate`, `comment`, `created_at`, `active`, `term`, `schedule_payments`, `nks`) VALUES
(54, 90, 2000, 30, '', 1539071249, 0, 12, 1, 3000000),
(69, 263, 1000000, 36, 'встреча', 1539956608, 0, 11, 1, 1000000),
(66, 263, 4000000, 36, 'встреча', 1539956871, 0, 11, 1, 4013000),
(73, 90, 6516363, 27, '', 1540902075, 0, 12, 1, 6000000),
(85, 90, 2080000, 32, '', 1541071478, 0, 11, 1, 52000000),
(101, 90, 414545, 27, '', 1542275413, 0, 12, 1, 7050000),
(119, 292, 1082427, 27, '', 1543309066, 0, 1, 1, 3500000),
(121, 263, 5000000, 27, '\r\n', 1544741264, 0, 11, 1, 5300000),
(93, 335, 1, 27, '1', 1549541865, 0, 12, 1, 10400000);

-- --------------------------------------------------------

--
-- Table structure for table `tag`
--

DROP TABLE IF EXISTS `tag`;
CREATE TABLE `tag` (
  `id` int(11) NOT NULL,
  `title` varchar(255) NOT NULL
) ENGINE=MyISAM DEFAULT CHARSET=utf8;

--
-- Truncate table before insert `tag`
--

TRUNCATE TABLE `tag`;
--
-- Dumping data for table `tag`
--

INSERT INTO `tag` (`id`, `title`) VALUES
(1, 'Новый'),
(2, 'Акция'),
(3, 'Особое внимание');

-- --------------------------------------------------------

--
-- Table structure for table `user`
--

DROP TABLE IF EXISTS `user`;
CREATE TABLE `user` (
  `id` int(11) NOT NULL,
  `email` varchar(255) COLLATE utf8_unicode_ci NOT NULL,
  `first_name` varchar(255) COLLATE utf8_unicode_ci DEFAULT NULL,
  `last_name` varchar(255) COLLATE utf8_unicode_ci DEFAULT NULL,
  `middle_name` varchar(255) COLLATE utf8_unicode_ci DEFAULT NULL,
  `phone` varchar(255) COLLATE utf8_unicode_ci DEFAULT NULL,
  `company_name` varchar(255) COLLATE utf8_unicode_ci DEFAULT NULL,
  `check_email` int(1) DEFAULT NULL,
  `check_phone` int(1) DEFAULT NULL,
  `created_at` int(11) NOT NULL,
  `updated_at` int(11) NOT NULL,
  `auth_key` varchar(32) COLLATE utf8_unicode_ci NOT NULL,
  `status` smallint(6) NOT NULL DEFAULT '10',
  `password_reset_token` varchar(255) COLLATE utf8_unicode_ci DEFAULT NULL,
  `password_hash` varchar(255) COLLATE utf8_unicode_ci NOT NULL,
  `email_confirm_token` varchar(255) COLLATE utf8_unicode_ci DEFAULT NULL,
  `phone_confirm_token` varchar(255) COLLATE utf8_unicode_ci DEFAULT NULL,
  `user_passport_id` int(11) DEFAULT NULL,
  `subscribe_dt` int(11) DEFAULT NULL
) ENGINE=InnoDB DEFAULT CHARSET=utf8 COLLATE=utf8_unicode_ci;

--
-- Truncate table before insert `user`
--

TRUNCATE TABLE `user`;
--
-- Dumping data for table `user`
--

INSERT INTO `user` (`id`, `email`, `first_name`, `last_name`, `middle_name`, `phone`, `company_name`, `check_email`, `check_phone`, `created_at`, `updated_at`, `auth_key`, `status`, `password_reset_token`, `password_hash`, `email_confirm_token`, `phone_confirm_token`, `user_passport_id`, `subscribe_dt`) VALUES
(1, 'testtest@test.test', '', '', '', '', '', NULL, NULL, 1521194502, 1521194502, 'L5TLlm9mkwR3_xq5U59ZKIo3naRfv5yq', 10, NULL, '$2y$13$26LR/jO8BvRZ4AP28YNEsuLabNm9d9Lm5OfROqmB8MI3OcdS7kCSO', NULL, NULL, 21, NULL),
(90, 'fbg.baranov@gmail.com', 'ВИТАЛИЙ', 'БАРАНОВ', 'ВЯЧЕСЛАВОВИЧ', '79253311397', 'Национальный кредитный союз', 1, 1, 1530706040, 1539755230, 'RPrujapGlhHecxUSX7h_eBcX9DX7lYsd', 10, 'sqshDWxtwgvF5NFtqmSM5ydZU66P9PJb_1539755230', '$2y$13$26LR/jO8BvRZ4AP28YNEsuLabNm9d9Lm5OfROqmB8MI3OcdS7kCSO', 'v43I7hn4DXd1b8LHrqIiks0SmVrRyqre_1530706127-90', NULL, 22, NULL),
(262, 'bio000@yandex.ru', NULL, NULL, NULL, NULL, NULL, 0, 0, 1537773900, 1537773900, '1R5oQRVGjga3hrnx0MbRcpUbMIU0yuNp', 10, NULL, '$2y$13$CkNGqIe0cWbQqvzI7G25TOsE7NbcqcxdBMb7yDiw/TexqqHzzIcx6', NULL, NULL, NULL, NULL),
(263, 'rusfond1978@gmail.com', NULL, NULL, NULL, NULL, NULL, 0, 0, 1537774067, 1544741124, '-vY93DLjJhPJ8Q0KmeAxx3N9vYJTUotf', 10, NULL, '$2y$13$exExNOlb/j9K6e3QxBtFTOO.BgJhEvHXNO2iP/T2Ra9EksM57hgWm', NULL, NULL, NULL, NULL),
(264, 'minenkov@zalogzalog.ru', NULL, NULL, NULL, NULL, NULL, 0, 0, 1537774154, 1537774154, 'lvxcBObRik20Eop-yYPrP0LVZXVQbBI7', 10, NULL, '$2y$13$jv1RAMncSEzTOiT3tDcEOu08PjiZaNQAHYd6l.T.16I13wCJWy4Oe', NULL, NULL, NULL, NULL),
(265, 'doc@zalogzalog.ru', NULL, NULL, NULL, NULL, NULL, 0, 0, 1537774191, 1537774191, 'S_rblqwOcom2aGSg2N59aS6j4A_WDMjb', 10, NULL, '$2y$13$I3YK1kN/BlUaRpHFCpAtoegOLTr9urI3TZGqfl8L8WVQjR2ET9aQW', NULL, NULL, NULL, NULL),
(283, 'broker@mroker.ru', '', 'Виноградов', '', '+0', '', 1, 1, 1541056853, 1541501235, 'Xy98MNOUpFd58ElwOJz7JZFVQbpSV0_X', 10, NULL, '$2y$13$RK2N6C.OPdY37CLteeO7d.o7wWbN0uQSmnJ7/mzT7KwM4P73UveQC', NULL, NULL, NULL, NULL),
(284, 'saimon_lebon@mail.ru', 'Семен', 'Семен', 'семен', '+79264286858', 'поросенок', 1, 0, 1541149292, 1541149339, 'u3HGIVsD4at43CYZ8D6QiiDxyw7LmZo7', 10, NULL, '$2y$13$Fb9RI7HUH8mYqNDb18bYBeJbRr8eVnW6dDm4YixIp6g9AurW0kuZ6', NULL, NULL, NULL, NULL),
(285, 'chaniev1zag@gmail.com', 'Макар', 'Чаниев', '.', '+79037339994', 'ООО \"Первое Залоговое Агентство\"', 1, 1, 1541154014, 1541154073, 'z4FT4tngMb3rnmbNOitomNgXXu6_df0F', 10, NULL, '$2y$13$/EUFubuPjGUJw1PWZ9H.n.4crRVJmrVUGmv/.NTEX7my3gaJjQjKu', NULL, NULL, NULL, NULL),
(286, 'info@invest-pride.ru', 'INVEST PRIDE', 'INVEST PRIDE', 'INVEST PRIDE', '+70000000000', 'INVEST PRIDE', 1, 1, 1541165965, 1541165992, '2EoZwYRhmhZqIW2UH7q8jerMP0ZIDmdT', 10, NULL, '$2y$13$HKKPsQ..HxkDuUCFt01vI.5sMQjFw7MeYDyquVR2FmSvig1H7gUsa', NULL, NULL, NULL, NULL),
(287, 'bmf2012@yandex.ru', 'александр', 'вингалов', 'геннадьевич', '79154696543', 'HKC', 1, 1, 1541495034, 1544010779, 'M7iTSGIcvanWfoy-ietWNMdIgJaJsTqC', 10, NULL, '$2y$13$IS6a4SiScV.X2df1vi/ZMeShMX6P3T3rAeHDkzVCwpEPOtIIydp3u', NULL, NULL, 26, NULL),
(288, 'almazplaton@gmail.com', 'Виктор', 'Акимов', 'Владимирович', '+79690125455', 'Национальный Кредитный Союз', 1, 1, 1541578158, 1541578169, 'wOPPZAMa0-ZxypDw3H792DL_qB2kp-4f', 10, NULL, '$2y$13$joa5f37Jz1H3tJj1kkhIPuDIurNoFTdpr/Ng/Pjq9xK2fc.4vmJuS', NULL, NULL, NULL, NULL),
(290, 'info@zalogzalog.ru', 'Алекандр', 'Цирихов', '1', '89037506389', '', 0, 0, 1541582824, 1541582833, 'Ajy4BPUP-q3l6viU_7lVg-POHfWwBVaW', 10, NULL, '$2y$13$3wmyAbOCBnOr9LFa9r.77.//avDYVZHToWg92xRkbL7aEXixUNUcu', NULL, NULL, NULL, NULL),
(291, 'pakreeva@artegofinans.ru', 'Юлия', 'Пакреева', '1', '89639717722', '', 1, 0, 1541666281, 1541666281, '3y9zP9rC3eT3zd5mq47kRBzFe2oNZfUr', 10, NULL, '$2y$13$3RffjTSiwpqfDR7HW68p.OFH5Q1U6mFGnGy1xEiTJceEwyM8RBtey', NULL, NULL, NULL, NULL),
(292, 'info@documentariym.ru', 'Дмитрий', 'Александров', 'Владимирович', '79052837354', 'ИП Александров', 1, 1, 1541684429, 1541684502, 'xaELe0BppwICUSsPBCIX4VDZK4uPUsLG', 10, NULL, '$2y$13$l92qkhtyJ/XkLH0KryUnTeJAsQXwbY4qSLz09nFX6ASVRkxQ3mAzS', NULL, NULL, NULL, NULL),
(293, 'kreditpoluchen@mail.ru', 'Тимур', 'Клычев', 'Юсупович', '79057773098', 'Финансзалог', 0, 0, 1541756213, 1541756213, 'DIqmbDo-Uu-YRhR3W7yk1dHWcjqaYJxd', 10, NULL, '$2y$13$6HM8bC.0cO8eurKXTZGSL.YttIBdeVkgV95dJmGiOqqQlsTyBYcUa', NULL, NULL, NULL, NULL),
(294, 'goga.belousov.66@mail.ru', 'Игорь', 'Белоусов', '.', '+79267656604', '', 1, 1, 1541768219, 1541768219, 'dDBkMeS4s2TayoFZXiytJVMsMu4WEcEV', 10, NULL, '$2y$13$AfrknE4Pw/EQSjvMskVxUesJeh1k5gQcnX6y093xRmnQNy8wQI3Ve', NULL, NULL, NULL, NULL),
(295, 'ovchinnikov@loan-expert.ru', 'Сергей', 'Овчинников', '.', '+79099068886', 'Loan-Expert', 1, 1, 1542095118, 1542095118, '5OWVNNm16o1xQ5LdJ61lVABM6_IWWgMs', 10, NULL, '$2y$13$6ucDYUDJrWvbTvAdFIgBS./8bboaugt2gwn790sOeC0nI7CVClk7m', NULL, NULL, NULL, NULL),
(296, 'gorban.d@fgmoscow.ru', 'Дмитрий', 'Горбань', '.', '+7 (906)7862987', 'Группа Финансового консалтинга', 1, 1, 1542194680, 1542194680, 'tAGfJQQA_JHWefO-0y9k8eevcfjejFdm', 10, NULL, '$2y$13$Doz3WOjr7d9J2gECBRJUse/Zk9QAbNp.oHWgrgLK8Ie0MWegF24dK', NULL, NULL, NULL, NULL),
(297, 'm17091980@yandex.ru', 'Алексей', 'Смирнов', '.', '+79251415111', 'Частный брокер', 1, 1, 1542196098, 1542196098, 'MQ282jjZ2ob9FEyhh-LQbLW7dPhzFAO8', 10, NULL, '$2y$13$N/HJlRWXJSO/w9sKs6qqMujopoDGfcg1mlPRo1YLnA2ljSpe/NJrq', NULL, NULL, NULL, NULL),
(298, 'julia@rosfinprogress.ru', 'Юлия', 'Рыжова', '1', '89030005879', 'Финпрогресс', 1, 1, 1542274673, 1542274713, 'QhkL9kzJQxwGZOrpb9akClj3cHPV9YS0', 10, NULL, '$2y$13$FSCykd02xcdyvmqiXgBngeNG1mAYpnJyEb.h1Tk30D0dvIT8/7/gG', NULL, NULL, NULL, NULL),
(299, 'nati@rosfinprogress.ru', 'Наталья', 'Бадзагуа', '.', '+79661048888', 'Финпрогресс', 1, 1, 1542358375, 1542358375, 'WnSDC-33vkTp5_XjRuNyjI4jJa043CIi', 10, NULL, '$2y$13$t5WcRbHW5DraaNh53Pk7refMVeadfj/.g7LPzYIXSNDj1hrI7X14i', NULL, NULL, NULL, NULL),
(300, 'pitov.egor@mail.ru', 'DavidCag', 'DavidCag', 'DavidCag', '89539397553', 'DavidCag', 0, 0, 1542547299, 1542547299, 'REYrvo3v_d65jg6aYUVTeyvBSdlLHabq', 10, NULL, '$2y$13$Jon8A1bAdgvy8mS1vd2dYeZ6hAe.NeFt9XgASGATcMeeVtvVKe8uO', NULL, NULL, NULL, NULL),
(301, 'den-24061985@yandex.ru', 'Денис', 'Чечеватов', '.', '+79645883777', 'Финанс Груп', 1, 1, 1542803546, 1542803546, '-852dayrFN3m4-FudSw_p4uUeaW-lx0U', 10, NULL, '$2y$13$yQnIMQqHs4sWtqgvKR.Aue7ahRl0Qenf40DjVHC7pvHJuo0RTmbfi', NULL, NULL, NULL, NULL),
(302, 'info@credit24.ru', 'Сергей', 'Цурко', 'Валерьевич', '79266077991', 'Кредит консалтинг', 0, 0, 1542973113, 1542973113, '2QAuKgxOxo1EiTwzEcKbjtGLv7A-6eBc', 10, NULL, '$2y$13$eF6xAV/rQgo0d7DzAFfS3.VcORRAV3Vm1KGqWoA32Nq.LYqc/oROW', NULL, NULL, NULL, NULL),
(303, 'pevtsova@frs-credit.ru', 'Олеся', 'Певцова', '.', '+7(916)-523-06-05', 'ООО «Финансовые решения и сервис»', 1, 1, 1543308004, 1543308004, 'fsOwIZ3fc_Os_702R6852PbRpMVoTsvU', 10, NULL, '$2y$13$7KkA24bpH6w1ZwzsQfaoQ.YDPv/kiacYSNI6YcPEp9sDaC0cqnC2e', NULL, NULL, NULL, NULL),
(304, 'parfenov@mail.ru', '.', 'Парфенов', '.', '+700000000', '', 1, 1, 1543397423, 1543397423, 'dFeKCmVBd2743lMctiCHOllq8walNShn', 10, NULL, '$2y$13$wfwws3PSdAL5djLr9fLkM.fVl/6pyJBKX.HxAjCyr6lMVbKwn0WNS', NULL, NULL, NULL, NULL),
(305, 'americanoutlaw1978@yahoo.com', 'Phyllosomata', 'Phyllosomata', 'Phyllosomata', '12817778168', 'Phyllosomata', 0, 0, 1543500522, 1543500522, '134JA9eX_XboCrYRxkI6PnRKsF2Du6_g', 10, NULL, '$2y$13$VKVaEdK25t23B4kOjx2wGu557j0NGKvSmmLn23cZdHHlztTwOlEti', NULL, NULL, NULL, NULL),
(308, 'anatoly54nsk@gmail.com', 'Anatoly', 'Nepochatykh', 'Олегович', '79232252479', 'Компания', 1, 1, 1543848175, 1547961252, 'QxVYRGhMnNSc1HMkfygBlB3a2QTT_IWE', 10, NULL, '$2y$13$C2k8b9lNaWyC5JjTX2pzr.w3VHcAyyVfpEh3Pq/c/2HhxR6ouGvcS', NULL, NULL, 23, NULL),
(309, 'zalog@loan-expert.ru', 'Марина', 'Марина ', '.', '+79672817075', 'Эксперт финанс', 1, 1, 1543848245, 1543848245, 'dcUbP9EN14ulN3GCmP3YQIsgb-WUjU-m', 10, NULL, '$2y$13$Fa9FX2aTqGyc./ElB1S3cOmnYAl3EaMzj8v1ebwFlfpeApEFYjqfW', NULL, NULL, NULL, NULL),
(311, 'lintexspb@gmail.com', 'Александр Этажи', 'Александр Этажи (От Дм.Александров)', '.', '+79030000441', 'АН Этажи', 1, 1, 1543927176, 1543927176, 'TJvKd_cnwGmOprb6B27BNOOLl56nPlt6', 10, NULL, '$2y$13$GFToHHb0J99Mp.5R63VAQeoQpY/xMiABIojYKdG3o3RAhjNQoiXrG', NULL, NULL, NULL, NULL),
(314, 'controlbucket@yandex.ru', 'Тест', 'Тестов', 'Тестович', '+7(920)346-3809', 'Тестовая', 1, 0, 1543995758, 1543996888, 'VgwdD3qLsJ1BKimN79SWXsZxEe80_E5G', 10, NULL, '$2y$13$rGKf4O49xx7RbaTFoCcdKutiPfbzDpBTYVyd0/C9MbMBDqwjWgSfy', NULL, NULL, NULL, NULL),
(316, 'kralupysomov@mail.ru', 'MatthewGok', 'MatthewGok', 'MatthewGok', '82154369337', 'MatthewGok', 0, 0, 1544188286, 1544188286, '-6ntfyXmZrtSPmj_sAzF8Je81bB5OLPa', 10, NULL, '$2y$13$mZx9Yiy2wlrU.2rbI9V3yew3jxv6Tvt7JuZ5NPGhlFlar8N9C5qIW', NULL, NULL, NULL, NULL),
(317, 'Osua@c-k-n.ru', 'Мария-Луиса', 'Осуа ', '.', '+7 (925) 206-43-49', 'Центр Кредитования Населения', 1, 1, 1544452587, 1544452587, '-WtsZ1fOnfFsmSdHsz1CR-CGdb77CII7', 10, NULL, '$2y$13$OTK2MEngUD/iM/kQI6xKLuiIVN7n20C2MT3MywAR/wC2p3vdCmdaq', NULL, NULL, NULL, NULL),
(318, 'yurij.loza.90@mail.ru', 'DavidCag', 'DavidCag', 'DavidCag', '81723338627', 'DavidCag', 0, 0, 1544632381, 1544632381, 'q5T-sfyekpRlYa6IZPuvjex0VGGKXB2A', 10, NULL, '$2y$13$MfOph5vnS40CIshAX.tnsOwh5GH1uPYBJDQ0FgW6Oa6bz0fRSlHuG', NULL, NULL, NULL, NULL),
(319, 'sergei.popov8080@mail.ru', 'Arthurrib', 'Arthurrib', 'Arthurrib', '87556694494', 'Arthurrib', 0, 0, 1544868493, 1544868493, 'Ib1v7E-eIeMDFvVOgX8AvQEpYslr_AiD', 10, NULL, '$2y$13$zXtwbJNag/70EeJdPTSWeufcCFsxO2a3TTOVePWFez54EW0CcyU7W', NULL, NULL, NULL, NULL),
(320, 'firexone@wanadoo.fr', 'RichardKag', 'RichardKag', 'RichardKag', '85489827186', 'RichardKag', 0, 0, 1544939083, 1544939083, 'Nq0chtIWAG6WFihd-DE_6le5hugkQUy_', 10, NULL, '$2y$13$b258uXn3A1bkvhzjbl3fpuyLE6kAaxhVUD7P0phvRMYbFsX5GCdsy', NULL, NULL, NULL, NULL),
(321, 'antonov@mosbankir.ru', 'Алексей', 'Антонов', '1', '89660113840', 'МОСБАНКИР', 0, 1, 1545141625, 1545141751, 'a-fgFCRfnhUz28g6Zt72E6tZoZERxqpA', 10, NULL, '$2y$13$ecNNTdXKQUf4QsIw76o1w.7xRhnR5A/A0qXd3sNrAg3yB64UTqeO.', NULL, NULL, NULL, NULL),
(322, 'grybovsergey88@gmail.com', 'fedyatorres7b', 'fedyatorres7b', 'fedyatorres7b', '81997646658', 'fedyatorres7b', 0, 0, 1545711488, 1545711488, 'uPOFdppGVx8msOKUvo0oytUtoRlVjqQj', 10, NULL, '$2y$13$wLAMSsn/5sAt/YbRsTmrz.kKYULUtMWBKOlMAJBjiDOu7/q33HbiS', NULL, NULL, NULL, NULL),
(323, 'shamrykenkokatya@gmail.com', 'ivanyuraroma4l', 'ivanyuraroma4l', 'ivanyuraroma4l', '83363782364', 'ivanyuraroma4l', 0, 0, 1545733207, 1545733207, 'Ngi-AzgL7bL3QX2MFmN_xSD46Fhfv1SV', 10, NULL, '$2y$13$18wiw56PJpO04RGHywSmZ.aC9.uTMTPN0afhly15mrIlTBoXnJbFe', NULL, NULL, NULL, NULL),
(324, 'putyanhinvasya@gmail.com', 'shperlajn9', 'shperlajn9', 'shperlajn9', '89375862868', 'shperlajn9', 0, 0, 1545744672, 1545744672, 'xypivuozyhJmA5eWVYXImiR6iPXwm7Qn', 10, NULL, '$2y$13$gTXQ.BZJF.bzVXdtu446WOiOMq8nCyHFODQaJFznHSaqWj2yHjbdm', NULL, NULL, NULL, NULL),
(325, 'alisa@artegofinans.ru', 'Алиса', 'Минчакова ', '.', '+79250152720', 'АртегоФинанс', 1, 1, 1547113230, 1547113230, 'zJgsLA-l3MVMs6AWqV9VQGSJENDdk44s', 10, NULL, '$2y$13$FVpQTHefTBAR7P4cZysQQuIZ8g.Bcjud6IrdLJ37w/o3TPnP3EMGu', NULL, NULL, NULL, NULL),
(328, 'misha.rapp@yandex.ru', 'Тест', 'Тестов', 'Тестович', '79203463809', '', 1, 0, 1547971035, 1547971038, 'ZFY8803cccCGPFeSD9I8KXEVWAnbma4R', 10, NULL, '$2y$13$jQhWYhh.eITM3d8f5JFpOuqBKutG8j7H/3xvoqCoMpobMEbbo5o5a', NULL, NULL, NULL, NULL),
(331, 'kakkupit@mail.ru', 'YolandaMic', 'YolandaMic', 'YolandaMic', '84464254831', 'YolandaMic', 0, 0, 1548361496, 1548361496, 'OyvCFKWCEmQPYF_FStL6HEuDX7OfM293', 10, NULL, '$2y$13$nZLCMgKZcIrCTTJe.ikG4eg5KzPG1HoHfNt7i8Z0wa/lDXVco.fim', NULL, NULL, NULL, NULL),
(333, 'info8@mosinvestfinans.ru', 'Андрей', 'Пономарев', 'Владимирович', '+79165138905', '', 1, 1, 1548933902, 1548933902, 'U66JohQkDra4TW7U4wnceqUZVGfOYzSA', 10, NULL, '$2y$13$aEnMncteKzGQ9oYdJbcpNeuhWV1i3zJOdic9wyC3egoy69gVWb5.q', NULL, NULL, NULL, NULL),
(334, 'alex@zalogzalog.ru', 'Дмитрий', 'Александров', 'Владимирович', '79052837354', 'Н.К.С.', 1, 1, 1548943109, 1548943189, 'F36feRgHZv2JAYQDPKCPMlOBw00I8BwR', 10, NULL, '$2y$13$uZ7fDjz5/rhE5L57w8WkJejlnnZ/8tdqgXE2U/N05PCQZkUXkhPcu', NULL, NULL, NULL, NULL),
(335, '64impala@bk.ru', 'Никита', 'Шеремета', 'Николаевич', '+7(793)842-0676', 'n.sheremeta', 1, 1, 1549537584, 1550069005, 'Yn4guvr5FL1Sj6AWPNWwJlCWkiPrBkyl', 10, NULL, '$2y$13$ElqEYWkt25memv8VynrSSeJz9.T8tLtj.ygumY3QlPGczRU5guQjq', NULL, NULL, NULL, NULL),
(337, 'udizha@mail.ru', 'Юлия', 'Дижа', 'Александровна', '+7(910)688-2430', '', 1, 1, 1549976965, 1549976973, 'xMktzCGUl_InGJjnOapATCDXMqJlV77G', 10, NULL, '$2y$13$j0tmSnJsWecR4WBb36X5b.oaDp6vaE.mDe1c1TNrP2mq0Q3imsPBW', NULL, NULL, NULL, NULL),
(338, 'lebanner.ksu@yandex.ru', 'Оксана', 'Акимова', 'Николаевна', '+79162612195', 'Star Body', 1, 1, 1550154238, 1550154284, 'OrB3oQUPmiD1Sqo_GJipU-pfJ0O4xw1B', 10, NULL, '$2y$13$6N2sOW1hXOdefdleA8SemOMOgKePlt0rGLOdTaJSzp6NPD0W0Er5i', NULL, NULL, NULL, NULL);

-- --------------------------------------------------------

--
-- Table structure for table `user_avatar`
--

DROP TABLE IF EXISTS `user_avatar`;
CREATE TABLE `user_avatar` (
  `user_id` int(11) NOT NULL,
  `avatar` varchar(255) DEFAULT NULL
) ENGINE=InnoDB DEFAULT CHARSET=utf8;

--
-- Truncate table before insert `user_avatar`
--

TRUNCATE TABLE `user_avatar`;
--
-- Dumping data for table `user_avatar`
--

INSERT INTO `user_avatar` (`user_id`, `avatar`) VALUES
(1, '/uploads/users/1/FYPDVq4x.jpg'),
(335, '/uploads/users/335/gP53Vkcx.jpg'),
(337, '/uploads/users/337/cba0X3DW.jpg');

-- --------------------------------------------------------

--
-- Table structure for table `user_passport`
--

DROP TABLE IF EXISTS `user_passport`;
CREATE TABLE `user_passport` (
  `id` int(11) NOT NULL,
  `amount_min` int(11) DEFAULT NULL,
  `amount_max` int(11) DEFAULT NULL,
  `area_min` int(11) DEFAULT NULL,
  `area_max` int(11) DEFAULT NULL,
  `rooms_min` int(11) DEFAULT NULL,
  `rooms_max` int(11) DEFAULT NULL
) ENGINE=InnoDB DEFAULT CHARSET=utf8;

--
-- Truncate table before insert `user_passport`
--

TRUNCATE TABLE `user_passport`;
--
-- Dumping data for table `user_passport`
--

INSERT INTO `user_passport` (`id`, `amount_min`, `amount_max`, `area_min`, `area_max`, `rooms_min`, `rooms_max`) VALUES
(17, 5456, 125919282, 15, 2657, 2, 63),
(18, NULL, NULL, NULL, NULL, NULL, NULL),
(19, NULL, NULL, NULL, NULL, NULL, NULL),
(20, NULL, 10000000, NULL, NULL, NULL, NULL),
(21, 10000, 180000000, 10, 4000, 2, 40),
(22, 10000, 180000000, 10, 4000, 2, 40),
(23, NULL, NULL, NULL, NULL, NULL, NULL),
(24, 300000, 500000, NULL, NULL, NULL, NULL),
(25, 300000, 1000000000, NULL, NULL, NULL, NULL),
(26, NULL, NULL, NULL, NULL, NULL, NULL),
(27, NULL, NULL, NULL, NULL, NULL, NULL);

--
-- Indexes for dumped tables
--

--
-- Indexes for table `attribute`
--
ALTER TABLE `attribute`
  ADD PRIMARY KEY (`id`);

--
-- Indexes for table `attribute_checkbox`
--
ALTER TABLE `attribute_checkbox`
  ADD PRIMARY KEY (`id`),
  ADD KEY `fk-attribute_checkbox-object_type` (`type_id`);

--
-- Indexes for table `attribute_radio`
--
ALTER TABLE `attribute_radio`
  ADD PRIMARY KEY (`id`),
  ADD KEY `fk-attribute_radio-object_type` (`type_id`);

--
-- Indexes for table `auth_assignment`
--
ALTER TABLE `auth_assignment`
  ADD PRIMARY KEY (`item_name`,`user_id`),
  ADD KEY `auth_assignment_user_id_idx` (`user_id`);

--
-- Indexes for table `auth_item`
--
ALTER TABLE `auth_item`
  ADD PRIMARY KEY (`name`),
  ADD KEY `rule_name` (`rule_name`),
  ADD KEY `idx-auth_item-type` (`type`);

--
-- Indexes for table `auth_item_child`
--
ALTER TABLE `auth_item_child`
  ADD PRIMARY KEY (`parent`,`child`),
  ADD KEY `child` (`child`);

--
-- Indexes for table `auth_rule`
--
ALTER TABLE `auth_rule`
  ADD PRIMARY KEY (`name`);

--
-- Indexes for table `city`
--
ALTER TABLE `city`
  ADD PRIMARY KEY (`id`),
  ADD UNIQUE KEY `city_unique` (`name`);

--
-- Indexes for table `comment_object`
--
ALTER TABLE `comment_object`
  ADD PRIMARY KEY (`id`),
  ADD KEY `fk-comment_object-object` (`object_id`);

--
-- Indexes for table `confidence`
--
ALTER TABLE `confidence`
  ADD PRIMARY KEY (`id`);

--
-- Indexes for table `confidence_object`
--
ALTER TABLE `confidence_object`
  ADD KEY `idx-confidence_object-object_id` (`object_id`),
  ADD KEY `fk-confidence_object-confidence` (`confidence_id`);

--
-- Indexes for table `form_participation`
--
ALTER TABLE `form_participation`
  ADD PRIMARY KEY (`id`);

--
-- Indexes for table `group_checkbox`
--
ALTER TABLE `group_checkbox`
  ADD PRIMARY KEY (`id`),
  ADD KEY `fk-group_checkbox-attribute_checkbox` (`attribute_id`);

--
-- Indexes for table `group_radio`
--
ALTER TABLE `group_radio`
  ADD PRIMARY KEY (`id`),
  ADD KEY `fk-group_radio-attribute_radio` (`attribute_id`);

--
-- Indexes for table `info_site`
--
ALTER TABLE `info_site`
  ADD PRIMARY KEY (`id`);

--
-- Indexes for table `locality_type`
--
ALTER TABLE `locality_type`
  ADD PRIMARY KEY (`id`);

--
-- Indexes for table `migration`
--
ALTER TABLE `migration`
  ADD PRIMARY KEY (`version`);

--
-- Indexes for table `module_tariff`
--
ALTER TABLE `module_tariff`
  ADD PRIMARY KEY (`id`),
  ADD KEY `fk-module_tariff-module_tariff_discount` (`discount_id`);

--
-- Indexes for table `module_tariff_discount`
--
ALTER TABLE `module_tariff_discount`
  ADD PRIMARY KEY (`id`);

--
-- Indexes for table `notice`
--
ALTER TABLE `notice`
  ADD PRIMARY KEY (`id`);

--
-- Indexes for table `notice_user`
--
ALTER TABLE `notice_user`
  ADD KEY `idx-notice_user-notice_id` (`notice_id`),
  ADD KEY `idx-notice_user-user_id` (`user_id`);

--
-- Indexes for table `object`
--
ALTER TABLE `object`
  ADD PRIMARY KEY (`id`),
  ADD KEY `fk-object-object_type` (`type_id`);

--
-- Indexes for table `object_attribute`
--
ALTER TABLE `object_attribute`
  ADD KEY `idx-object_attribute-object_id` (`object_id`),
  ADD KEY `fk-object_attribute-attribute` (`attribute_id`);

--
-- Indexes for table `object_attribute_checkbox`
--
ALTER TABLE `object_attribute_checkbox`
  ADD KEY `fk-object_attribute_checkbox-attribute_checkbox` (`attribute_id`),
  ADD KEY `fk-object_attribute_checkbox-object` (`object_id`),
  ADD KEY `idx-object_attribute_checkbox-group_id` (`group_id`);

--
-- Indexes for table `object_attribute_radio`
--
ALTER TABLE `object_attribute_radio`
  ADD KEY `fk-object_attribute_radio-attribute_radio` (`attribute_id`),
  ADD KEY `fk-object_attribute_radio-object` (`object_id`),
  ADD KEY `idx-id_book_author-group_id` (`group_id`);

--
-- Indexes for table `object_confidence`
--
ALTER TABLE `object_confidence`
  ADD PRIMARY KEY (`object_id`,`confidence_id`);

--
-- Indexes for table `object_confidence_file`
--
ALTER TABLE `object_confidence_file`
  ADD PRIMARY KEY (`id`);

--
-- Indexes for table `object_file`
--
ALTER TABLE `object_file`
  ADD PRIMARY KEY (`id`),
  ADD KEY `fk-object_file-object` (`object_id`);

--
-- Indexes for table `object_img`
--
ALTER TABLE `object_img`
  ADD PRIMARY KEY (`id`),
  ADD KEY `idx-object_img-object_id` (`object_id`);

--
-- Indexes for table `object_tag`
--
ALTER TABLE `object_tag`
  ADD KEY `idx-object_tag-object_id` (`object_id`),
  ADD KEY `fk-object_tag-tag` (`tag_id`);

--
-- Indexes for table `object_type`
--
ALTER TABLE `object_type`
  ADD PRIMARY KEY (`id`);

--
-- Indexes for table `participation_passport`
--
ALTER TABLE `participation_passport`
  ADD KEY `idx-participation_passport-passport_id` (`passport_id`),
  ADD KEY `fk-participation_passport-form_participation` (`participation_id`);

--
-- Indexes for table `passport_attribute`
--
ALTER TABLE `passport_attribute`
  ADD KEY `idx-passport_attribute-passport_id` (`passport_id`),
  ADD KEY `idx-passport_attribute-attribute_id` (`attribute_id`);

--
-- Indexes for table `passport_attribute_checkbox`
--
ALTER TABLE `passport_attribute_checkbox`
  ADD KEY `idx-passport_attribute_checkbox-group_id` (`group_id`),
  ADD KEY `fk-passport_attribute_checkbox-attribute_checkbox` (`attribute_id`),
  ADD KEY `fk-passport_attribute_checkbox-user_passport` (`passport_id`);

--
-- Indexes for table `passport_attribute_radio`
--
ALTER TABLE `passport_attribute_radio`
  ADD KEY `idx-passport_attribute_radio-group_id` (`group_id`),
  ADD KEY `fk-passport_attribute_radio-attribute_radio` (`attribute_id`),
  ADD KEY `fk-passport_attribute_radio-user_passport` (`passport_id`);

--
-- Indexes for table `payment`
--
ALTER TABLE `payment`
  ADD PRIMARY KEY (`id`),
  ADD KEY `fk-payment-user` (`user_id`),
  ADD KEY `fk-payment-module_tariff` (`tariff_id`);

--
-- Indexes for table `region`
--
ALTER TABLE `region`
  ADD PRIMARY KEY (`id`),
  ADD UNIQUE KEY `region_unique` (`name`);

--
-- Indexes for table `room_object_user`
--
ALTER TABLE `room_object_user`
  ADD KEY `idx-room_object_user-object_id` (`object_id`),
  ADD KEY `fk-room_object_user-user` (`user_id`);

--
-- Indexes for table `tag`
--
ALTER TABLE `tag`
  ADD PRIMARY KEY (`id`);

--
-- Indexes for table `user`
--
ALTER TABLE `user`
  ADD PRIMARY KEY (`id`),
  ADD UNIQUE KEY `email` (`email`),
  ADD UNIQUE KEY `password_reset_token` (`password_reset_token`),
  ADD KEY `fk-user-user_passport` (`user_passport_id`);

--
-- Indexes for table `user_avatar`
--
ALTER TABLE `user_avatar`
  ADD KEY `idx-user_avatar-user_id` (`user_id`);

--
-- Indexes for table `user_passport`
--
ALTER TABLE `user_passport`
  ADD PRIMARY KEY (`id`);

--
-- AUTO_INCREMENT for dumped tables
--

--
-- AUTO_INCREMENT for table `attribute`
--
ALTER TABLE `attribute`
  MODIFY `id` int(11) NOT NULL AUTO_INCREMENT, AUTO_INCREMENT=9;

--
-- AUTO_INCREMENT for table `attribute_checkbox`
--
ALTER TABLE `attribute_checkbox`
  MODIFY `id` int(11) NOT NULL AUTO_INCREMENT, AUTO_INCREMENT=7;

--
-- AUTO_INCREMENT for table `attribute_radio`
--
ALTER TABLE `attribute_radio`
  MODIFY `id` int(11) NOT NULL AUTO_INCREMENT, AUTO_INCREMENT=3;

--
-- AUTO_INCREMENT for table `city`
--
ALTER TABLE `city`
  MODIFY `id` int(11) NOT NULL AUTO_INCREMENT, AUTO_INCREMENT=2443;

--
-- AUTO_INCREMENT for table `comment_object`
--
ALTER TABLE `comment_object`
  MODIFY `id` int(11) NOT NULL AUTO_INCREMENT, AUTO_INCREMENT=62;

--
-- AUTO_INCREMENT for table `confidence`
--
ALTER TABLE `confidence`
  MODIFY `id` int(11) NOT NULL AUTO_INCREMENT, AUTO_INCREMENT=6;

--
-- AUTO_INCREMENT for table `form_participation`
--
ALTER TABLE `form_participation`
  MODIFY `id` int(11) NOT NULL AUTO_INCREMENT, AUTO_INCREMENT=5;

--
-- AUTO_INCREMENT for table `group_checkbox`
--
ALTER TABLE `group_checkbox`
  MODIFY `id` int(11) NOT NULL AUTO_INCREMENT, AUTO_INCREMENT=33;

--
-- AUTO_INCREMENT for table `group_radio`
--
ALTER TABLE `group_radio`
  MODIFY `id` int(11) NOT NULL AUTO_INCREMENT, AUTO_INCREMENT=9;

--
-- AUTO_INCREMENT for table `info_site`
--
ALTER TABLE `info_site`
  MODIFY `id` int(11) NOT NULL AUTO_INCREMENT, AUTO_INCREMENT=2;

--
-- AUTO_INCREMENT for table `locality_type`
--
ALTER TABLE `locality_type`
  MODIFY `id` int(11) NOT NULL AUTO_INCREMENT, AUTO_INCREMENT=6;

--
-- AUTO_INCREMENT for table `module_tariff`
--
ALTER TABLE `module_tariff`
  MODIFY `id` int(11) NOT NULL AUTO_INCREMENT, AUTO_INCREMENT=6;

--
-- AUTO_INCREMENT for table `module_tariff_discount`
--
ALTER TABLE `module_tariff_discount`
  MODIFY `id` int(11) NOT NULL AUTO_INCREMENT, AUTO_INCREMENT=3;

--
-- AUTO_INCREMENT for table `notice`
--
ALTER TABLE `notice`
  MODIFY `id` int(11) NOT NULL AUTO_INCREMENT, AUTO_INCREMENT=4;

--
-- AUTO_INCREMENT for table `object`
--
ALTER TABLE `object`
  MODIFY `id` int(11) NOT NULL AUTO_INCREMENT, AUTO_INCREMENT=137;

--
-- AUTO_INCREMENT for table `object_confidence_file`
--
ALTER TABLE `object_confidence_file`
  MODIFY `id` int(11) NOT NULL AUTO_INCREMENT, AUTO_INCREMENT=15;

--
-- AUTO_INCREMENT for table `object_file`
--
ALTER TABLE `object_file`
  MODIFY `id` int(11) NOT NULL AUTO_INCREMENT, AUTO_INCREMENT=679;

--
-- AUTO_INCREMENT for table `object_img`
--
ALTER TABLE `object_img`
  MODIFY `id` int(11) NOT NULL AUTO_INCREMENT, AUTO_INCREMENT=713;

--
-- AUTO_INCREMENT for table `object_type`
--
ALTER TABLE `object_type`
  MODIFY `id` int(11) NOT NULL AUTO_INCREMENT, AUTO_INCREMENT=5;

--
-- AUTO_INCREMENT for table `payment`
--
ALTER TABLE `payment`
  MODIFY `id` int(11) NOT NULL AUTO_INCREMENT;

--
-- AUTO_INCREMENT for table `region`
--
ALTER TABLE `region`
  MODIFY `id` int(11) NOT NULL AUTO_INCREMENT, AUTO_INCREMENT=80;

--
-- AUTO_INCREMENT for table `tag`
--
ALTER TABLE `tag`
  MODIFY `id` int(11) NOT NULL AUTO_INCREMENT, AUTO_INCREMENT=4;

--
-- AUTO_INCREMENT for table `user`
--
ALTER TABLE `user`
  MODIFY `id` int(11) NOT NULL AUTO_INCREMENT, AUTO_INCREMENT=339;

--
-- AUTO_INCREMENT for table `user_passport`
--
ALTER TABLE `user_passport`
  MODIFY `id` int(11) NOT NULL AUTO_INCREMENT, AUTO_INCREMENT=28;

--
-- Constraints for dumped tables
--

--
-- Constraints for table `attribute_checkbox`
--
ALTER TABLE `attribute_checkbox`
  ADD CONSTRAINT `fk-attribute_checkbox-object_type` FOREIGN KEY (`type_id`) REFERENCES `object_type` (`id`) ON DELETE CASCADE;

--
-- Constraints for table `attribute_radio`
--
ALTER TABLE `attribute_radio`
  ADD CONSTRAINT `fk-attribute_radio-object_type` FOREIGN KEY (`type_id`) REFERENCES `object_type` (`id`) ON DELETE CASCADE;

--
-- Constraints for table `auth_assignment`
--
ALTER TABLE `auth_assignment`
  ADD CONSTRAINT `auth_assignment_ibfk_1` FOREIGN KEY (`item_name`) REFERENCES `auth_item` (`name`) ON DELETE CASCADE ON UPDATE CASCADE;

--
-- Constraints for table `auth_item`
--
ALTER TABLE `auth_item`
  ADD CONSTRAINT `auth_item_ibfk_1` FOREIGN KEY (`rule_name`) REFERENCES `auth_rule` (`name`) ON DELETE SET NULL ON UPDATE CASCADE;

--
-- Constraints for table `auth_item_child`
--
ALTER TABLE `auth_item_child`
  ADD CONSTRAINT `auth_item_child_ibfk_1` FOREIGN KEY (`parent`) REFERENCES `auth_item` (`name`) ON DELETE CASCADE ON UPDATE CASCADE,
  ADD CONSTRAINT `auth_item_child_ibfk_2` FOREIGN KEY (`child`) REFERENCES `auth_item` (`name`) ON DELETE CASCADE ON UPDATE CASCADE;

--
-- Constraints for table `comment_object`
--
ALTER TABLE `comment_object`
  ADD CONSTRAINT `fk-comment_object-object` FOREIGN KEY (`object_id`) REFERENCES `object` (`id`) ON DELETE CASCADE;

--
-- Constraints for table `group_checkbox`
--
ALTER TABLE `group_checkbox`
  ADD CONSTRAINT `fk-group_checkbox-attribute_checkbox` FOREIGN KEY (`attribute_id`) REFERENCES `attribute_checkbox` (`id`) ON DELETE CASCADE;

--
-- Constraints for table `group_radio`
--
ALTER TABLE `group_radio`
  ADD CONSTRAINT `fk-group_radio-attribute_radio` FOREIGN KEY (`attribute_id`) REFERENCES `attribute_radio` (`id`) ON DELETE CASCADE;

--
-- Constraints for table `module_tariff`
--
ALTER TABLE `module_tariff`
  ADD CONSTRAINT `fk-module_tariff-module_tariff_discount` FOREIGN KEY (`discount_id`) REFERENCES `module_tariff_discount` (`id`) ON DELETE CASCADE;

--
-- Constraints for table `notice_user`
--
ALTER TABLE `notice_user`
  ADD CONSTRAINT `fk-notice_user-notice` FOREIGN KEY (`notice_id`) REFERENCES `notice` (`id`) ON DELETE CASCADE,
  ADD CONSTRAINT `fk-notice_user-user` FOREIGN KEY (`user_id`) REFERENCES `user` (`id`) ON DELETE CASCADE;

--
-- Constraints for table `object`
--
ALTER TABLE `object`
  ADD CONSTRAINT `fk-object-object_type` FOREIGN KEY (`type_id`) REFERENCES `object_type` (`id`) ON DELETE CASCADE;

--
-- Constraints for table `object_attribute`
--
ALTER TABLE `object_attribute`
  ADD CONSTRAINT `fk-object_attribute-attribute` FOREIGN KEY (`attribute_id`) REFERENCES `attribute` (`id`) ON DELETE CASCADE,
  ADD CONSTRAINT `fk-object_attribute-object` FOREIGN KEY (`object_id`) REFERENCES `object` (`id`) ON DELETE CASCADE;

--
-- Constraints for table `object_attribute_checkbox`
--
ALTER TABLE `object_attribute_checkbox`
  ADD CONSTRAINT `fk-object_attribute_checkbox-attribute_checkbox` FOREIGN KEY (`attribute_id`) REFERENCES `attribute_checkbox` (`id`) ON DELETE CASCADE,
  ADD CONSTRAINT `fk-object_attribute_checkbox-group_checkbox` FOREIGN KEY (`group_id`) REFERENCES `group_checkbox` (`id`) ON DELETE CASCADE,
  ADD CONSTRAINT `fk-object_attribute_checkbox-object` FOREIGN KEY (`object_id`) REFERENCES `object` (`id`) ON DELETE CASCADE;

--
-- Constraints for table `object_attribute_radio`
--
ALTER TABLE `object_attribute_radio`
  ADD CONSTRAINT `fk-object_attribute_radio-attribute_radio` FOREIGN KEY (`attribute_id`) REFERENCES `attribute_radio` (`id`) ON DELETE CASCADE,
  ADD CONSTRAINT `fk-object_attribute_radio-group_radio` FOREIGN KEY (`group_id`) REFERENCES `group_radio` (`id`) ON DELETE CASCADE,
  ADD CONSTRAINT `fk-object_attribute_radio-object` FOREIGN KEY (`object_id`) REFERENCES `object` (`id`) ON DELETE CASCADE;

--
-- Constraints for table `object_file`
--
ALTER TABLE `object_file`
  ADD CONSTRAINT `fk-object_file-object` FOREIGN KEY (`object_id`) REFERENCES `object` (`id`) ON DELETE CASCADE;

--
-- Constraints for table `object_img`
--
ALTER TABLE `object_img`
  ADD CONSTRAINT `fk-object_img-object` FOREIGN KEY (`object_id`) REFERENCES `object` (`id`) ON DELETE CASCADE;

--
-- Constraints for table `passport_attribute`
--
ALTER TABLE `passport_attribute`
  ADD CONSTRAINT `fk-passport_attribute-attribute` FOREIGN KEY (`attribute_id`) REFERENCES `attribute` (`id`) ON DELETE CASCADE,
  ADD CONSTRAINT `fk-passport_attribute-user_passport` FOREIGN KEY (`passport_id`) REFERENCES `user_passport` (`id`) ON DELETE CASCADE;

--
-- Constraints for table `passport_attribute_checkbox`
--
ALTER TABLE `passport_attribute_checkbox`
  ADD CONSTRAINT `fk-passport_attribute_checkbox-attribute_checkbox` FOREIGN KEY (`attribute_id`) REFERENCES `attribute_checkbox` (`id`) ON DELETE CASCADE,
  ADD CONSTRAINT `fk-passport_attribute_checkbox-group_checkbox` FOREIGN KEY (`group_id`) REFERENCES `group_checkbox` (`id`) ON DELETE CASCADE,
  ADD CONSTRAINT `fk-passport_attribute_checkbox-user_passport` FOREIGN KEY (`passport_id`) REFERENCES `user_passport` (`id`) ON DELETE CASCADE;

--
-- Constraints for table `passport_attribute_radio`
--
ALTER TABLE `passport_attribute_radio`
  ADD CONSTRAINT `fk-passport_attribute_radio-attribute_radio` FOREIGN KEY (`attribute_id`) REFERENCES `attribute_radio` (`id`) ON DELETE CASCADE,
  ADD CONSTRAINT `fk-passport_attribute_radio-group_radio` FOREIGN KEY (`group_id`) REFERENCES `group_radio` (`id`) ON DELETE CASCADE,
  ADD CONSTRAINT `fk-passport_attribute_radio-user_passport` FOREIGN KEY (`passport_id`) REFERENCES `user_passport` (`id`) ON DELETE CASCADE;

--
-- Constraints for table `payment`
--
ALTER TABLE `payment`
  ADD CONSTRAINT `fk-payment-module_tariff` FOREIGN KEY (`tariff_id`) REFERENCES `module_tariff` (`id`) ON DELETE CASCADE,
  ADD CONSTRAINT `fk-payment-user` FOREIGN KEY (`user_id`) REFERENCES `user` (`id`) ON DELETE CASCADE;

--
-- Constraints for table `room_object_user`
--
ALTER TABLE `room_object_user`
  ADD CONSTRAINT `fk-room_object_user-object` FOREIGN KEY (`object_id`) REFERENCES `object` (`id`) ON DELETE CASCADE,
  ADD CONSTRAINT `fk-room_object_user-user` FOREIGN KEY (`user_id`) REFERENCES `user` (`id`) ON DELETE CASCADE;

--
-- Constraints for table `user`
--
ALTER TABLE `user`
  ADD CONSTRAINT `fk-user-user_passport` FOREIGN KEY (`user_passport_id`) REFERENCES `user_passport` (`id`) ON DELETE CASCADE;

--
-- Constraints for table `user_avatar`
--
ALTER TABLE `user_avatar`
  ADD CONSTRAINT `fk-user_avatar-user` FOREIGN KEY (`user_id`) REFERENCES `user` (`id`) ON DELETE CASCADE;
COMMIT;

/*!40101 SET CHARACTER_SET_CLIENT=@OLD_CHARACTER_SET_CLIENT */;
/*!40101 SET CHARACTER_SET_RESULTS=@OLD_CHARACTER_SET_RESULTS */;
/*!40101 SET COLLATION_CONNECTION=@OLD_COLLATION_CONNECTION */;
